
============================================================
YOLOv11 Inference Batch Run
Start time: 2025-11-14 17:12:07
Model: d:\GitHub\Smart-home\web Server\AI engine\yolov11n.pt
Input folder: d:\GitHub\Smart-home\web Server\AI engine\test
Output folder: d:\GitHub\Smart-home\web Server\AI engine\results
Log file: d:\GitHub\Smart-home\web Server\AI engine\log\run_20251114_171207.log
============================================================

Loading YOLOv11 model...
Model loaded successfully. Time: 0.040s

Found 2328 image(s). Starting inference...

[1/2328] 000001.jpg
    -> d:\GitHub\Smart-home\web Server\AI engine\results\result_000001.jpg
    Inference: 0.164s | FPS: 6.1 | Status: Success
[2/2328] 000002.jpg
    -> d:\GitHub\Smart-home\web Server\AI engine\results\result_000002.jpg
    Inference: 0.079s | FPS: 12.7 | Status: Success
[3/2328] 000003.jpg
    -> d:\GitHub\Smart-home\web Server\AI engine\results\result_000003.jpg
    Inference: 0.073s | FPS: 13.6 | Status: Success
[4/2328] 000004.jpg
    -> d:\GitHub\Smart-home\web Server\AI engine\results\result_000004.jpg
    Inference: 0.072s | FPS: 14.0 | Status: Success
[5/2328] 000005.jpg
    -> d:\GitHub\Smart-home\web Server\AI engine\results\result_000005.jpg
    Inference: 0.074s | FPS: 13.4 | Status: Success
[6/2328] 000006.jpg
    -> d:\GitHub\Smart-home\web Server\AI engine\results\result_000006.jpg
    Inference: 0.074s | FPS: 13.4 | Status: Success
[7/2328] 000007.jpg
    -> d:\GitHub\Smart-home\web Server\AI engine\results\result_000007.jpg
    Inference: 0.074s | FPS: 13.5 | Status: Success
[8/2328] 000008.jpg
    -> d:\GitHub\Smart-home\web Server\AI engine\results\result_000008.jpg
    Inference: 0.073s | FPS: 13.7 | Status: Success
[9/2328] 000009.jpg
    -> d:\GitHub\Smart-home\web Server\AI engine\results\result_000009.jpg
    Inference: 0.075s | FPS: 13.3 | Status: Success
[10/2328] 000010.jpg
    -> d:\GitHub\Smart-home\web Server\AI engine\results\result_000010.jpg
    Inference: 0.073s | FPS: 13.8 | Status: Success
[11/2328] 000011.jpg
    -> d:\GitHub\Smart-home\web Server\AI engine\results\result_000011.jpg
    Inference: 0.077s | FPS: 13.0 | Status: Success
[12/2328] 000012.jpg
    -> d:\GitHub\Smart-home\web Server\AI engine\results\result_000012.jpg
    Inference: 0.074s | FPS: 13.5 | Status: Success
[13/2328] 000013.jpg
    -> d:\GitHub\Smart-home\web Server\AI engine\results\result_000013.jpg
    Inference: 0.080s | FPS: 12.5 | Status: Success
[14/2328] 000014.jpg
    -> d:\GitHub\Smart-home\web Server\AI engine\results\result_000014.jpg
    Inference: 0.080s | FPS: 12.5 | Status: Success
[15/2328] 000015.jpg
    -> d:\GitHub\Smart-home\web Server\AI engine\results\result_000015.jpg
    Inference: 0.079s | FPS: 12.7 | Status: Success
[16/2328] 000016.jpg
    -> d:\GitHub\Smart-home\web Server\AI engine\results\result_000016.jpg
    Inference: 0.074s | FPS: 13.5 | Status: Success
[17/2328] 000017.jpg
    -> d:\GitHub\Smart-home\web Server\AI engine\results\result_000017.jpg
    Inference: 0.069s | FPS: 14.5 | Status: Success
[18/2328] 000018.jpg
    -> d:\GitHub\Smart-home\web Server\AI engine\results\result_000018.jpg
    Inference: 0.072s | FPS: 13.9 | Status: Success
[19/2328] 000019.jpg
    -> d:\GitHub\Smart-home\web Server\AI engine\results\result_000019.jpg
    Inference: 0.070s | FPS: 14.3 | Status: Success
[20/2328] 000020.jpg
    -> d:\GitHub\Smart-home\web Server\AI engine\results\result_000020.jpg
    Inference: 0.071s | FPS: 14.1 | Status: Success
[21/2328] 000021.jpg
    -> d:\GitHub\Smart-home\web Server\AI engine\results\result_000021.jpg
    Inference: 0.069s | FPS: 14.5 | Status: Success
[22/2328] 000022.jpg
    -> d:\GitHub\Smart-home\web Server\AI engine\results\result_000022.jpg
    Inference: 0.075s | FPS: 13.4 | Status: Success
[23/2328] 000023.jpg
    -> d:\GitHub\Smart-home\web Server\AI engine\results\result_000023.jpg
    Inference: 0.072s | FPS: 14.0 | Status: Success
[24/2328] 000024.jpg
    -> d:\GitHub\Smart-home\web Server\AI engine\results\result_000024.jpg
    Inference: 0.087s | FPS: 11.5 | Status: Success
[25/2328] 000025.jpg
    -> d:\GitHub\Smart-home\web Server\AI engine\results\result_000025.jpg
    Inference: 0.071s | FPS: 14.0 | Status: Success
[26/2328] 000026.jpg
    -> d:\GitHub\Smart-home\web Server\AI engine\results\result_000026.jpg
    Inference: 0.074s | FPS: 13.6 | Status: Success
[27/2328] 000027.jpg
    -> d:\GitHub\Smart-home\web Server\AI engine\results\result_000027.jpg
    Inference: 0.076s | FPS: 13.2 | Status: Success
[28/2328] 000028.jpg
    -> d:\GitHub\Smart-home\web Server\AI engine\results\result_000028.jpg
    Inference: 0.081s | FPS: 12.3 | Status: Success
[29/2328] 000029.jpg
    -> d:\GitHub\Smart-home\web Server\AI engine\results\result_000029.jpg
    Inference: 0.077s | FPS: 13.0 | Status: Success
[30/2328] 000030.jpg
    -> d:\GitHub\Smart-home\web Server\AI engine\results\result_000030.jpg
    Inference: 0.076s | FPS: 13.2 | Status: Success
[31/2328] 000031.jpg
    -> d:\GitHub\Smart-home\web Server\AI engine\results\result_000031.jpg
    Inference: 0.075s | FPS: 13.4 | Status: Success
[32/2328] 000032.jpg
    -> d:\GitHub\Smart-home\web Server\AI engine\results\result_000032.jpg
    Inference: 0.079s | FPS: 12.7 | Status: Success
[33/2328] 000033.jpg
    -> d:\GitHub\Smart-home\web Server\AI engine\results\result_000033.jpg
    Inference: 0.079s | FPS: 12.7 | Status: Success
[34/2328] 000034.jpg
    -> d:\GitHub\Smart-home\web Server\AI engine\results\result_000034.jpg
    Inference: 0.078s | FPS: 12.9 | Status: Success
[35/2328] 000035.jpg
    -> d:\GitHub\Smart-home\web Server\AI engine\results\result_000035.jpg
    Inference: 0.076s | FPS: 13.2 | Status: Success
[36/2328] 000036.jpg
    -> d:\GitHub\Smart-home\web Server\AI engine\results\result_000036.jpg
    Inference: 0.078s | FPS: 12.8 | Status: Success
[37/2328] 000037.jpg
    -> d:\GitHub\Smart-home\web Server\AI engine\results\result_000037.jpg
    Inference: 0.072s | FPS: 13.8 | Status: Success
[38/2328] 000038.jpg
    -> d:\GitHub\Smart-home\web Server\AI engine\results\result_000038.jpg
    Inference: 0.074s | FPS: 13.5 | Status: Success
[39/2328] 000039.jpg
    -> d:\GitHub\Smart-home\web Server\AI engine\results\result_000039.jpg
    Inference: 0.072s | FPS: 14.0 | Status: Success
[40/2328] 000040.jpg
    -> d:\GitHub\Smart-home\web Server\AI engine\results\result_000040.jpg
    Inference: 0.083s | FPS: 12.1 | Status: Success
[41/2328] 000041.jpg
    -> d:\GitHub\Smart-home\web Server\AI engine\results\result_000041.jpg
    Inference: 0.077s | FPS: 12.9 | Status: Success
[42/2328] 000042.jpg
    -> d:\GitHub\Smart-home\web Server\AI engine\results\result_000042.jpg
    Inference: 0.074s | FPS: 13.5 | Status: Success
[43/2328] 000043.jpg
    -> d:\GitHub\Smart-home\web Server\AI engine\results\result_000043.jpg
    Inference: 0.077s | FPS: 13.1 | Status: Success
[44/2328] 000044.jpg
    -> d:\GitHub\Smart-home\web Server\AI engine\results\result_000044.jpg
    Inference: 0.075s | FPS: 13.3 | Status: Success
[45/2328] 000045.jpg
    -> d:\GitHub\Smart-home\web Server\AI engine\results\result_000045.jpg
    Inference: 0.075s | FPS: 13.3 | Status: Success
[46/2328] 000047.jpg
    -> d:\GitHub\Smart-home\web Server\AI engine\results\result_000047.jpg
    Inference: 0.086s | FPS: 11.7 | Status: Success
[47/2328] 000048.jpg
    -> d:\GitHub\Smart-home\web Server\AI engine\results\result_000048.jpg
    Inference: 0.080s | FPS: 12.5 | Status: Success
[48/2328] 000049.jpg
    -> d:\GitHub\Smart-home\web Server\AI engine\results\result_000049.jpg
    Inference: 0.077s | FPS: 13.0 | Status: Success
[49/2328] 000050.jpg
    -> d:\GitHub\Smart-home\web Server\AI engine\results\result_000050.jpg
    Inference: 0.072s | FPS: 13.8 | Status: Success
[50/2328] 000051.jpg
    -> d:\GitHub\Smart-home\web Server\AI engine\results\result_000051.jpg
    Inference: 0.075s | FPS: 13.4 | Status: Success
[51/2328] 000052.jpg
    -> d:\GitHub\Smart-home\web Server\AI engine\results\result_000052.jpg
    Inference: 0.074s | FPS: 13.5 | Status: Success
[52/2328] 000053.jpg
    -> d:\GitHub\Smart-home\web Server\AI engine\results\result_000053.jpg
    Inference: 0.076s | FPS: 13.1 | Status: Success
[53/2328] 000054.jpg
    -> d:\GitHub\Smart-home\web Server\AI engine\results\result_000054.jpg
    Inference: 0.071s | FPS: 14.1 | Status: Success
[54/2328] 000055.jpg
    -> d:\GitHub\Smart-home\web Server\AI engine\results\result_000055.jpg
    Inference: 0.076s | FPS: 13.2 | Status: Success
[55/2328] 000056.jpg
    -> d:\GitHub\Smart-home\web Server\AI engine\results\result_000056.jpg
    Inference: 0.077s | FPS: 13.0 | Status: Success
[56/2328] 000057.jpg
    -> d:\GitHub\Smart-home\web Server\AI engine\results\result_000057.jpg
    Inference: 0.084s | FPS: 11.9 | Status: Success
[57/2328] 000058.jpg
    -> d:\GitHub\Smart-home\web Server\AI engine\results\result_000058.jpg
    Inference: 0.074s | FPS: 13.5 | Status: Success
[58/2328] 000059.jpg
    -> d:\GitHub\Smart-home\web Server\AI engine\results\result_000059.jpg
    Inference: 0.073s | FPS: 13.6 | Status: Success
[59/2328] 000060.jpg
    -> d:\GitHub\Smart-home\web Server\AI engine\results\result_000060.jpg
    Inference: 0.075s | FPS: 13.3 | Status: Success
[60/2328] 000061.jpg
    -> d:\GitHub\Smart-home\web Server\AI engine\results\result_000061.jpg
    Inference: 0.074s | FPS: 13.5 | Status: Success
[61/2328] 000062.jpg
    -> d:\GitHub\Smart-home\web Server\AI engine\results\result_000062.jpg
    Inference: 0.077s | FPS: 13.0 | Status: Success
[62/2328] 000063.jpg
    -> d:\GitHub\Smart-home\web Server\AI engine\results\result_000063.jpg
    Inference: 0.070s | FPS: 14.2 | Status: Success
[63/2328] 000064.jpg
    -> d:\GitHub\Smart-home\web Server\AI engine\results\result_000064.jpg
    Inference: 0.076s | FPS: 13.1 | Status: Success
[64/2328] 000065.jpg
    -> d:\GitHub\Smart-home\web Server\AI engine\results\result_000065.jpg
    Inference: 0.075s | FPS: 13.3 | Status: Success
[65/2328] 000066.jpg
    -> d:\GitHub\Smart-home\web Server\AI engine\results\result_000066.jpg
    Inference: 0.075s | FPS: 13.3 | Status: Success
[66/2328] 000067.jpg
    -> d:\GitHub\Smart-home\web Server\AI engine\results\result_000067.jpg
    Inference: 0.079s | FPS: 12.6 | Status: Success
[67/2328] 000068.jpg
    -> d:\GitHub\Smart-home\web Server\AI engine\results\result_000068.jpg
    Inference: 0.077s | FPS: 13.0 | Status: Success
[68/2328] 000069.jpg
    -> d:\GitHub\Smart-home\web Server\AI engine\results\result_000069.jpg
    Inference: 0.070s | FPS: 14.3 | Status: Success
[69/2328] 000070.jpg
    -> d:\GitHub\Smart-home\web Server\AI engine\results\result_000070.jpg
    Inference: 0.078s | FPS: 12.9 | Status: Success
[70/2328] 000071.jpg
    -> d:\GitHub\Smart-home\web Server\AI engine\results\result_000071.jpg
    Inference: 0.073s | FPS: 13.8 | Status: Success
[71/2328] 000072.jpg
    -> d:\GitHub\Smart-home\web Server\AI engine\results\result_000072.jpg
    Inference: 0.102s | FPS: 9.8 | Status: Success
[72/2328] 000073.jpg
    -> d:\GitHub\Smart-home\web Server\AI engine\results\result_000073.jpg
    Inference: 0.072s | FPS: 13.8 | Status: Success
[73/2328] 000074.jpg
    -> d:\GitHub\Smart-home\web Server\AI engine\results\result_000074.jpg
    Inference: 0.074s | FPS: 13.4 | Status: Success
[74/2328] 000075.jpg
    -> d:\GitHub\Smart-home\web Server\AI engine\results\result_000075.jpg
    Inference: 0.071s | FPS: 14.0 | Status: Success
[75/2328] 000076.jpg
    -> d:\GitHub\Smart-home\web Server\AI engine\results\result_000076.jpg
    Inference: 0.071s | FPS: 14.0 | Status: Success
[76/2328] 000077.jpg
    -> d:\GitHub\Smart-home\web Server\AI engine\results\result_000077.jpg
    Inference: 0.082s | FPS: 12.2 | Status: Success
[77/2328] 000078.jpg
    -> d:\GitHub\Smart-home\web Server\AI engine\results\result_000078.jpg
    Inference: 0.072s | FPS: 13.8 | Status: Success
[78/2328] 000079.jpg
    -> d:\GitHub\Smart-home\web Server\AI engine\results\result_000079.jpg
    Inference: 0.073s | FPS: 13.8 | Status: Success
[79/2328] 000080.jpg
    -> d:\GitHub\Smart-home\web Server\AI engine\results\result_000080.jpg
    Inference: 0.100s | FPS: 10.0 | Status: Success
[80/2328] 000081.jpg
    -> d:\GitHub\Smart-home\web Server\AI engine\results\result_000081.jpg
    Inference: 0.073s | FPS: 13.7 | Status: Success
[81/2328] 000082.jpg
    -> d:\GitHub\Smart-home\web Server\AI engine\results\result_000082.jpg
    Inference: 0.072s | FPS: 13.9 | Status: Success
[82/2328] 000083.jpg
    -> d:\GitHub\Smart-home\web Server\AI engine\results\result_000083.jpg
    Inference: 0.072s | FPS: 13.8 | Status: Success
[83/2328] 000084.jpg
    -> d:\GitHub\Smart-home\web Server\AI engine\results\result_000084.jpg
    Inference: 0.075s | FPS: 13.2 | Status: Success
[84/2328] 000085.jpg
    -> d:\GitHub\Smart-home\web Server\AI engine\results\result_000085.jpg
    Inference: 0.073s | FPS: 13.8 | Status: Success
[85/2328] 000086.jpg
    -> d:\GitHub\Smart-home\web Server\AI engine\results\result_000086.jpg
    Inference: 0.073s | FPS: 13.7 | Status: Success
[86/2328] 000087.jpg
    -> d:\GitHub\Smart-home\web Server\AI engine\results\result_000087.jpg
    Inference: 0.073s | FPS: 13.7 | Status: Success
[87/2328] 000088.jpg
    -> d:\GitHub\Smart-home\web Server\AI engine\results\result_000088.jpg
    Inference: 0.078s | FPS: 12.8 | Status: Success
[88/2328] 000089.jpg
    -> d:\GitHub\Smart-home\web Server\AI engine\results\result_000089.jpg
    Inference: 0.075s | FPS: 13.3 | Status: Success
[89/2328] 000090.jpg
    -> d:\GitHub\Smart-home\web Server\AI engine\results\result_000090.jpg
    Inference: 0.076s | FPS: 13.1 | Status: Success
[90/2328] 000091.jpg
    -> d:\GitHub\Smart-home\web Server\AI engine\results\result_000091.jpg
    Inference: 0.073s | FPS: 13.6 | Status: Success
[91/2328] 000092.jpg
    -> d:\GitHub\Smart-home\web Server\AI engine\results\result_000092.jpg
    Inference: 0.077s | FPS: 13.0 | Status: Success
[92/2328] 000093.jpg
    -> d:\GitHub\Smart-home\web Server\AI engine\results\result_000093.jpg
    Inference: 0.074s | FPS: 13.5 | Status: Success
[93/2328] 000095.jpg
    -> d:\GitHub\Smart-home\web Server\AI engine\results\result_000095.jpg
    Inference: 0.081s | FPS: 12.3 | Status: Success
[94/2328] 000096.jpg
    -> d:\GitHub\Smart-home\web Server\AI engine\results\result_000096.jpg
    Inference: 0.079s | FPS: 12.7 | Status: Success
[95/2328] 000097.jpg
    -> d:\GitHub\Smart-home\web Server\AI engine\results\result_000097.jpg
    Inference: 0.073s | FPS: 13.6 | Status: Success
[96/2328] 000098.jpg
    -> d:\GitHub\Smart-home\web Server\AI engine\results\result_000098.jpg
    Inference: 0.072s | FPS: 13.8 | Status: Success
[97/2328] 000099.jpg
    -> d:\GitHub\Smart-home\web Server\AI engine\results\result_000099.jpg
    Inference: 0.072s | FPS: 13.9 | Status: Success
[98/2328] 000100.jpg
    -> d:\GitHub\Smart-home\web Server\AI engine\results\result_000100.jpg
    Inference: 0.076s | FPS: 13.1 | Status: Success
[99/2328] 000101.jpg
    -> d:\GitHub\Smart-home\web Server\AI engine\results\result_000101.jpg
    Inference: 0.070s | FPS: 14.3 | Status: Success
[100/2328] 000102.jpg
    -> d:\GitHub\Smart-home\web Server\AI engine\results\result_000102.jpg
    Inference: 0.074s | FPS: 13.5 | Status: Success
[101/2328] 000103.jpg
    -> d:\GitHub\Smart-home\web Server\AI engine\results\result_000103.jpg
    Inference: 0.085s | FPS: 11.8 | Status: Success
[102/2328] 000104.jpg
    -> d:\GitHub\Smart-home\web Server\AI engine\results\result_000104.jpg
    Inference: 0.077s | FPS: 12.9 | Status: Success
[103/2328] 000105.jpg
    -> d:\GitHub\Smart-home\web Server\AI engine\results\result_000105.jpg
    Inference: 0.072s | FPS: 13.8 | Status: Success
[104/2328] 000106.jpg
    -> d:\GitHub\Smart-home\web Server\AI engine\results\result_000106.jpg
    Inference: 0.074s | FPS: 13.4 | Status: Success
[105/2328] 000107.jpg
    -> d:\GitHub\Smart-home\web Server\AI engine\results\result_000107.jpg
    Inference: 0.074s | FPS: 13.4 | Status: Success
[106/2328] 000108.jpg
    -> d:\GitHub\Smart-home\web Server\AI engine\results\result_000108.jpg
    Inference: 0.073s | FPS: 13.8 | Status: Success
[107/2328] 000109.jpg
    -> d:\GitHub\Smart-home\web Server\AI engine\results\result_000109.jpg
    Inference: 0.076s | FPS: 13.2 | Status: Success
[108/2328] 000110.jpg
    -> d:\GitHub\Smart-home\web Server\AI engine\results\result_000110.jpg
    Inference: 0.075s | FPS: 13.4 | Status: Success
[109/2328] 000111.jpg
    -> d:\GitHub\Smart-home\web Server\AI engine\results\result_000111.jpg
    Inference: 0.090s | FPS: 11.2 | Status: Success
[110/2328] 000112.jpg
    -> d:\GitHub\Smart-home\web Server\AI engine\results\result_000112.jpg
    Inference: 0.079s | FPS: 12.7 | Status: Success
[111/2328] 000113.jpg
    -> d:\GitHub\Smart-home\web Server\AI engine\results\result_000113.jpg
    Inference: 0.074s | FPS: 13.6 | Status: Success
[112/2328] 000114.jpg
    -> d:\GitHub\Smart-home\web Server\AI engine\results\result_000114.jpg
    Inference: 0.079s | FPS: 12.6 | Status: Success
[113/2328] 000115.jpg
    -> d:\GitHub\Smart-home\web Server\AI engine\results\result_000115.jpg
    Inference: 0.073s | FPS: 13.6 | Status: Success
[114/2328] 000116.jpg
    -> d:\GitHub\Smart-home\web Server\AI engine\results\result_000116.jpg
    Inference: 0.077s | FPS: 12.9 | Status: Success
[115/2328] 000117.jpg
    -> d:\GitHub\Smart-home\web Server\AI engine\results\result_000117.jpg
    Inference: 0.091s | FPS: 11.0 | Status: Success
[116/2328] 000118.jpg
    -> d:\GitHub\Smart-home\web Server\AI engine\results\result_000118.jpg
    Inference: 0.089s | FPS: 11.2 | Status: Success
[117/2328] 000119.jpg
    -> d:\GitHub\Smart-home\web Server\AI engine\results\result_000119.jpg
    Inference: 0.081s | FPS: 12.4 | Status: Success
[118/2328] 000120.jpg
    -> d:\GitHub\Smart-home\web Server\AI engine\results\result_000120.jpg
    Inference: 0.073s | FPS: 13.6 | Status: Success
[119/2328] 000121.jpg
    -> d:\GitHub\Smart-home\web Server\AI engine\results\result_000121.jpg
    Inference: 0.084s | FPS: 11.9 | Status: Success
[120/2328] 000122.jpg
    -> d:\GitHub\Smart-home\web Server\AI engine\results\result_000122.jpg
    Inference: 0.069s | FPS: 14.5 | Status: Success
[121/2328] 000123.jpg
    -> d:\GitHub\Smart-home\web Server\AI engine\results\result_000123.jpg
    Inference: 0.088s | FPS: 11.3 | Status: Success
[122/2328] 000124.jpg
    -> d:\GitHub\Smart-home\web Server\AI engine\results\result_000124.jpg
    Inference: 0.082s | FPS: 12.1 | Status: Success
[123/2328] 000125.jpg
    -> d:\GitHub\Smart-home\web Server\AI engine\results\result_000125.jpg
    Inference: 0.075s | FPS: 13.4 | Status: Success
[124/2328] 000126.jpg
    -> d:\GitHub\Smart-home\web Server\AI engine\results\result_000126.jpg
    Inference: 0.079s | FPS: 12.7 | Status: Success
[125/2328] 000127.jpg
    -> d:\GitHub\Smart-home\web Server\AI engine\results\result_000127.jpg
    Inference: 0.063s | FPS: 15.8 | Status: Success
[126/2328] 000128.jpg
    -> d:\GitHub\Smart-home\web Server\AI engine\results\result_000128.jpg
    Inference: 0.062s | FPS: 16.1 | Status: Success
[127/2328] 000130.jpg
    -> d:\GitHub\Smart-home\web Server\AI engine\results\result_000130.jpg
    Inference: 0.069s | FPS: 14.4 | Status: Success
[128/2328] 000132.jpg
    -> d:\GitHub\Smart-home\web Server\AI engine\results\result_000132.jpg
    Inference: 0.069s | FPS: 14.5 | Status: Success
[129/2328] 000133.jpg
    -> d:\GitHub\Smart-home\web Server\AI engine\results\result_000133.jpg
    Inference: 0.066s | FPS: 15.0 | Status: Success
[130/2328] 000134.jpg
    -> d:\GitHub\Smart-home\web Server\AI engine\results\result_000134.jpg
    Inference: 0.068s | FPS: 14.7 | Status: Success
[131/2328] 000135.jpg
    -> d:\GitHub\Smart-home\web Server\AI engine\results\result_000135.jpg
    Inference: 0.070s | FPS: 14.3 | Status: Success
[132/2328] 000143.jpg
    -> d:\GitHub\Smart-home\web Server\AI engine\results\result_000143.jpg
    Inference: 0.069s | FPS: 14.5 | Status: Success
[133/2328] 000145.jpg
    -> d:\GitHub\Smart-home\web Server\AI engine\results\result_000145.jpg
    Inference: 0.071s | FPS: 14.1 | Status: Success
[134/2328] 000147.jpg
    -> d:\GitHub\Smart-home\web Server\AI engine\results\result_000147.jpg
    Inference: 0.070s | FPS: 14.3 | Status: Success
[135/2328] 000148.jpg
    -> d:\GitHub\Smart-home\web Server\AI engine\results\result_000148.jpg
    Inference: 0.074s | FPS: 13.5 | Status: Success
[136/2328] 000149.jpg
    -> d:\GitHub\Smart-home\web Server\AI engine\results\result_000149.jpg
    Inference: 0.073s | FPS: 13.8 | Status: Success
[137/2328] 000150.jpg
    -> d:\GitHub\Smart-home\web Server\AI engine\results\result_000150.jpg
    Inference: 0.072s | FPS: 13.9 | Status: Success
[138/2328] 000151.jpg
    -> d:\GitHub\Smart-home\web Server\AI engine\results\result_000151.jpg
    Inference: 0.065s | FPS: 15.3 | Status: Success
[139/2328] 000152.jpg
    -> d:\GitHub\Smart-home\web Server\AI engine\results\result_000152.jpg
    Inference: 0.072s | FPS: 13.8 | Status: Success
[140/2328] 000153.jpg
    -> d:\GitHub\Smart-home\web Server\AI engine\results\result_000153.jpg
    Inference: 0.078s | FPS: 12.8 | Status: Success
[141/2328] 000154.jpg
    -> d:\GitHub\Smart-home\web Server\AI engine\results\result_000154.jpg
    Inference: 0.075s | FPS: 13.3 | Status: Success
[142/2328] 000155.jpg
    -> d:\GitHub\Smart-home\web Server\AI engine\results\result_000155.jpg
    Inference: 0.072s | FPS: 13.9 | Status: Success
[143/2328] 000156.jpg
    -> d:\GitHub\Smart-home\web Server\AI engine\results\result_000156.jpg
    Inference: 0.070s | FPS: 14.3 | Status: Success
[144/2328] 000159.jpg
    -> d:\GitHub\Smart-home\web Server\AI engine\results\result_000159.jpg
    Inference: 0.069s | FPS: 14.4 | Status: Success
[145/2328] 000160.jpg
    -> d:\GitHub\Smart-home\web Server\AI engine\results\result_000160.jpg
    Inference: 0.069s | FPS: 14.5 | Status: Success
[146/2328] 000161.jpg
    -> d:\GitHub\Smart-home\web Server\AI engine\results\result_000161.jpg
    Inference: 0.063s | FPS: 16.0 | Status: Success
[147/2328] 000162.jpg
    -> d:\GitHub\Smart-home\web Server\AI engine\results\result_000162.jpg
    Inference: 0.070s | FPS: 14.4 | Status: Success
[148/2328] 000163.jpg
    -> d:\GitHub\Smart-home\web Server\AI engine\results\result_000163.jpg
    Inference: 0.073s | FPS: 13.7 | Status: Success
[149/2328] 000164.jpg
    -> d:\GitHub\Smart-home\web Server\AI engine\results\result_000164.jpg
    Inference: 0.073s | FPS: 13.8 | Status: Success
[150/2328] 000165.jpg
    -> d:\GitHub\Smart-home\web Server\AI engine\results\result_000165.jpg
    Inference: 0.074s | FPS: 13.4 | Status: Success
[151/2328] 000166.jpg
    -> d:\GitHub\Smart-home\web Server\AI engine\results\result_000166.jpg
    Inference: 0.086s | FPS: 11.6 | Status: Success
[152/2328] 000168.jpg
    -> d:\GitHub\Smart-home\web Server\AI engine\results\result_000168.jpg
    Inference: 0.072s | FPS: 13.9 | Status: Success
[153/2328] 000169.jpg
    -> d:\GitHub\Smart-home\web Server\AI engine\results\result_000169.jpg
    Inference: 0.071s | FPS: 14.1 | Status: Success
[154/2328] 000171.jpg
    -> d:\GitHub\Smart-home\web Server\AI engine\results\result_000171.jpg
    Inference: 0.073s | FPS: 13.8 | Status: Success
[155/2328] 000172.jpg
    -> d:\GitHub\Smart-home\web Server\AI engine\results\result_000172.jpg
    Inference: 0.080s | FPS: 12.5 | Status: Success
[156/2328] 000173.jpg
    -> d:\GitHub\Smart-home\web Server\AI engine\results\result_000173.jpg
    Inference: 0.071s | FPS: 14.0 | Status: Success
[157/2328] 000176.jpg
    -> d:\GitHub\Smart-home\web Server\AI engine\results\result_000176.jpg
    Inference: 0.070s | FPS: 14.4 | Status: Success
[158/2328] 000177.jpg
    -> d:\GitHub\Smart-home\web Server\AI engine\results\result_000177.jpg
    Inference: 0.072s | FPS: 13.8 | Status: Success
[159/2328] 000178.jpg
    -> d:\GitHub\Smart-home\web Server\AI engine\results\result_000178.jpg
    Inference: 0.072s | FPS: 13.8 | Status: Success
[160/2328] 000180.jpg
    -> d:\GitHub\Smart-home\web Server\AI engine\results\result_000180.jpg
    Inference: 0.075s | FPS: 13.4 | Status: Success
[161/2328] 000181.jpg
    -> d:\GitHub\Smart-home\web Server\AI engine\results\result_000181.jpg
    Inference: 0.070s | FPS: 14.3 | Status: Success
[162/2328] 000182.jpg
    -> d:\GitHub\Smart-home\web Server\AI engine\results\result_000182.jpg
    Inference: 0.065s | FPS: 15.3 | Status: Success
[163/2328] 000183.jpg
    -> d:\GitHub\Smart-home\web Server\AI engine\results\result_000183.jpg
    Inference: 0.068s | FPS: 14.8 | Status: Success
[164/2328] 000184.jpg
    -> d:\GitHub\Smart-home\web Server\AI engine\results\result_000184.jpg
    Inference: 0.071s | FPS: 14.0 | Status: Success
[165/2328] 000185.jpg
    -> d:\GitHub\Smart-home\web Server\AI engine\results\result_000185.jpg
    Inference: 0.071s | FPS: 14.2 | Status: Success
[166/2328] 000186.jpg
    -> d:\GitHub\Smart-home\web Server\AI engine\results\result_000186.jpg
    Inference: 0.072s | FPS: 13.9 | Status: Success
[167/2328] 000187.jpg
    -> d:\GitHub\Smart-home\web Server\AI engine\results\result_000187.jpg
    Inference: 0.069s | FPS: 14.5 | Status: Success
[168/2328] 000188.jpg
    -> d:\GitHub\Smart-home\web Server\AI engine\results\result_000188.jpg
    Inference: 0.067s | FPS: 14.9 | Status: Success
[169/2328] 000189.jpg
    -> d:\GitHub\Smart-home\web Server\AI engine\results\result_000189.jpg
    Inference: 0.073s | FPS: 13.8 | Status: Success
[170/2328] 000190.jpg
    -> d:\GitHub\Smart-home\web Server\AI engine\results\result_000190.jpg
    Inference: 0.066s | FPS: 15.1 | Status: Success
[171/2328] 000191.jpg
    -> d:\GitHub\Smart-home\web Server\AI engine\results\result_000191.jpg
    Inference: 0.065s | FPS: 15.4 | Status: Success
[172/2328] 000192.jpg
    -> d:\GitHub\Smart-home\web Server\AI engine\results\result_000192.jpg
    Inference: 0.064s | FPS: 15.5 | Status: Success
[173/2328] 000193.jpg
    -> d:\GitHub\Smart-home\web Server\AI engine\results\result_000193.jpg
    Inference: 0.066s | FPS: 15.1 | Status: Success
[174/2328] 000194.jpg
    -> d:\GitHub\Smart-home\web Server\AI engine\results\result_000194.jpg
    Inference: 0.067s | FPS: 14.9 | Status: Success
[175/2328] 000195.jpg
    -> d:\GitHub\Smart-home\web Server\AI engine\results\result_000195.jpg
    Inference: 0.071s | FPS: 14.1 | Status: Success
[176/2328] 000196.jpg
    -> d:\GitHub\Smart-home\web Server\AI engine\results\result_000196.jpg
    Inference: 0.072s | FPS: 13.8 | Status: Success
[177/2328] 000197.jpg
    -> d:\GitHub\Smart-home\web Server\AI engine\results\result_000197.jpg
    Inference: 0.070s | FPS: 14.3 | Status: Success
[178/2328] 000198.jpg
    -> d:\GitHub\Smart-home\web Server\AI engine\results\result_000198.jpg
    Inference: 0.070s | FPS: 14.3 | Status: Success
[179/2328] 000199.jpg
    -> d:\GitHub\Smart-home\web Server\AI engine\results\result_000199.jpg
    Inference: 0.069s | FPS: 14.4 | Status: Success
[180/2328] 000200.jpg
    -> d:\GitHub\Smart-home\web Server\AI engine\results\result_000200.jpg
    Inference: 0.068s | FPS: 14.7 | Status: Success
[181/2328] 000201.jpg
    -> d:\GitHub\Smart-home\web Server\AI engine\results\result_000201.jpg
    Inference: 0.074s | FPS: 13.6 | Status: Success
[182/2328] 000202.jpg
    -> d:\GitHub\Smart-home\web Server\AI engine\results\result_000202.jpg
    Inference: 0.068s | FPS: 14.7 | Status: Success
[183/2328] 000203.jpg
    -> d:\GitHub\Smart-home\web Server\AI engine\results\result_000203.jpg
    Inference: 0.069s | FPS: 14.4 | Status: Success
[184/2328] 000204.jpg
    -> d:\GitHub\Smart-home\web Server\AI engine\results\result_000204.jpg
    Inference: 0.067s | FPS: 15.0 | Status: Success
[185/2328] 000205.jpg
    -> d:\GitHub\Smart-home\web Server\AI engine\results\result_000205.jpg
    Inference: 0.068s | FPS: 14.7 | Status: Success
[186/2328] 000206.jpg
    -> d:\GitHub\Smart-home\web Server\AI engine\results\result_000206.jpg
    Inference: 0.079s | FPS: 12.7 | Status: Success
[187/2328] 000207.jpg
    -> d:\GitHub\Smart-home\web Server\AI engine\results\result_000207.jpg
    Inference: 0.070s | FPS: 14.2 | Status: Success
[188/2328] 000208.jpg
    -> d:\GitHub\Smart-home\web Server\AI engine\results\result_000208.jpg
    Inference: 0.067s | FPS: 15.0 | Status: Success
[189/2328] 000209.jpg
    -> d:\GitHub\Smart-home\web Server\AI engine\results\result_000209.jpg
    Inference: 0.068s | FPS: 14.7 | Status: Success
[190/2328] 000210.jpg
    -> d:\GitHub\Smart-home\web Server\AI engine\results\result_000210.jpg
    Inference: 0.067s | FPS: 15.0 | Status: Success
[191/2328] 000211.jpg
    -> d:\GitHub\Smart-home\web Server\AI engine\results\result_000211.jpg
    Inference: 0.066s | FPS: 15.3 | Status: Success
[192/2328] 000212.jpg
    -> d:\GitHub\Smart-home\web Server\AI engine\results\result_000212.jpg
    Inference: 0.069s | FPS: 14.6 | Status: Success
[193/2328] 000213.jpg
    -> d:\GitHub\Smart-home\web Server\AI engine\results\result_000213.jpg
    Inference: 0.067s | FPS: 14.8 | Status: Success
[194/2328] 000214.jpg
    -> d:\GitHub\Smart-home\web Server\AI engine\results\result_000214.jpg
    Inference: 0.070s | FPS: 14.2 | Status: Success
[195/2328] 000216.jpg
    -> d:\GitHub\Smart-home\web Server\AI engine\results\result_000216.jpg
    Inference: 0.071s | FPS: 14.2 | Status: Success
[196/2328] 000217.jpg
    -> d:\GitHub\Smart-home\web Server\AI engine\results\result_000217.jpg
    Inference: 0.074s | FPS: 13.5 | Status: Success
[197/2328] 000218.jpg
    -> d:\GitHub\Smart-home\web Server\AI engine\results\result_000218.jpg
    Inference: 0.070s | FPS: 14.3 | Status: Success
[198/2328] 000219.jpg
    -> d:\GitHub\Smart-home\web Server\AI engine\results\result_000219.jpg
    Inference: 0.070s | FPS: 14.4 | Status: Success
[199/2328] 000220.jpg
    -> d:\GitHub\Smart-home\web Server\AI engine\results\result_000220.jpg
    Inference: 0.074s | FPS: 13.5 | Status: Success
[200/2328] 000221.jpg
    -> d:\GitHub\Smart-home\web Server\AI engine\results\result_000221.jpg
    Inference: 0.075s | FPS: 13.4 | Status: Success
[201/2328] 000222.jpg
    -> d:\GitHub\Smart-home\web Server\AI engine\results\result_000222.jpg
    Inference: 0.090s | FPS: 11.1 | Status: Success
[202/2328] 000223.jpg
    -> d:\GitHub\Smart-home\web Server\AI engine\results\result_000223.jpg
    Inference: 0.074s | FPS: 13.6 | Status: Success
[203/2328] 000224.jpg
    -> d:\GitHub\Smart-home\web Server\AI engine\results\result_000224.jpg
    Inference: 0.100s | FPS: 10.0 | Status: Success
[204/2328] 000225.jpg
    -> d:\GitHub\Smart-home\web Server\AI engine\results\result_000225.jpg
    Inference: 0.102s | FPS: 9.8 | Status: Success
[205/2328] 000226.jpg
    -> d:\GitHub\Smart-home\web Server\AI engine\results\result_000226.jpg
    Inference: 0.089s | FPS: 11.2 | Status: Success
[206/2328] 000227.jpg
    -> d:\GitHub\Smart-home\web Server\AI engine\results\result_000227.jpg
    Inference: 0.085s | FPS: 11.7 | Status: Success
[207/2328] 000228.jpg
    -> d:\GitHub\Smart-home\web Server\AI engine\results\result_000228.jpg
    Inference: 0.083s | FPS: 12.0 | Status: Success
[208/2328] 000229.jpg
    -> d:\GitHub\Smart-home\web Server\AI engine\results\result_000229.jpg
    Inference: 0.077s | FPS: 13.0 | Status: Success
[209/2328] 000230.jpg
    -> d:\GitHub\Smart-home\web Server\AI engine\results\result_000230.jpg
    Inference: 0.078s | FPS: 12.8 | Status: Success
[210/2328] 000231.jpg
    -> d:\GitHub\Smart-home\web Server\AI engine\results\result_000231.jpg
    Inference: 0.075s | FPS: 13.3 | Status: Success
[211/2328] 000233.jpg
    -> d:\GitHub\Smart-home\web Server\AI engine\results\result_000233.jpg
    Inference: 0.080s | FPS: 12.6 | Status: Success
[212/2328] 000234.jpg
    -> d:\GitHub\Smart-home\web Server\AI engine\results\result_000234.jpg
    Inference: 0.073s | FPS: 13.7 | Status: Success
[213/2328] 000235.jpg
    -> d:\GitHub\Smart-home\web Server\AI engine\results\result_000235.jpg
    Inference: 0.069s | FPS: 14.4 | Status: Success
[214/2328] 000236.jpg
    -> d:\GitHub\Smart-home\web Server\AI engine\results\result_000236.jpg
    Inference: 0.077s | FPS: 12.9 | Status: Success
[215/2328] 000237.jpg
    -> d:\GitHub\Smart-home\web Server\AI engine\results\result_000237.jpg
    Inference: 0.074s | FPS: 13.6 | Status: Success
[216/2328] 000238.jpg
    -> d:\GitHub\Smart-home\web Server\AI engine\results\result_000238.jpg
    Inference: 0.075s | FPS: 13.3 | Status: Success
[217/2328] 000239.jpg
    -> d:\GitHub\Smart-home\web Server\AI engine\results\result_000239.jpg
    Inference: 0.076s | FPS: 13.1 | Status: Success
[218/2328] 000240.jpg
    -> d:\GitHub\Smart-home\web Server\AI engine\results\result_000240.jpg
    Inference: 0.082s | FPS: 12.2 | Status: Success
[219/2328] 000241.jpg
    -> d:\GitHub\Smart-home\web Server\AI engine\results\result_000241.jpg
    Inference: 0.075s | FPS: 13.3 | Status: Success
[220/2328] 000242.jpg
    -> d:\GitHub\Smart-home\web Server\AI engine\results\result_000242.jpg
    Inference: 0.072s | FPS: 13.9 | Status: Success
[221/2328] 000243.jpg
    -> d:\GitHub\Smart-home\web Server\AI engine\results\result_000243.jpg
    Inference: 0.071s | FPS: 14.0 | Status: Success
[222/2328] 000245.jpg
    -> d:\GitHub\Smart-home\web Server\AI engine\results\result_000245.jpg
    Inference: 0.078s | FPS: 12.8 | Status: Success
[223/2328] 000246.jpg
    -> d:\GitHub\Smart-home\web Server\AI engine\results\result_000246.jpg
    Inference: 0.073s | FPS: 13.8 | Status: Success
[224/2328] 000247.jpg
    -> d:\GitHub\Smart-home\web Server\AI engine\results\result_000247.jpg
    Inference: 0.074s | FPS: 13.5 | Status: Success
[225/2328] 000248.jpg
    -> d:\GitHub\Smart-home\web Server\AI engine\results\result_000248.jpg
    Inference: 0.072s | FPS: 13.9 | Status: Success
[226/2328] 000249.jpg
    -> d:\GitHub\Smart-home\web Server\AI engine\results\result_000249.jpg
    Inference: 0.075s | FPS: 13.4 | Status: Success
[227/2328] 000250.jpg
    -> d:\GitHub\Smart-home\web Server\AI engine\results\result_000250.jpg
    Inference: 0.069s | FPS: 14.4 | Status: Success
[228/2328] 000251.jpg
    -> d:\GitHub\Smart-home\web Server\AI engine\results\result_000251.jpg
    Inference: 0.074s | FPS: 13.5 | Status: Success
[229/2328] 000252.jpg
    -> d:\GitHub\Smart-home\web Server\AI engine\results\result_000252.jpg
    Inference: 0.073s | FPS: 13.8 | Status: Success
[230/2328] 000254.jpg
    -> d:\GitHub\Smart-home\web Server\AI engine\results\result_000254.jpg
    Inference: 0.078s | FPS: 12.9 | Status: Success
[231/2328] 000257.jpg
    -> d:\GitHub\Smart-home\web Server\AI engine\results\result_000257.jpg
    Inference: 0.077s | FPS: 12.9 | Status: Success
[232/2328] 000258.jpg
    -> d:\GitHub\Smart-home\web Server\AI engine\results\result_000258.jpg
    Inference: 0.076s | FPS: 13.2 | Status: Success
[233/2328] 000259.jpg
    -> d:\GitHub\Smart-home\web Server\AI engine\results\result_000259.jpg
    Inference: 0.077s | FPS: 13.0 | Status: Success
[234/2328] 000260.jpg
    -> d:\GitHub\Smart-home\web Server\AI engine\results\result_000260.jpg
    Inference: 0.078s | FPS: 12.9 | Status: Success
[235/2328] 000262.jpg
    -> d:\GitHub\Smart-home\web Server\AI engine\results\result_000262.jpg
    Inference: 0.077s | FPS: 12.9 | Status: Success
[236/2328] 000263.jpg
    -> d:\GitHub\Smart-home\web Server\AI engine\results\result_000263.jpg
    Inference: 0.077s | FPS: 13.0 | Status: Success
[237/2328] 000264.jpg
    -> d:\GitHub\Smart-home\web Server\AI engine\results\result_000264.jpg
    Inference: 0.077s | FPS: 12.9 | Status: Success
[238/2328] 000265.jpg
    -> d:\GitHub\Smart-home\web Server\AI engine\results\result_000265.jpg
    Inference: 0.078s | FPS: 12.8 | Status: Success
[239/2328] 000274.jpg
    -> d:\GitHub\Smart-home\web Server\AI engine\results\result_000274.jpg
    Inference: 0.074s | FPS: 13.5 | Status: Success
[240/2328] 000275.jpg
    -> d:\GitHub\Smart-home\web Server\AI engine\results\result_000275.jpg
    Inference: 0.077s | FPS: 13.0 | Status: Success
[241/2328] 000282.jpg
    -> d:\GitHub\Smart-home\web Server\AI engine\results\result_000282.jpg
    Inference: 0.081s | FPS: 12.3 | Status: Success
[242/2328] 000283.jpg
    -> d:\GitHub\Smart-home\web Server\AI engine\results\result_000283.jpg
    Inference: 0.075s | FPS: 13.4 | Status: Success
[243/2328] 000284.jpg
    -> d:\GitHub\Smart-home\web Server\AI engine\results\result_000284.jpg
    Inference: 0.076s | FPS: 13.2 | Status: Success
[244/2328] 000285.jpg
    -> d:\GitHub\Smart-home\web Server\AI engine\results\result_000285.jpg
    Inference: 0.079s | FPS: 12.6 | Status: Success
[245/2328] 000292.jpg
    -> d:\GitHub\Smart-home\web Server\AI engine\results\result_000292.jpg
    Inference: 0.074s | FPS: 13.6 | Status: Success
[246/2328] 000296.jpg
    -> d:\GitHub\Smart-home\web Server\AI engine\results\result_000296.jpg
    Inference: 0.076s | FPS: 13.2 | Status: Success
[247/2328] 000306.jpg
    -> d:\GitHub\Smart-home\web Server\AI engine\results\result_000306.jpg
    Inference: 0.070s | FPS: 14.2 | Status: Success
[248/2328] 000307.jpg
    -> d:\GitHub\Smart-home\web Server\AI engine\results\result_000307.jpg
    Inference: 0.084s | FPS: 11.9 | Status: Success
[249/2328] 000308.jpg
    -> d:\GitHub\Smart-home\web Server\AI engine\results\result_000308.jpg
    Inference: 0.083s | FPS: 12.1 | Status: Success
[250/2328] 000309.jpg
    -> d:\GitHub\Smart-home\web Server\AI engine\results\result_000309.jpg
    Inference: 0.080s | FPS: 12.4 | Status: Success
[251/2328] 000324.jpg
    -> d:\GitHub\Smart-home\web Server\AI engine\results\result_000324.jpg
    Inference: 0.088s | FPS: 11.3 | Status: Success
[252/2328] 000326.jpg
    -> d:\GitHub\Smart-home\web Server\AI engine\results\result_000326.jpg
    Inference: 0.081s | FPS: 12.4 | Status: Success
[253/2328] 000327.jpg
    -> d:\GitHub\Smart-home\web Server\AI engine\results\result_000327.jpg
    Inference: 0.077s | FPS: 12.9 | Status: Success
[254/2328] 000328.jpg
    -> d:\GitHub\Smart-home\web Server\AI engine\results\result_000328.jpg
    Inference: 0.077s | FPS: 12.9 | Status: Success
[255/2328] 000329.jpg
    -> d:\GitHub\Smart-home\web Server\AI engine\results\result_000329.jpg
    Inference: 0.082s | FPS: 12.3 | Status: Success
[256/2328] 000338.jpg
    -> d:\GitHub\Smart-home\web Server\AI engine\results\result_000338.jpg
    Inference: 0.079s | FPS: 12.6 | Status: Success
[257/2328] 000339.jpg
    -> d:\GitHub\Smart-home\web Server\AI engine\results\result_000339.jpg
    Inference: 0.093s | FPS: 10.7 | Status: Success
[258/2328] 000340.jpg
    -> d:\GitHub\Smart-home\web Server\AI engine\results\result_000340.jpg
    Inference: 0.071s | FPS: 14.0 | Status: Success
[259/2328] 000341.jpg
    -> d:\GitHub\Smart-home\web Server\AI engine\results\result_000341.jpg
    Inference: 0.070s | FPS: 14.3 | Status: Success
[260/2328] 000342.jpg
    -> d:\GitHub\Smart-home\web Server\AI engine\results\result_000342.jpg
    Inference: 0.073s | FPS: 13.8 | Status: Success
[261/2328] 000343.jpg
    -> d:\GitHub\Smart-home\web Server\AI engine\results\result_000343.jpg
    Inference: 0.090s | FPS: 11.1 | Status: Success
[262/2328] 000344.jpg
    -> d:\GitHub\Smart-home\web Server\AI engine\results\result_000344.jpg
    Inference: 0.085s | FPS: 11.8 | Status: Success
[263/2328] 000345.jpg
    -> d:\GitHub\Smart-home\web Server\AI engine\results\result_000345.jpg
    Inference: 0.084s | FPS: 11.9 | Status: Success
[264/2328] 000346.jpg
    -> d:\GitHub\Smart-home\web Server\AI engine\results\result_000346.jpg
    Inference: 0.070s | FPS: 14.2 | Status: Success
[265/2328] 000347.jpg
    -> d:\GitHub\Smart-home\web Server\AI engine\results\result_000347.jpg
    Inference: 0.078s | FPS: 12.9 | Status: Success
[266/2328] 000348.jpg
    -> d:\GitHub\Smart-home\web Server\AI engine\results\result_000348.jpg
    Inference: 0.076s | FPS: 13.1 | Status: Success
[267/2328] 000349.jpg
    -> d:\GitHub\Smart-home\web Server\AI engine\results\result_000349.jpg
    Inference: 0.077s | FPS: 13.0 | Status: Success
[268/2328] 000350.jpg
    -> d:\GitHub\Smart-home\web Server\AI engine\results\result_000350.jpg
    Inference: 0.082s | FPS: 12.3 | Status: Success
[269/2328] 000351.jpg
    -> d:\GitHub\Smart-home\web Server\AI engine\results\result_000351.jpg
    Inference: 0.075s | FPS: 13.3 | Status: Success
[270/2328] 000352.jpg
    -> d:\GitHub\Smart-home\web Server\AI engine\results\result_000352.jpg
    Inference: 0.073s | FPS: 13.7 | Status: Success
[271/2328] 000353.jpg
    -> d:\GitHub\Smart-home\web Server\AI engine\results\result_000353.jpg
    Inference: 0.070s | FPS: 14.2 | Status: Success
[272/2328] 000354.jpg
    -> d:\GitHub\Smart-home\web Server\AI engine\results\result_000354.jpg
    Inference: 0.071s | FPS: 14.1 | Status: Success
[273/2328] 000355.jpg
    -> d:\GitHub\Smart-home\web Server\AI engine\results\result_000355.jpg
    Inference: 0.081s | FPS: 12.3 | Status: Success
[274/2328] 000356.jpg
    -> d:\GitHub\Smart-home\web Server\AI engine\results\result_000356.jpg
    Inference: 0.075s | FPS: 13.4 | Status: Success
[275/2328] 000357.jpg
    -> d:\GitHub\Smart-home\web Server\AI engine\results\result_000357.jpg
    Inference: 0.065s | FPS: 15.4 | Status: Success
[276/2328] 000358.jpg
    -> d:\GitHub\Smart-home\web Server\AI engine\results\result_000358.jpg
    Inference: 0.065s | FPS: 15.3 | Status: Success
[277/2328] 000359.jpg
    -> d:\GitHub\Smart-home\web Server\AI engine\results\result_000359.jpg
    Inference: 0.066s | FPS: 15.2 | Status: Success
[278/2328] 000360.jpg
    -> d:\GitHub\Smart-home\web Server\AI engine\results\result_000360.jpg
    Inference: 0.071s | FPS: 14.1 | Status: Success
[279/2328] 000361.jpg
    -> d:\GitHub\Smart-home\web Server\AI engine\results\result_000361.jpg
    Inference: 0.075s | FPS: 13.3 | Status: Success
[280/2328] 000362.jpg
    -> d:\GitHub\Smart-home\web Server\AI engine\results\result_000362.jpg
    Inference: 0.079s | FPS: 12.6 | Status: Success
[281/2328] 000363.jpg
    -> d:\GitHub\Smart-home\web Server\AI engine\results\result_000363.jpg
    Inference: 0.067s | FPS: 15.0 | Status: Success
[282/2328] 000364.jpg
    -> d:\GitHub\Smart-home\web Server\AI engine\results\result_000364.jpg
    Inference: 0.067s | FPS: 14.9 | Status: Success
[283/2328] 000365.jpg
    -> d:\GitHub\Smart-home\web Server\AI engine\results\result_000365.jpg
    Inference: 0.071s | FPS: 14.1 | Status: Success
[284/2328] 000366.jpg
    -> d:\GitHub\Smart-home\web Server\AI engine\results\result_000366.jpg
    Inference: 0.079s | FPS: 12.7 | Status: Success
[285/2328] 000367.jpg
    -> d:\GitHub\Smart-home\web Server\AI engine\results\result_000367.jpg
    Inference: 0.091s | FPS: 11.0 | Status: Success
[286/2328] 000368.jpg
    -> d:\GitHub\Smart-home\web Server\AI engine\results\result_000368.jpg
    Inference: 0.081s | FPS: 12.3 | Status: Success
[287/2328] 000369.jpg
    -> d:\GitHub\Smart-home\web Server\AI engine\results\result_000369.jpg
    Inference: 0.082s | FPS: 12.2 | Status: Success
[288/2328] 000370.jpg
    -> d:\GitHub\Smart-home\web Server\AI engine\results\result_000370.jpg
    Inference: 0.075s | FPS: 13.4 | Status: Success
[289/2328] 000371.jpg
    -> d:\GitHub\Smart-home\web Server\AI engine\results\result_000371.jpg
    Inference: 0.071s | FPS: 14.1 | Status: Success
[290/2328] 000372.jpg
    -> d:\GitHub\Smart-home\web Server\AI engine\results\result_000372.jpg
    Inference: 0.069s | FPS: 14.5 | Status: Success
[291/2328] 000373.jpg
    -> d:\GitHub\Smart-home\web Server\AI engine\results\result_000373.jpg
    Inference: 0.065s | FPS: 15.5 | Status: Success
[292/2328] 000374.jpg
    -> d:\GitHub\Smart-home\web Server\AI engine\results\result_000374.jpg
    Inference: 0.071s | FPS: 14.0 | Status: Success
[293/2328] 000386.jpg
    -> d:\GitHub\Smart-home\web Server\AI engine\results\result_000386.jpg
    Inference: 0.076s | FPS: 13.2 | Status: Success
[294/2328] 000401.jpg
    -> d:\GitHub\Smart-home\web Server\AI engine\results\result_000401.jpg
    Inference: 0.079s | FPS: 12.6 | Status: Success
[295/2328] 000406.jpg
    -> d:\GitHub\Smart-home\web Server\AI engine\results\result_000406.jpg
    Inference: 0.073s | FPS: 13.7 | Status: Success
[296/2328] 000407.jpg
    -> d:\GitHub\Smart-home\web Server\AI engine\results\result_000407.jpg
    Inference: 0.072s | FPS: 14.0 | Status: Success
[297/2328] 000408.jpg
    -> d:\GitHub\Smart-home\web Server\AI engine\results\result_000408.jpg
    Inference: 0.076s | FPS: 13.1 | Status: Success
[298/2328] 000409.jpg
    -> d:\GitHub\Smart-home\web Server\AI engine\results\result_000409.jpg
    Inference: 0.072s | FPS: 14.0 | Status: Success
[299/2328] 000410.jpg
    -> d:\GitHub\Smart-home\web Server\AI engine\results\result_000410.jpg
    Inference: 0.074s | FPS: 13.5 | Status: Success
[300/2328] 000411.jpg
    -> d:\GitHub\Smart-home\web Server\AI engine\results\result_000411.jpg
    Inference: 0.071s | FPS: 14.2 | Status: Success
[301/2328] 000412.jpg
    -> d:\GitHub\Smart-home\web Server\AI engine\results\result_000412.jpg
    Inference: 0.076s | FPS: 13.2 | Status: Success
[302/2328] 000414.jpg
    -> d:\GitHub\Smart-home\web Server\AI engine\results\result_000414.jpg
    Inference: 0.079s | FPS: 12.6 | Status: Success
[303/2328] 000418.jpg
    -> d:\GitHub\Smart-home\web Server\AI engine\results\result_000418.jpg
    Inference: 0.078s | FPS: 12.9 | Status: Success
[304/2328] 000419.jpg
    -> d:\GitHub\Smart-home\web Server\AI engine\results\result_000419.jpg
    Inference: 0.070s | FPS: 14.2 | Status: Success
[305/2328] 000428.jpg
    -> d:\GitHub\Smart-home\web Server\AI engine\results\result_000428.jpg
    Inference: 0.084s | FPS: 12.0 | Status: Success
[306/2328] 000429.jpg
    -> d:\GitHub\Smart-home\web Server\AI engine\results\result_000429.jpg
    Inference: 0.083s | FPS: 12.1 | Status: Success
[307/2328] 000430.jpg
    -> d:\GitHub\Smart-home\web Server\AI engine\results\result_000430.jpg
    Inference: 0.070s | FPS: 14.4 | Status: Success
[308/2328] 000431.jpg
    -> d:\GitHub\Smart-home\web Server\AI engine\results\result_000431.jpg
    Inference: 0.061s | FPS: 16.4 | Status: Success
[309/2328] 000434.jpg
    -> d:\GitHub\Smart-home\web Server\AI engine\results\result_000434.jpg
    Inference: 0.063s | FPS: 15.8 | Status: Success
[310/2328] 000435.jpg
    -> d:\GitHub\Smart-home\web Server\AI engine\results\result_000435.jpg
    Inference: 0.065s | FPS: 15.5 | Status: Success
[311/2328] 000436.jpg
    -> d:\GitHub\Smart-home\web Server\AI engine\results\result_000436.jpg
    Inference: 0.062s | FPS: 16.1 | Status: Success
[312/2328] 000437.jpg
    -> d:\GitHub\Smart-home\web Server\AI engine\results\result_000437.jpg
    Inference: 0.069s | FPS: 14.5 | Status: Success
[313/2328] 000438.jpg
    -> d:\GitHub\Smart-home\web Server\AI engine\results\result_000438.jpg
    Inference: 0.066s | FPS: 15.2 | Status: Success
[314/2328] 000439.jpg
    -> d:\GitHub\Smart-home\web Server\AI engine\results\result_000439.jpg
    Inference: 0.071s | FPS: 14.0 | Status: Success
[315/2328] 000440.jpg
    -> d:\GitHub\Smart-home\web Server\AI engine\results\result_000440.jpg
    Inference: 0.066s | FPS: 15.2 | Status: Success
[316/2328] 000441.jpg
    -> d:\GitHub\Smart-home\web Server\AI engine\results\result_000441.jpg
    Inference: 0.063s | FPS: 15.8 | Status: Success
[317/2328] 000443.jpg
    -> d:\GitHub\Smart-home\web Server\AI engine\results\result_000443.jpg
    Inference: 0.068s | FPS: 14.6 | Status: Success
[318/2328] 000444.jpg
    -> d:\GitHub\Smart-home\web Server\AI engine\results\result_000444.jpg
    Inference: 0.068s | FPS: 14.8 | Status: Success
[319/2328] 000445.jpg
    -> d:\GitHub\Smart-home\web Server\AI engine\results\result_000445.jpg
    Inference: 0.068s | FPS: 14.7 | Status: Success
[320/2328] 000446.jpg
    -> d:\GitHub\Smart-home\web Server\AI engine\results\result_000446.jpg
    Inference: 0.064s | FPS: 15.5 | Status: Success
[321/2328] 000447.jpg
    -> d:\GitHub\Smart-home\web Server\AI engine\results\result_000447.jpg
    Inference: 0.066s | FPS: 15.1 | Status: Success
[322/2328] 000448.jpg
    -> d:\GitHub\Smart-home\web Server\AI engine\results\result_000448.jpg
    Inference: 0.060s | FPS: 16.6 | Status: Success
[323/2328] 000449.jpg
    -> d:\GitHub\Smart-home\web Server\AI engine\results\result_000449.jpg
    Inference: 0.061s | FPS: 16.4 | Status: Success
[324/2328] 000450.jpg
    -> d:\GitHub\Smart-home\web Server\AI engine\results\result_000450.jpg
    Inference: 0.067s | FPS: 14.9 | Status: Success
[325/2328] 000452.jpg
    -> d:\GitHub\Smart-home\web Server\AI engine\results\result_000452.jpg
    Inference: 0.062s | FPS: 16.1 | Status: Success
[326/2328] 000453.jpg
    -> d:\GitHub\Smart-home\web Server\AI engine\results\result_000453.jpg
    Inference: 0.065s | FPS: 15.4 | Status: Success
[327/2328] 000454.jpg
    -> d:\GitHub\Smart-home\web Server\AI engine\results\result_000454.jpg
    Inference: 0.064s | FPS: 15.6 | Status: Success
[328/2328] 000455.jpg
    -> d:\GitHub\Smart-home\web Server\AI engine\results\result_000455.jpg
    Inference: 0.065s | FPS: 15.3 | Status: Success
[329/2328] 000456.jpg
    -> d:\GitHub\Smart-home\web Server\AI engine\results\result_000456.jpg
    Inference: 0.066s | FPS: 15.1 | Status: Success
[330/2328] 000457.jpg
    -> d:\GitHub\Smart-home\web Server\AI engine\results\result_000457.jpg
    Inference: 0.063s | FPS: 15.9 | Status: Success
[331/2328] 000458.jpg
    -> d:\GitHub\Smart-home\web Server\AI engine\results\result_000458.jpg
    Inference: 0.068s | FPS: 14.7 | Status: Success
[332/2328] 000459.jpg
    -> d:\GitHub\Smart-home\web Server\AI engine\results\result_000459.jpg
    Inference: 0.067s | FPS: 14.8 | Status: Success
[333/2328] 000460.jpg
    -> d:\GitHub\Smart-home\web Server\AI engine\results\result_000460.jpg
    Inference: 0.070s | FPS: 14.2 | Status: Success
[334/2328] 000462.jpg
    -> d:\GitHub\Smart-home\web Server\AI engine\results\result_000462.jpg
    Inference: 0.065s | FPS: 15.4 | Status: Success
[335/2328] 000463.jpg
    -> d:\GitHub\Smart-home\web Server\AI engine\results\result_000463.jpg
    Inference: 0.071s | FPS: 14.1 | Status: Success
[336/2328] 000464.jpg
    -> d:\GitHub\Smart-home\web Server\AI engine\results\result_000464.jpg
    Inference: 0.084s | FPS: 12.0 | Status: Success
[337/2328] 000471.jpg
    -> d:\GitHub\Smart-home\web Server\AI engine\results\result_000471.jpg
    Inference: 0.077s | FPS: 13.0 | Status: Success
[338/2328] 000473.jpg
    -> d:\GitHub\Smart-home\web Server\AI engine\results\result_000473.jpg
    Inference: 0.077s | FPS: 13.0 | Status: Success
[339/2328] 000474.jpg
    -> d:\GitHub\Smart-home\web Server\AI engine\results\result_000474.jpg
    Inference: 0.075s | FPS: 13.4 | Status: Success
[340/2328] 000475.jpg
    -> d:\GitHub\Smart-home\web Server\AI engine\results\result_000475.jpg
    Inference: 0.070s | FPS: 14.2 | Status: Success
[341/2328] 000493.jpg
    -> d:\GitHub\Smart-home\web Server\AI engine\results\result_000493.jpg
    Inference: 0.072s | FPS: 13.9 | Status: Success
[342/2328] 000494.jpg
    -> d:\GitHub\Smart-home\web Server\AI engine\results\result_000494.jpg
    Inference: 0.075s | FPS: 13.3 | Status: Success
[343/2328] 000495.jpg
    -> d:\GitHub\Smart-home\web Server\AI engine\results\result_000495.jpg
    Inference: 0.080s | FPS: 12.4 | Status: Success
[344/2328] 000501.jpg
    -> d:\GitHub\Smart-home\web Server\AI engine\results\result_000501.jpg
    Inference: 0.074s | FPS: 13.5 | Status: Success
[345/2328] 000502.jpg
    -> d:\GitHub\Smart-home\web Server\AI engine\results\result_000502.jpg
    Inference: 0.075s | FPS: 13.4 | Status: Success
[346/2328] 000514.jpg
    -> d:\GitHub\Smart-home\web Server\AI engine\results\result_000514.jpg
    Inference: 0.066s | FPS: 15.1 | Status: Success
[347/2328] 000521.jpg
    -> d:\GitHub\Smart-home\web Server\AI engine\results\result_000521.jpg
    Inference: 0.068s | FPS: 14.8 | Status: Success
[348/2328] 000522.jpg
    -> d:\GitHub\Smart-home\web Server\AI engine\results\result_000522.jpg
    Inference: 0.073s | FPS: 13.7 | Status: Success
[349/2328] 000523.jpg
    -> d:\GitHub\Smart-home\web Server\AI engine\results\result_000523.jpg
    Inference: 0.071s | FPS: 14.1 | Status: Success
[350/2328] 000524.jpg
    -> d:\GitHub\Smart-home\web Server\AI engine\results\result_000524.jpg
    Inference: 0.077s | FPS: 13.0 | Status: Success
[351/2328] 000525.jpg
    -> d:\GitHub\Smart-home\web Server\AI engine\results\result_000525.jpg
    Inference: 0.083s | FPS: 12.1 | Status: Success
[352/2328] 000526.jpg
    -> d:\GitHub\Smart-home\web Server\AI engine\results\result_000526.jpg
    Inference: 0.083s | FPS: 12.0 | Status: Success
[353/2328] 000527.jpg
    -> d:\GitHub\Smart-home\web Server\AI engine\results\result_000527.jpg
    Inference: 0.086s | FPS: 11.6 | Status: Success
[354/2328] 000528.jpg
    -> d:\GitHub\Smart-home\web Server\AI engine\results\result_000528.jpg
    Inference: 0.091s | FPS: 11.0 | Status: Success
[355/2328] 000529.jpg
    -> d:\GitHub\Smart-home\web Server\AI engine\results\result_000529.jpg
    Inference: 0.084s | FPS: 11.9 | Status: Success
[356/2328] 000530.jpg
    -> d:\GitHub\Smart-home\web Server\AI engine\results\result_000530.jpg
    Inference: 0.081s | FPS: 12.3 | Status: Success
[357/2328] 000531.jpg
    -> d:\GitHub\Smart-home\web Server\AI engine\results\result_000531.jpg
    Inference: 0.079s | FPS: 12.7 | Status: Success
[358/2328] 000532.jpg
    -> d:\GitHub\Smart-home\web Server\AI engine\results\result_000532.jpg
    Inference: 0.094s | FPS: 10.7 | Status: Success
[359/2328] 000533.jpg
    -> d:\GitHub\Smart-home\web Server\AI engine\results\result_000533.jpg
    Inference: 0.082s | FPS: 12.3 | Status: Success
[360/2328] 000534.jpg
    -> d:\GitHub\Smart-home\web Server\AI engine\results\result_000534.jpg
    Inference: 0.087s | FPS: 11.5 | Status: Success
[361/2328] 000535.jpg
    -> d:\GitHub\Smart-home\web Server\AI engine\results\result_000535.jpg
    Inference: 0.091s | FPS: 11.0 | Status: Success
[362/2328] 000536.jpg
    -> d:\GitHub\Smart-home\web Server\AI engine\results\result_000536.jpg
    Inference: 0.084s | FPS: 11.8 | Status: Success
[363/2328] 000537.jpg
    -> d:\GitHub\Smart-home\web Server\AI engine\results\result_000537.jpg
    Inference: 0.079s | FPS: 12.7 | Status: Success
[364/2328] 000538.jpg
    -> d:\GitHub\Smart-home\web Server\AI engine\results\result_000538.jpg
    Inference: 0.081s | FPS: 12.4 | Status: Success
[365/2328] 000539.jpg
    -> d:\GitHub\Smart-home\web Server\AI engine\results\result_000539.jpg
    Inference: 0.087s | FPS: 11.5 | Status: Success
[366/2328] 000540.jpg
    -> d:\GitHub\Smart-home\web Server\AI engine\results\result_000540.jpg
    Inference: 0.084s | FPS: 12.0 | Status: Success
[367/2328] 000541.jpg
    -> d:\GitHub\Smart-home\web Server\AI engine\results\result_000541.jpg
    Inference: 0.086s | FPS: 11.7 | Status: Success
[368/2328] 000542.jpg
    -> d:\GitHub\Smart-home\web Server\AI engine\results\result_000542.jpg
    Inference: 0.091s | FPS: 10.9 | Status: Success
[369/2328] 000543.jpg
    -> d:\GitHub\Smart-home\web Server\AI engine\results\result_000543.jpg
    Inference: 0.114s | FPS: 8.8 | Status: Success
[370/2328] 000544.jpg
    -> d:\GitHub\Smart-home\web Server\AI engine\results\result_000544.jpg
    Inference: 0.087s | FPS: 11.4 | Status: Success
[371/2328] 000545.jpg
    -> d:\GitHub\Smart-home\web Server\AI engine\results\result_000545.jpg
    Inference: 0.083s | FPS: 12.0 | Status: Success
[372/2328] 000546.jpg
    -> d:\GitHub\Smart-home\web Server\AI engine\results\result_000546.jpg
    Inference: 0.083s | FPS: 12.1 | Status: Success
[373/2328] 000547.jpg
    -> d:\GitHub\Smart-home\web Server\AI engine\results\result_000547.jpg
    Inference: 0.085s | FPS: 11.7 | Status: Success
[374/2328] 000548.jpg
    -> d:\GitHub\Smart-home\web Server\AI engine\results\result_000548.jpg
    Inference: 0.091s | FPS: 11.0 | Status: Success
[375/2328] 000549.jpg
    -> d:\GitHub\Smart-home\web Server\AI engine\results\result_000549.jpg
    Inference: 0.079s | FPS: 12.6 | Status: Success
[376/2328] 000550.jpg
    -> d:\GitHub\Smart-home\web Server\AI engine\results\result_000550.jpg
    Inference: 0.080s | FPS: 12.5 | Status: Success
[377/2328] 000551.jpg
    -> d:\GitHub\Smart-home\web Server\AI engine\results\result_000551.jpg
    Inference: 0.086s | FPS: 11.7 | Status: Success
[378/2328] 000552.jpg
    -> d:\GitHub\Smart-home\web Server\AI engine\results\result_000552.jpg
    Inference: 0.084s | FPS: 11.8 | Status: Success
[379/2328] 000553.jpg
    -> d:\GitHub\Smart-home\web Server\AI engine\results\result_000553.jpg
    Inference: 0.074s | FPS: 13.4 | Status: Success
[380/2328] 000554.jpg
    -> d:\GitHub\Smart-home\web Server\AI engine\results\result_000554.jpg
    Inference: 0.070s | FPS: 14.2 | Status: Success
[381/2328] 000555.jpg
    -> d:\GitHub\Smart-home\web Server\AI engine\results\result_000555.jpg
    Inference: 0.077s | FPS: 12.9 | Status: Success
[382/2328] 000556.jpg
    -> d:\GitHub\Smart-home\web Server\AI engine\results\result_000556.jpg
    Inference: 0.080s | FPS: 12.5 | Status: Success
[383/2328] 000557.jpg
    -> d:\GitHub\Smart-home\web Server\AI engine\results\result_000557.jpg
    Inference: 0.080s | FPS: 12.4 | Status: Success
[384/2328] 000558.jpg
    -> d:\GitHub\Smart-home\web Server\AI engine\results\result_000558.jpg
    Inference: 0.073s | FPS: 13.7 | Status: Success
[385/2328] 000559.jpg
    -> d:\GitHub\Smart-home\web Server\AI engine\results\result_000559.jpg
    Inference: 0.081s | FPS: 12.4 | Status: Success
[386/2328] 000560.jpg
    -> d:\GitHub\Smart-home\web Server\AI engine\results\result_000560.jpg
    Inference: 0.071s | FPS: 14.2 | Status: Success
[387/2328] 000561.jpg
    -> d:\GitHub\Smart-home\web Server\AI engine\results\result_000561.jpg
    Inference: 0.084s | FPS: 11.9 | Status: Success
[388/2328] 000562.jpg
    -> d:\GitHub\Smart-home\web Server\AI engine\results\result_000562.jpg
    Inference: 0.079s | FPS: 12.7 | Status: Success
[389/2328] 000563.jpg
    -> d:\GitHub\Smart-home\web Server\AI engine\results\result_000563.jpg
    Inference: 0.078s | FPS: 12.8 | Status: Success
[390/2328] 000564.jpg
    -> d:\GitHub\Smart-home\web Server\AI engine\results\result_000564.jpg
    Inference: 0.081s | FPS: 12.3 | Status: Success
[391/2328] 000565.jpg
    -> d:\GitHub\Smart-home\web Server\AI engine\results\result_000565.jpg
    Inference: 0.079s | FPS: 12.7 | Status: Success
[392/2328] 000566.jpg
    -> d:\GitHub\Smart-home\web Server\AI engine\results\result_000566.jpg
    Inference: 0.080s | FPS: 12.5 | Status: Success
[393/2328] 000567.jpg
    -> d:\GitHub\Smart-home\web Server\AI engine\results\result_000567.jpg
    Inference: 0.084s | FPS: 11.9 | Status: Success
[394/2328] 000568.jpg
    -> d:\GitHub\Smart-home\web Server\AI engine\results\result_000568.jpg
    Inference: 0.077s | FPS: 12.9 | Status: Success
[395/2328] 000569.jpg
    -> d:\GitHub\Smart-home\web Server\AI engine\results\result_000569.jpg
    Inference: 0.078s | FPS: 12.8 | Status: Success
[396/2328] 000570.jpg
    -> d:\GitHub\Smart-home\web Server\AI engine\results\result_000570.jpg
    Inference: 0.082s | FPS: 12.2 | Status: Success
[397/2328] 000571.jpg
    -> d:\GitHub\Smart-home\web Server\AI engine\results\result_000571.jpg
    Inference: 0.071s | FPS: 14.0 | Status: Success
[398/2328] 000572.jpg
    -> d:\GitHub\Smart-home\web Server\AI engine\results\result_000572.jpg
    Inference: 0.076s | FPS: 13.2 | Status: Success
[399/2328] 000573.jpg
    -> d:\GitHub\Smart-home\web Server\AI engine\results\result_000573.jpg
    Inference: 0.075s | FPS: 13.3 | Status: Success
[400/2328] 000574.jpg
    -> d:\GitHub\Smart-home\web Server\AI engine\results\result_000574.jpg
    Inference: 0.074s | FPS: 13.5 | Status: Success
[401/2328] 000575.jpg
    -> d:\GitHub\Smart-home\web Server\AI engine\results\result_000575.jpg
    Inference: 0.081s | FPS: 12.3 | Status: Success
[402/2328] 000576.jpg
    -> d:\GitHub\Smart-home\web Server\AI engine\results\result_000576.jpg
    Inference: 0.081s | FPS: 12.4 | Status: Success
[403/2328] 000577.jpg
    -> d:\GitHub\Smart-home\web Server\AI engine\results\result_000577.jpg
    Inference: 0.081s | FPS: 12.3 | Status: Success
[404/2328] 000578.jpg
    -> d:\GitHub\Smart-home\web Server\AI engine\results\result_000578.jpg
    Inference: 0.100s | FPS: 10.0 | Status: Success
[405/2328] 000579.jpg
    -> d:\GitHub\Smart-home\web Server\AI engine\results\result_000579.jpg
    Inference: 0.085s | FPS: 11.8 | Status: Success
[406/2328] 000580.jpg
    -> d:\GitHub\Smart-home\web Server\AI engine\results\result_000580.jpg
    Inference: 0.081s | FPS: 12.4 | Status: Success
[407/2328] 000581.jpg
    -> d:\GitHub\Smart-home\web Server\AI engine\results\result_000581.jpg
    Inference: 0.082s | FPS: 12.2 | Status: Success
[408/2328] 000582.jpg
    -> d:\GitHub\Smart-home\web Server\AI engine\results\result_000582.jpg
    Inference: 0.079s | FPS: 12.6 | Status: Success
[409/2328] 000583.jpg
    -> d:\GitHub\Smart-home\web Server\AI engine\results\result_000583.jpg
    Inference: 0.079s | FPS: 12.7 | Status: Success
[410/2328] 000584.jpg
    -> d:\GitHub\Smart-home\web Server\AI engine\results\result_000584.jpg
    Inference: 0.073s | FPS: 13.7 | Status: Success
[411/2328] 000585.jpg
    -> d:\GitHub\Smart-home\web Server\AI engine\results\result_000585.jpg
    Inference: 0.083s | FPS: 12.0 | Status: Success
[412/2328] 000586.jpg
    -> d:\GitHub\Smart-home\web Server\AI engine\results\result_000586.jpg
    Inference: 0.075s | FPS: 13.3 | Status: Success
[413/2328] 000587.jpg
    -> d:\GitHub\Smart-home\web Server\AI engine\results\result_000587.jpg
    Inference: 0.066s | FPS: 15.1 | Status: Success
[414/2328] 000588.jpg
    -> d:\GitHub\Smart-home\web Server\AI engine\results\result_000588.jpg
    Inference: 0.086s | FPS: 11.6 | Status: Success
[415/2328] 000589.jpg
    -> d:\GitHub\Smart-home\web Server\AI engine\results\result_000589.jpg
    Inference: 0.072s | FPS: 13.9 | Status: Success
[416/2328] 000590.jpg
    -> d:\GitHub\Smart-home\web Server\AI engine\results\result_000590.jpg
    Inference: 0.076s | FPS: 13.2 | Status: Success
[417/2328] 000591.jpg
    -> d:\GitHub\Smart-home\web Server\AI engine\results\result_000591.jpg
    Inference: 0.084s | FPS: 11.9 | Status: Success
[418/2328] 000592.jpg
    -> d:\GitHub\Smart-home\web Server\AI engine\results\result_000592.jpg
    Inference: 0.088s | FPS: 11.4 | Status: Success
[419/2328] 000593.jpg
    -> d:\GitHub\Smart-home\web Server\AI engine\results\result_000593.jpg
    Inference: 0.091s | FPS: 11.0 | Status: Success
[420/2328] 000594.jpg
    -> d:\GitHub\Smart-home\web Server\AI engine\results\result_000594.jpg
    Inference: 0.080s | FPS: 12.6 | Status: Success
[421/2328] 000595.jpg
    -> d:\GitHub\Smart-home\web Server\AI engine\results\result_000595.jpg
    Inference: 0.085s | FPS: 11.8 | Status: Success
[422/2328] 000596.jpg
    -> d:\GitHub\Smart-home\web Server\AI engine\results\result_000596.jpg
    Inference: 0.084s | FPS: 11.8 | Status: Success
[423/2328] 000597.jpg
    -> d:\GitHub\Smart-home\web Server\AI engine\results\result_000597.jpg
    Inference: 0.081s | FPS: 12.3 | Status: Success
[424/2328] 000598.jpg
    -> d:\GitHub\Smart-home\web Server\AI engine\results\result_000598.jpg
    Inference: 0.077s | FPS: 13.0 | Status: Success
[425/2328] 000599.jpg
    -> d:\GitHub\Smart-home\web Server\AI engine\results\result_000599.jpg
    Inference: 0.075s | FPS: 13.3 | Status: Success
[426/2328] 000600.jpg
    -> d:\GitHub\Smart-home\web Server\AI engine\results\result_000600.jpg
    Inference: 0.081s | FPS: 12.4 | Status: Success
[427/2328] 000601.jpg
    -> d:\GitHub\Smart-home\web Server\AI engine\results\result_000601.jpg
    Inference: 0.088s | FPS: 11.3 | Status: Success
[428/2328] 000602.jpg
    -> d:\GitHub\Smart-home\web Server\AI engine\results\result_000602.jpg
    Inference: 0.089s | FPS: 11.3 | Status: Success
[429/2328] 000603.jpg
    -> d:\GitHub\Smart-home\web Server\AI engine\results\result_000603.jpg
    Inference: 0.088s | FPS: 11.4 | Status: Success
[430/2328] 000604.jpg
    -> d:\GitHub\Smart-home\web Server\AI engine\results\result_000604.jpg
    Inference: 0.077s | FPS: 13.1 | Status: Success
[431/2328] 000605.jpg
    -> d:\GitHub\Smart-home\web Server\AI engine\results\result_000605.jpg
    Inference: 0.088s | FPS: 11.4 | Status: Success
[432/2328] 000606.jpg
    -> d:\GitHub\Smart-home\web Server\AI engine\results\result_000606.jpg
    Inference: 0.089s | FPS: 11.3 | Status: Success
[433/2328] 000607.jpg
    -> d:\GitHub\Smart-home\web Server\AI engine\results\result_000607.jpg
    Inference: 0.089s | FPS: 11.2 | Status: Success
[434/2328] 000608.jpg
    -> d:\GitHub\Smart-home\web Server\AI engine\results\result_000608.jpg
    Inference: 0.081s | FPS: 12.3 | Status: Success
[435/2328] 000609.jpg
    -> d:\GitHub\Smart-home\web Server\AI engine\results\result_000609.jpg
    Inference: 0.090s | FPS: 11.1 | Status: Success
[436/2328] 000610.jpg
    -> d:\GitHub\Smart-home\web Server\AI engine\results\result_000610.jpg
    Inference: 0.091s | FPS: 11.0 | Status: Success
[437/2328] 000611.jpg
    -> d:\GitHub\Smart-home\web Server\AI engine\results\result_000611.jpg
    Inference: 0.083s | FPS: 12.0 | Status: Success
[438/2328] 000612.jpg
    -> d:\GitHub\Smart-home\web Server\AI engine\results\result_000612.jpg
    Inference: 0.086s | FPS: 11.6 | Status: Success
[439/2328] 000613.jpg
    -> d:\GitHub\Smart-home\web Server\AI engine\results\result_000613.jpg
    Inference: 0.088s | FPS: 11.4 | Status: Success
[440/2328] 000614.jpg
    -> d:\GitHub\Smart-home\web Server\AI engine\results\result_000614.jpg
    Inference: 0.086s | FPS: 11.6 | Status: Success
[441/2328] 000615.jpg
    -> d:\GitHub\Smart-home\web Server\AI engine\results\result_000615.jpg
    Inference: 0.097s | FPS: 10.3 | Status: Success
[442/2328] 000616.jpg
    -> d:\GitHub\Smart-home\web Server\AI engine\results\result_000616.jpg
    Inference: 0.088s | FPS: 11.3 | Status: Success
[443/2328] 000617.jpg
    -> d:\GitHub\Smart-home\web Server\AI engine\results\result_000617.jpg
    Inference: 0.085s | FPS: 11.8 | Status: Success
[444/2328] 000618.jpg
    -> d:\GitHub\Smart-home\web Server\AI engine\results\result_000618.jpg
    Inference: 0.087s | FPS: 11.5 | Status: Success
[445/2328] 000619.jpg
    -> d:\GitHub\Smart-home\web Server\AI engine\results\result_000619.jpg
    Inference: 0.091s | FPS: 11.0 | Status: Success
[446/2328] 000620.jpg
    -> d:\GitHub\Smart-home\web Server\AI engine\results\result_000620.jpg
    Inference: 0.091s | FPS: 11.0 | Status: Success
[447/2328] 000621.jpg
    -> d:\GitHub\Smart-home\web Server\AI engine\results\result_000621.jpg
    Inference: 0.091s | FPS: 10.9 | Status: Success
[448/2328] 000622.jpg
    -> d:\GitHub\Smart-home\web Server\AI engine\results\result_000622.jpg
    Inference: 0.091s | FPS: 10.9 | Status: Success
[449/2328] 000623.jpg
    -> d:\GitHub\Smart-home\web Server\AI engine\results\result_000623.jpg
    Inference: 0.085s | FPS: 11.8 | Status: Success
[450/2328] 000624.jpg
    -> d:\GitHub\Smart-home\web Server\AI engine\results\result_000624.jpg
    Inference: 0.090s | FPS: 11.1 | Status: Success
[451/2328] 000625.jpg
    -> d:\GitHub\Smart-home\web Server\AI engine\results\result_000625.jpg
    Inference: 0.085s | FPS: 11.7 | Status: Success
[452/2328] 000626.jpg
    -> d:\GitHub\Smart-home\web Server\AI engine\results\result_000626.jpg
    Inference: 0.090s | FPS: 11.1 | Status: Success
[453/2328] 000627.jpg
    -> d:\GitHub\Smart-home\web Server\AI engine\results\result_000627.jpg
    Inference: 0.087s | FPS: 11.5 | Status: Success
[454/2328] 000628.jpg
    -> d:\GitHub\Smart-home\web Server\AI engine\results\result_000628.jpg
    Inference: 0.085s | FPS: 11.8 | Status: Success
[455/2328] 000629.jpg
    -> d:\GitHub\Smart-home\web Server\AI engine\results\result_000629.jpg
    Inference: 0.092s | FPS: 10.9 | Status: Success
[456/2328] 000630.jpg
    -> d:\GitHub\Smart-home\web Server\AI engine\results\result_000630.jpg
    Inference: 0.092s | FPS: 10.9 | Status: Success
[457/2328] 000631.jpg
    -> d:\GitHub\Smart-home\web Server\AI engine\results\result_000631.jpg
    Inference: 0.092s | FPS: 10.9 | Status: Success
[458/2328] 000632.jpg
    -> d:\GitHub\Smart-home\web Server\AI engine\results\result_000632.jpg
    Inference: 0.088s | FPS: 11.4 | Status: Success
[459/2328] 000633.jpg
    -> d:\GitHub\Smart-home\web Server\AI engine\results\result_000633.jpg
    Inference: 0.100s | FPS: 10.0 | Status: Success
[460/2328] 000634.jpg
    -> d:\GitHub\Smart-home\web Server\AI engine\results\result_000634.jpg
    Inference: 0.099s | FPS: 10.1 | Status: Success
[461/2328] 000635.jpg
    -> d:\GitHub\Smart-home\web Server\AI engine\results\result_000635.jpg
    Inference: 0.098s | FPS: 10.2 | Status: Success
[462/2328] 000636.jpg
    -> d:\GitHub\Smart-home\web Server\AI engine\results\result_000636.jpg
    Inference: 0.104s | FPS: 9.6 | Status: Success
[463/2328] 000638.jpg
    -> d:\GitHub\Smart-home\web Server\AI engine\results\result_000638.jpg
    Inference: 0.095s | FPS: 10.6 | Status: Success
[464/2328] 000639.jpg
    -> d:\GitHub\Smart-home\web Server\AI engine\results\result_000639.jpg
    Inference: 0.099s | FPS: 10.1 | Status: Success
[465/2328] 000640.jpg
    -> d:\GitHub\Smart-home\web Server\AI engine\results\result_000640.jpg
    Inference: 0.098s | FPS: 10.2 | Status: Success
[466/2328] 000641.jpg
    -> d:\GitHub\Smart-home\web Server\AI engine\results\result_000641.jpg
    Inference: 0.098s | FPS: 10.2 | Status: Success
[467/2328] 000642.jpg
    -> d:\GitHub\Smart-home\web Server\AI engine\results\result_000642.jpg
    Inference: 0.098s | FPS: 10.2 | Status: Success
[468/2328] 000643.jpg
    -> d:\GitHub\Smart-home\web Server\AI engine\results\result_000643.jpg
    Inference: 0.085s | FPS: 11.8 | Status: Success
[469/2328] 000644.jpg
    -> d:\GitHub\Smart-home\web Server\AI engine\results\result_000644.jpg
    Inference: 0.082s | FPS: 12.2 | Status: Success
[470/2328] 000645.jpg
    -> d:\GitHub\Smart-home\web Server\AI engine\results\result_000645.jpg
    Inference: 0.102s | FPS: 9.8 | Status: Success
[471/2328] 000646.jpg
    -> d:\GitHub\Smart-home\web Server\AI engine\results\result_000646.jpg
    Inference: 0.090s | FPS: 11.1 | Status: Success
[472/2328] 000647.jpg
    -> d:\GitHub\Smart-home\web Server\AI engine\results\result_000647.jpg
    Inference: 0.090s | FPS: 11.1 | Status: Success
[473/2328] 000648.jpg
    -> d:\GitHub\Smart-home\web Server\AI engine\results\result_000648.jpg
    Inference: 0.090s | FPS: 11.2 | Status: Success
[474/2328] 000649.jpg
    -> d:\GitHub\Smart-home\web Server\AI engine\results\result_000649.jpg
    Inference: 0.083s | FPS: 12.1 | Status: Success
[475/2328] 000650.jpg
    -> d:\GitHub\Smart-home\web Server\AI engine\results\result_000650.jpg
    Inference: 0.098s | FPS: 10.2 | Status: Success
[476/2328] 000651.jpg
    -> d:\GitHub\Smart-home\web Server\AI engine\results\result_000651.jpg
    Inference: 0.100s | FPS: 10.0 | Status: Success
[477/2328] 000652.jpg
    -> d:\GitHub\Smart-home\web Server\AI engine\results\result_000652.jpg
    Inference: 0.098s | FPS: 10.2 | Status: Success
[478/2328] 000653.jpg
    -> d:\GitHub\Smart-home\web Server\AI engine\results\result_000653.jpg
    Inference: 0.078s | FPS: 12.8 | Status: Success
[479/2328] 000654.jpg
    -> d:\GitHub\Smart-home\web Server\AI engine\results\result_000654.jpg
    Inference: 0.083s | FPS: 12.1 | Status: Success
[480/2328] 000655.jpg
    -> d:\GitHub\Smart-home\web Server\AI engine\results\result_000655.jpg
    Inference: 0.082s | FPS: 12.3 | Status: Success
[481/2328] 000656.jpg
    -> d:\GitHub\Smart-home\web Server\AI engine\results\result_000656.jpg
    Inference: 0.082s | FPS: 12.2 | Status: Success
[482/2328] 000657.jpg
    -> d:\GitHub\Smart-home\web Server\AI engine\results\result_000657.jpg
    Inference: 0.096s | FPS: 10.4 | Status: Success
[483/2328] 000658.jpg
    -> d:\GitHub\Smart-home\web Server\AI engine\results\result_000658.jpg
    Inference: 0.079s | FPS: 12.6 | Status: Success
[484/2328] 000659.jpg
    -> d:\GitHub\Smart-home\web Server\AI engine\results\result_000659.jpg
    Inference: 0.080s | FPS: 12.5 | Status: Success
[485/2328] 000660.jpg
    -> d:\GitHub\Smart-home\web Server\AI engine\results\result_000660.jpg
    Inference: 0.084s | FPS: 11.9 | Status: Success
[486/2328] 000661.jpg
    -> d:\GitHub\Smart-home\web Server\AI engine\results\result_000661.jpg
    Inference: 0.095s | FPS: 10.5 | Status: Success
[487/2328] 000662.jpg
    -> d:\GitHub\Smart-home\web Server\AI engine\results\result_000662.jpg
    Inference: 0.083s | FPS: 12.0 | Status: Success
[488/2328] 000663.jpg
    -> d:\GitHub\Smart-home\web Server\AI engine\results\result_000663.jpg
    Inference: 0.079s | FPS: 12.7 | Status: Success
[489/2328] 000664.jpg
    -> d:\GitHub\Smart-home\web Server\AI engine\results\result_000664.jpg
    Inference: 0.104s | FPS: 9.6 | Status: Success
[490/2328] 000665.jpg
    -> d:\GitHub\Smart-home\web Server\AI engine\results\result_000665.jpg
    Inference: 0.087s | FPS: 11.5 | Status: Success
[491/2328] 000666.jpg
    -> d:\GitHub\Smart-home\web Server\AI engine\results\result_000666.jpg
    Inference: 0.123s | FPS: 8.1 | Status: Success
[492/2328] 000669.jpg
    -> d:\GitHub\Smart-home\web Server\AI engine\results\result_000669.jpg
    Inference: 0.077s | FPS: 13.0 | Status: Success
[493/2328] 000670.jpg
    -> d:\GitHub\Smart-home\web Server\AI engine\results\result_000670.jpg
    Inference: 0.094s | FPS: 10.7 | Status: Success
[494/2328] 000672.jpg
    -> d:\GitHub\Smart-home\web Server\AI engine\results\result_000672.jpg
    Inference: 0.085s | FPS: 11.8 | Status: Success
[495/2328] 000673.jpg
    -> d:\GitHub\Smart-home\web Server\AI engine\results\result_000673.jpg
    Inference: 0.087s | FPS: 11.5 | Status: Success
[496/2328] 000674.jpg
    -> d:\GitHub\Smart-home\web Server\AI engine\results\result_000674.jpg
    Inference: 0.080s | FPS: 12.5 | Status: Success
[497/2328] 000675.jpg
    -> d:\GitHub\Smart-home\web Server\AI engine\results\result_000675.jpg
    Inference: 0.102s | FPS: 9.8 | Status: Success
[498/2328] 000676.jpg
    -> d:\GitHub\Smart-home\web Server\AI engine\results\result_000676.jpg
    Inference: 0.082s | FPS: 12.3 | Status: Success
[499/2328] 000677.jpg
    -> d:\GitHub\Smart-home\web Server\AI engine\results\result_000677.jpg
    Inference: 0.087s | FPS: 11.5 | Status: Success
[500/2328] 000679.jpg
    -> d:\GitHub\Smart-home\web Server\AI engine\results\result_000679.jpg
    Inference: 0.106s | FPS: 9.5 | Status: Success
[501/2328] 000680.jpg
    -> d:\GitHub\Smart-home\web Server\AI engine\results\result_000680.jpg
    Inference: 0.072s | FPS: 14.0 | Status: Success
[502/2328] 000681.jpg
    -> d:\GitHub\Smart-home\web Server\AI engine\results\result_000681.jpg
    Inference: 0.077s | FPS: 13.0 | Status: Success
[503/2328] 000682.jpg
    -> d:\GitHub\Smart-home\web Server\AI engine\results\result_000682.jpg
    Inference: 0.093s | FPS: 10.7 | Status: Success
[504/2328] 000683.jpg
    -> d:\GitHub\Smart-home\web Server\AI engine\results\result_000683.jpg
    Inference: 0.120s | FPS: 8.3 | Status: Success
[505/2328] 000684.jpg
    -> d:\GitHub\Smart-home\web Server\AI engine\results\result_000684.jpg
    Inference: 0.085s | FPS: 11.7 | Status: Success
[506/2328] 000685.jpg
    -> d:\GitHub\Smart-home\web Server\AI engine\results\result_000685.jpg
    Inference: 0.124s | FPS: 8.0 | Status: Success
[507/2328] 000686.jpg
    -> d:\GitHub\Smart-home\web Server\AI engine\results\result_000686.jpg
    Inference: 0.080s | FPS: 12.6 | Status: Success
[508/2328] 000687.jpg
    -> d:\GitHub\Smart-home\web Server\AI engine\results\result_000687.jpg
    Inference: 0.101s | FPS: 9.9 | Status: Success
[509/2328] 000688.jpg
    -> d:\GitHub\Smart-home\web Server\AI engine\results\result_000688.jpg
    Inference: 0.090s | FPS: 11.1 | Status: Success
[510/2328] 000689.jpg
    -> d:\GitHub\Smart-home\web Server\AI engine\results\result_000689.jpg
    Inference: 0.133s | FPS: 7.5 | Status: Success
[511/2328] 000690.jpg
    -> d:\GitHub\Smart-home\web Server\AI engine\results\result_000690.jpg
    Inference: 0.083s | FPS: 12.1 | Status: Success
[512/2328] 000691.jpg
    -> d:\GitHub\Smart-home\web Server\AI engine\results\result_000691.jpg
    Inference: 0.094s | FPS: 10.6 | Status: Success
[513/2328] 000692.jpg
    -> d:\GitHub\Smart-home\web Server\AI engine\results\result_000692.jpg
    Inference: 0.087s | FPS: 11.5 | Status: Success
[514/2328] 000693.jpg
    -> d:\GitHub\Smart-home\web Server\AI engine\results\result_000693.jpg
    Inference: 0.094s | FPS: 10.7 | Status: Success
[515/2328] 000694.jpg
    -> d:\GitHub\Smart-home\web Server\AI engine\results\result_000694.jpg
    Inference: 0.088s | FPS: 11.4 | Status: Success
[516/2328] 000695.jpg
    -> d:\GitHub\Smart-home\web Server\AI engine\results\result_000695.jpg
    Inference: 0.083s | FPS: 12.1 | Status: Success
[517/2328] 000696.jpg
    -> d:\GitHub\Smart-home\web Server\AI engine\results\result_000696.jpg
    Inference: 0.091s | FPS: 10.9 | Status: Success
[518/2328] 000697.jpg
    -> d:\GitHub\Smart-home\web Server\AI engine\results\result_000697.jpg
    Inference: 0.085s | FPS: 11.8 | Status: Success
[519/2328] 000698.jpg
    -> d:\GitHub\Smart-home\web Server\AI engine\results\result_000698.jpg
    Inference: 0.081s | FPS: 12.4 | Status: Success
[520/2328] 000699.jpg
    -> d:\GitHub\Smart-home\web Server\AI engine\results\result_000699.jpg
    Inference: 0.076s | FPS: 13.1 | Status: Success
[521/2328] 000700.jpg
    -> d:\GitHub\Smart-home\web Server\AI engine\results\result_000700.jpg
    Inference: 0.086s | FPS: 11.6 | Status: Success
[522/2328] 000701.jpg
    -> d:\GitHub\Smart-home\web Server\AI engine\results\result_000701.jpg
    Inference: 0.104s | FPS: 9.7 | Status: Success
[523/2328] 000702.jpg
    -> d:\GitHub\Smart-home\web Server\AI engine\results\result_000702.jpg
    Inference: 0.080s | FPS: 12.5 | Status: Success
[524/2328] 000703.jpg
    -> d:\GitHub\Smart-home\web Server\AI engine\results\result_000703.jpg
    Inference: 0.082s | FPS: 12.1 | Status: Success
[525/2328] 000705.jpg
    -> d:\GitHub\Smart-home\web Server\AI engine\results\result_000705.jpg
    Inference: 0.088s | FPS: 11.3 | Status: Success
[526/2328] 000706.jpg
    -> d:\GitHub\Smart-home\web Server\AI engine\results\result_000706.jpg
    Inference: 0.082s | FPS: 12.1 | Status: Success
[527/2328] 000707.jpg
    -> d:\GitHub\Smart-home\web Server\AI engine\results\result_000707.jpg
    Inference: 0.087s | FPS: 11.5 | Status: Success
[528/2328] 000708.jpg
    -> d:\GitHub\Smart-home\web Server\AI engine\results\result_000708.jpg
    Inference: 0.100s | FPS: 10.0 | Status: Success
[529/2328] 000709.jpg
    -> d:\GitHub\Smart-home\web Server\AI engine\results\result_000709.jpg
    Inference: 0.104s | FPS: 9.6 | Status: Success
[530/2328] 000710.jpg
    -> d:\GitHub\Smart-home\web Server\AI engine\results\result_000710.jpg
    Inference: 0.079s | FPS: 12.6 | Status: Success
[531/2328] 000711.jpg
    -> d:\GitHub\Smart-home\web Server\AI engine\results\result_000711.jpg
    Inference: 0.083s | FPS: 12.0 | Status: Success
[532/2328] 000712.jpg
    -> d:\GitHub\Smart-home\web Server\AI engine\results\result_000712.jpg
    Inference: 0.081s | FPS: 12.4 | Status: Success
[533/2328] 000713.jpg
    -> d:\GitHub\Smart-home\web Server\AI engine\results\result_000713.jpg
    Inference: 0.100s | FPS: 10.0 | Status: Success
[534/2328] 000714.jpg
    -> d:\GitHub\Smart-home\web Server\AI engine\results\result_000714.jpg
    Inference: 0.083s | FPS: 12.0 | Status: Success
[535/2328] 000715.jpg
    -> d:\GitHub\Smart-home\web Server\AI engine\results\result_000715.jpg
    Inference: 0.076s | FPS: 13.1 | Status: Success
[536/2328] 000716.jpg
    -> d:\GitHub\Smart-home\web Server\AI engine\results\result_000716.jpg
    Inference: 0.077s | FPS: 12.9 | Status: Success
[537/2328] 000717.jpg
    -> d:\GitHub\Smart-home\web Server\AI engine\results\result_000717.jpg
    Inference: 0.076s | FPS: 13.2 | Status: Success
[538/2328] 000718.jpg
    -> d:\GitHub\Smart-home\web Server\AI engine\results\result_000718.jpg
    Inference: 0.075s | FPS: 13.4 | Status: Success
[539/2328] 000719.jpg
    -> d:\GitHub\Smart-home\web Server\AI engine\results\result_000719.jpg
    Inference: 0.076s | FPS: 13.1 | Status: Success
[540/2328] 000720.jpg
    -> d:\GitHub\Smart-home\web Server\AI engine\results\result_000720.jpg
    Inference: 0.076s | FPS: 13.1 | Status: Success
[541/2328] 000721.jpg
    -> d:\GitHub\Smart-home\web Server\AI engine\results\result_000721.jpg
    Inference: 0.076s | FPS: 13.2 | Status: Success
[542/2328] 000722.jpg
    -> d:\GitHub\Smart-home\web Server\AI engine\results\result_000722.jpg
    Inference: 0.077s | FPS: 13.0 | Status: Success
[543/2328] 000723.jpg
    -> d:\GitHub\Smart-home\web Server\AI engine\results\result_000723.jpg
    Inference: 0.077s | FPS: 13.0 | Status: Success
[544/2328] 000724.jpg
    -> d:\GitHub\Smart-home\web Server\AI engine\results\result_000724.jpg
    Inference: 0.076s | FPS: 13.1 | Status: Success
[545/2328] 000725.jpg
    -> d:\GitHub\Smart-home\web Server\AI engine\results\result_000725.jpg
    Inference: 0.075s | FPS: 13.4 | Status: Success
[546/2328] 000726.jpg
    -> d:\GitHub\Smart-home\web Server\AI engine\results\result_000726.jpg
    Inference: 0.077s | FPS: 13.1 | Status: Success
[547/2328] 000727.jpg
    -> d:\GitHub\Smart-home\web Server\AI engine\results\result_000727.jpg
    Inference: 0.076s | FPS: 13.2 | Status: Success
[548/2328] 000728.jpg
    -> d:\GitHub\Smart-home\web Server\AI engine\results\result_000728.jpg
    Inference: 0.084s | FPS: 12.0 | Status: Success
[549/2328] 000729.jpg
    -> d:\GitHub\Smart-home\web Server\AI engine\results\result_000729.jpg
    Inference: 0.078s | FPS: 12.8 | Status: Success
[550/2328] 000730.jpg
    -> d:\GitHub\Smart-home\web Server\AI engine\results\result_000730.jpg
    Inference: 0.077s | FPS: 12.9 | Status: Success
[551/2328] 000731.jpg
    -> d:\GitHub\Smart-home\web Server\AI engine\results\result_000731.jpg
    Inference: 0.076s | FPS: 13.1 | Status: Success
[552/2328] 000732.jpg
    -> d:\GitHub\Smart-home\web Server\AI engine\results\result_000732.jpg
    Inference: 0.076s | FPS: 13.2 | Status: Success
[553/2328] 000733.jpg
    -> d:\GitHub\Smart-home\web Server\AI engine\results\result_000733.jpg
    Inference: 0.075s | FPS: 13.3 | Status: Success
[554/2328] 000734.jpg
    -> d:\GitHub\Smart-home\web Server\AI engine\results\result_000734.jpg
    Inference: 0.082s | FPS: 12.1 | Status: Success
[555/2328] 000735.jpg
    -> d:\GitHub\Smart-home\web Server\AI engine\results\result_000735.jpg
    Inference: 0.082s | FPS: 12.2 | Status: Success
[556/2328] 000736.jpg
    -> d:\GitHub\Smart-home\web Server\AI engine\results\result_000736.jpg
    Inference: 0.082s | FPS: 12.2 | Status: Success
[557/2328] 000737.jpg
    -> d:\GitHub\Smart-home\web Server\AI engine\results\result_000737.jpg
    Inference: 0.082s | FPS: 12.2 | Status: Success
[558/2328] 000738.jpg
    -> d:\GitHub\Smart-home\web Server\AI engine\results\result_000738.jpg
    Inference: 0.082s | FPS: 12.2 | Status: Success
[559/2328] 000739.jpg
    -> d:\GitHub\Smart-home\web Server\AI engine\results\result_000739.jpg
    Inference: 0.078s | FPS: 12.8 | Status: Success
[560/2328] 000740.jpg
    -> d:\GitHub\Smart-home\web Server\AI engine\results\result_000740.jpg
    Inference: 0.073s | FPS: 13.7 | Status: Success
[561/2328] 000741.jpg
    -> d:\GitHub\Smart-home\web Server\AI engine\results\result_000741.jpg
    Inference: 0.084s | FPS: 12.0 | Status: Success
[562/2328] 000742.jpg
    -> d:\GitHub\Smart-home\web Server\AI engine\results\result_000742.jpg
    Inference: 0.077s | FPS: 12.9 | Status: Success
[563/2328] 000743.jpg
    -> d:\GitHub\Smart-home\web Server\AI engine\results\result_000743.jpg
    Inference: 0.075s | FPS: 13.4 | Status: Success
[564/2328] 000744.jpg
    -> d:\GitHub\Smart-home\web Server\AI engine\results\result_000744.jpg
    Inference: 0.074s | FPS: 13.5 | Status: Success
[565/2328] 000745.jpg
    -> d:\GitHub\Smart-home\web Server\AI engine\results\result_000745.jpg
    Inference: 0.083s | FPS: 12.1 | Status: Success
[566/2328] 000746.jpg
    -> d:\GitHub\Smart-home\web Server\AI engine\results\result_000746.jpg
    Inference: 0.092s | FPS: 10.9 | Status: Success
[567/2328] 000747.jpg
    -> d:\GitHub\Smart-home\web Server\AI engine\results\result_000747.jpg
    Inference: 0.083s | FPS: 12.1 | Status: Success
[568/2328] 000748.jpg
    -> d:\GitHub\Smart-home\web Server\AI engine\results\result_000748.jpg
    Inference: 0.082s | FPS: 12.2 | Status: Success
[569/2328] 000749.jpg
    -> d:\GitHub\Smart-home\web Server\AI engine\results\result_000749.jpg
    Inference: 0.087s | FPS: 11.5 | Status: Success
[570/2328] 000750.jpg
    -> d:\GitHub\Smart-home\web Server\AI engine\results\result_000750.jpg
    Inference: 0.092s | FPS: 10.9 | Status: Success
[571/2328] 000751.jpg
    -> d:\GitHub\Smart-home\web Server\AI engine\results\result_000751.jpg
    Inference: 0.098s | FPS: 10.2 | Status: Success
[572/2328] 000752.jpg
    -> d:\GitHub\Smart-home\web Server\AI engine\results\result_000752.jpg
    Inference: 0.097s | FPS: 10.3 | Status: Success
[573/2328] 000753.jpg
    -> d:\GitHub\Smart-home\web Server\AI engine\results\result_000753.jpg
    Inference: 0.096s | FPS: 10.4 | Status: Success
[574/2328] 000754.jpg
    -> d:\GitHub\Smart-home\web Server\AI engine\results\result_000754.jpg
    Inference: 0.105s | FPS: 9.5 | Status: Success
[575/2328] 000755.jpg
    -> d:\GitHub\Smart-home\web Server\AI engine\results\result_000755.jpg
    Inference: 0.092s | FPS: 10.8 | Status: Success
[576/2328] 000756.jpg
    -> d:\GitHub\Smart-home\web Server\AI engine\results\result_000756.jpg
    Inference: 0.083s | FPS: 12.0 | Status: Success
[577/2328] 000757.jpg
    -> d:\GitHub\Smart-home\web Server\AI engine\results\result_000757.jpg
    Inference: 0.089s | FPS: 11.2 | Status: Success
[578/2328] 000758.jpg
    -> d:\GitHub\Smart-home\web Server\AI engine\results\result_000758.jpg
    Inference: 0.090s | FPS: 11.1 | Status: Success
[579/2328] 000759.jpg
    -> d:\GitHub\Smart-home\web Server\AI engine\results\result_000759.jpg
    Inference: 0.086s | FPS: 11.6 | Status: Success
[580/2328] 000760.jpg
    -> d:\GitHub\Smart-home\web Server\AI engine\results\result_000760.jpg
    Inference: 0.087s | FPS: 11.5 | Status: Success
[581/2328] 000761.jpg
    -> d:\GitHub\Smart-home\web Server\AI engine\results\result_000761.jpg
    Inference: 0.082s | FPS: 12.2 | Status: Success
[582/2328] 000762.jpg
    -> d:\GitHub\Smart-home\web Server\AI engine\results\result_000762.jpg
    Inference: 0.081s | FPS: 12.3 | Status: Success
[583/2328] 000763.jpg
    -> d:\GitHub\Smart-home\web Server\AI engine\results\result_000763.jpg
    Inference: 0.079s | FPS: 12.6 | Status: Success
[584/2328] 000764.jpg
    -> d:\GitHub\Smart-home\web Server\AI engine\results\result_000764.jpg
    Inference: 0.075s | FPS: 13.3 | Status: Success
[585/2328] 000765.jpg
    -> d:\GitHub\Smart-home\web Server\AI engine\results\result_000765.jpg
    Inference: 0.076s | FPS: 13.1 | Status: Success
[586/2328] 000766.jpg
    -> d:\GitHub\Smart-home\web Server\AI engine\results\result_000766.jpg
    Inference: 0.079s | FPS: 12.6 | Status: Success
[587/2328] 000767.jpg
    -> d:\GitHub\Smart-home\web Server\AI engine\results\result_000767.jpg
    Inference: 0.081s | FPS: 12.4 | Status: Success
[588/2328] 000768.jpg
    -> d:\GitHub\Smart-home\web Server\AI engine\results\result_000768.jpg
    Inference: 0.080s | FPS: 12.5 | Status: Success
[589/2328] 000769.jpg
    -> d:\GitHub\Smart-home\web Server\AI engine\results\result_000769.jpg
    Inference: 0.080s | FPS: 12.6 | Status: Success
[590/2328] 000770.jpg
    -> d:\GitHub\Smart-home\web Server\AI engine\results\result_000770.jpg
    Inference: 0.087s | FPS: 11.5 | Status: Success
[591/2328] 000771.jpg
    -> d:\GitHub\Smart-home\web Server\AI engine\results\result_000771.jpg
    Inference: 0.080s | FPS: 12.5 | Status: Success
[592/2328] 000772.jpg
    -> d:\GitHub\Smart-home\web Server\AI engine\results\result_000772.jpg
    Inference: 0.081s | FPS: 12.4 | Status: Success
[593/2328] 000773.jpg
    -> d:\GitHub\Smart-home\web Server\AI engine\results\result_000773.jpg
    Inference: 0.097s | FPS: 10.4 | Status: Success
[594/2328] 000774.jpg
    -> d:\GitHub\Smart-home\web Server\AI engine\results\result_000774.jpg
    Inference: 0.095s | FPS: 10.5 | Status: Success
[595/2328] 000775.jpg
    -> d:\GitHub\Smart-home\web Server\AI engine\results\result_000775.jpg
    Inference: 0.082s | FPS: 12.2 | Status: Success
[596/2328] 000776.jpg
    -> d:\GitHub\Smart-home\web Server\AI engine\results\result_000776.jpg
    Inference: 0.088s | FPS: 11.4 | Status: Success
[597/2328] 000777.jpg
    -> d:\GitHub\Smart-home\web Server\AI engine\results\result_000777.jpg
    Inference: 0.086s | FPS: 11.7 | Status: Success
[598/2328] 000778.jpg
    -> d:\GitHub\Smart-home\web Server\AI engine\results\result_000778.jpg
    Inference: 0.092s | FPS: 10.8 | Status: Success
[599/2328] 000779.jpg
    -> d:\GitHub\Smart-home\web Server\AI engine\results\result_000779.jpg
    Inference: 0.092s | FPS: 10.9 | Status: Success
[600/2328] 000780.jpg
    -> d:\GitHub\Smart-home\web Server\AI engine\results\result_000780.jpg
    Inference: 0.086s | FPS: 11.6 | Status: Success
[601/2328] 000781.jpg
    -> d:\GitHub\Smart-home\web Server\AI engine\results\result_000781.jpg
    Inference: 0.090s | FPS: 11.1 | Status: Success
[602/2328] 000782.jpg
    -> d:\GitHub\Smart-home\web Server\AI engine\results\result_000782.jpg
    Inference: 0.087s | FPS: 11.5 | Status: Success
[603/2328] 000783.jpg
    -> d:\GitHub\Smart-home\web Server\AI engine\results\result_000783.jpg
    Inference: 0.084s | FPS: 11.9 | Status: Success
[604/2328] 000784.jpg
    -> d:\GitHub\Smart-home\web Server\AI engine\results\result_000784.jpg
    Inference: 0.117s | FPS: 8.6 | Status: Success
[605/2328] 000785.jpg
    -> d:\GitHub\Smart-home\web Server\AI engine\results\result_000785.jpg
    Inference: 0.081s | FPS: 12.3 | Status: Success
[606/2328] 000786.jpg
    -> d:\GitHub\Smart-home\web Server\AI engine\results\result_000786.jpg
    Inference: 0.082s | FPS: 12.2 | Status: Success
[607/2328] 000787.jpg
    -> d:\GitHub\Smart-home\web Server\AI engine\results\result_000787.jpg
    Inference: 0.083s | FPS: 12.0 | Status: Success
[608/2328] 000788.jpg
    -> d:\GitHub\Smart-home\web Server\AI engine\results\result_000788.jpg
    Inference: 0.089s | FPS: 11.2 | Status: Success
[609/2328] 000789.jpg
    -> d:\GitHub\Smart-home\web Server\AI engine\results\result_000789.jpg
    Inference: 0.087s | FPS: 11.5 | Status: Success
[610/2328] 000790.jpg
    -> d:\GitHub\Smart-home\web Server\AI engine\results\result_000790.jpg
    Inference: 0.081s | FPS: 12.4 | Status: Success
[611/2328] 000791.jpg
    -> d:\GitHub\Smart-home\web Server\AI engine\results\result_000791.jpg
    Inference: 0.073s | FPS: 13.7 | Status: Success
[612/2328] 000792.jpg
    -> d:\GitHub\Smart-home\web Server\AI engine\results\result_000792.jpg
    Inference: 0.081s | FPS: 12.3 | Status: Success
[613/2328] 000793.jpg
    -> d:\GitHub\Smart-home\web Server\AI engine\results\result_000793.jpg
    Inference: 0.082s | FPS: 12.2 | Status: Success
[614/2328] 000794.jpg
    -> d:\GitHub\Smart-home\web Server\AI engine\results\result_000794.jpg
    Inference: 0.081s | FPS: 12.4 | Status: Success
[615/2328] 000795.jpg
    -> d:\GitHub\Smart-home\web Server\AI engine\results\result_000795.jpg
    Inference: 0.074s | FPS: 13.5 | Status: Success
[616/2328] 000796.jpg
    -> d:\GitHub\Smart-home\web Server\AI engine\results\result_000796.jpg
    Inference: 0.082s | FPS: 12.2 | Status: Success
[617/2328] 000797.jpg
    -> d:\GitHub\Smart-home\web Server\AI engine\results\result_000797.jpg
    Inference: 0.077s | FPS: 13.0 | Status: Success
[618/2328] 000798.jpg
    -> d:\GitHub\Smart-home\web Server\AI engine\results\result_000798.jpg
    Inference: 0.075s | FPS: 13.4 | Status: Success
[619/2328] 000799.jpg
    -> d:\GitHub\Smart-home\web Server\AI engine\results\result_000799.jpg
    Inference: 0.079s | FPS: 12.7 | Status: Success
[620/2328] 000800.jpg
    -> d:\GitHub\Smart-home\web Server\AI engine\results\result_000800.jpg
    Inference: 0.087s | FPS: 11.5 | Status: Success
[621/2328] 000801.jpg
    -> d:\GitHub\Smart-home\web Server\AI engine\results\result_000801.jpg
    Inference: 0.083s | FPS: 12.0 | Status: Success
[622/2328] 000802.jpg
    -> d:\GitHub\Smart-home\web Server\AI engine\results\result_000802.jpg
    Inference: 0.083s | FPS: 12.0 | Status: Success
[623/2328] 000803.jpg
    -> d:\GitHub\Smart-home\web Server\AI engine\results\result_000803.jpg
    Inference: 0.077s | FPS: 13.0 | Status: Success
[624/2328] 000804.jpg
    -> d:\GitHub\Smart-home\web Server\AI engine\results\result_000804.jpg
    Inference: 0.076s | FPS: 13.1 | Status: Success
[625/2328] 000805.jpg
    -> d:\GitHub\Smart-home\web Server\AI engine\results\result_000805.jpg
    Inference: 0.076s | FPS: 13.1 | Status: Success
[626/2328] 000806.jpg
    -> d:\GitHub\Smart-home\web Server\AI engine\results\result_000806.jpg
    Inference: 0.076s | FPS: 13.1 | Status: Success
[627/2328] 000807.jpg
    -> d:\GitHub\Smart-home\web Server\AI engine\results\result_000807.jpg
    Inference: 0.077s | FPS: 12.9 | Status: Success
[628/2328] 000808.jpg
    -> d:\GitHub\Smart-home\web Server\AI engine\results\result_000808.jpg
    Inference: 0.078s | FPS: 12.9 | Status: Success
[629/2328] 000809.jpg
    -> d:\GitHub\Smart-home\web Server\AI engine\results\result_000809.jpg
    Inference: 0.077s | FPS: 13.0 | Status: Success
[630/2328] 000810.jpg
    -> d:\GitHub\Smart-home\web Server\AI engine\results\result_000810.jpg
    Inference: 0.077s | FPS: 13.0 | Status: Success
[631/2328] 000811.jpg
    -> d:\GitHub\Smart-home\web Server\AI engine\results\result_000811.jpg
    Inference: 0.082s | FPS: 12.2 | Status: Success
[632/2328] 000812.jpg
    -> d:\GitHub\Smart-home\web Server\AI engine\results\result_000812.jpg
    Inference: 0.081s | FPS: 12.4 | Status: Success
[633/2328] 000813.jpg
    -> d:\GitHub\Smart-home\web Server\AI engine\results\result_000813.jpg
    Inference: 0.079s | FPS: 12.7 | Status: Success
[634/2328] 000814.jpg
    -> d:\GitHub\Smart-home\web Server\AI engine\results\result_000814.jpg
    Inference: 0.078s | FPS: 12.8 | Status: Success
[635/2328] 000815.jpg
    -> d:\GitHub\Smart-home\web Server\AI engine\results\result_000815.jpg
    Inference: 0.082s | FPS: 12.1 | Status: Success
[636/2328] 000816.jpg
    -> d:\GitHub\Smart-home\web Server\AI engine\results\result_000816.jpg
    Inference: 0.079s | FPS: 12.7 | Status: Success
[637/2328] 000817.jpg
    -> d:\GitHub\Smart-home\web Server\AI engine\results\result_000817.jpg
    Inference: 0.076s | FPS: 13.1 | Status: Success
[638/2328] 000818.jpg
    -> d:\GitHub\Smart-home\web Server\AI engine\results\result_000818.jpg
    Inference: 0.081s | FPS: 12.3 | Status: Success
[639/2328] 000819.jpg
    -> d:\GitHub\Smart-home\web Server\AI engine\results\result_000819.jpg
    Inference: 0.078s | FPS: 12.9 | Status: Success
[640/2328] 000820.jpg
    -> d:\GitHub\Smart-home\web Server\AI engine\results\result_000820.jpg
    Inference: 0.077s | FPS: 12.9 | Status: Success
[641/2328] 000821.jpg
    -> d:\GitHub\Smart-home\web Server\AI engine\results\result_000821.jpg
    Inference: 0.082s | FPS: 12.2 | Status: Success
[642/2328] 000822.jpg
    -> d:\GitHub\Smart-home\web Server\AI engine\results\result_000822.jpg
    Inference: 0.078s | FPS: 12.9 | Status: Success
[643/2328] 000823.jpg
    -> d:\GitHub\Smart-home\web Server\AI engine\results\result_000823.jpg
    Inference: 0.076s | FPS: 13.2 | Status: Success
[644/2328] 000824.jpg
    -> d:\GitHub\Smart-home\web Server\AI engine\results\result_000824.jpg
    Inference: 0.076s | FPS: 13.1 | Status: Success
[645/2328] 000825.jpg
    -> d:\GitHub\Smart-home\web Server\AI engine\results\result_000825.jpg
    Inference: 0.079s | FPS: 12.6 | Status: Success
[646/2328] 000826.jpg
    -> d:\GitHub\Smart-home\web Server\AI engine\results\result_000826.jpg
    Inference: 0.085s | FPS: 11.8 | Status: Success
[647/2328] 000827.jpg
    -> d:\GitHub\Smart-home\web Server\AI engine\results\result_000827.jpg
    Inference: 0.098s | FPS: 10.2 | Status: Success
[648/2328] 000828.jpg
    -> d:\GitHub\Smart-home\web Server\AI engine\results\result_000828.jpg
    Inference: 0.095s | FPS: 10.5 | Status: Success
[649/2328] 000829.jpg
    -> d:\GitHub\Smart-home\web Server\AI engine\results\result_000829.jpg
    Inference: 0.103s | FPS: 9.7 | Status: Success
[650/2328] 000830.jpg
    -> d:\GitHub\Smart-home\web Server\AI engine\results\result_000830.jpg
    Inference: 0.097s | FPS: 10.3 | Status: Success
[651/2328] 000831.jpg
    -> d:\GitHub\Smart-home\web Server\AI engine\results\result_000831.jpg
    Inference: 0.120s | FPS: 8.4 | Status: Success
[652/2328] 000832.jpg
    -> d:\GitHub\Smart-home\web Server\AI engine\results\result_000832.jpg
    Inference: 0.118s | FPS: 8.5 | Status: Success
[653/2328] 000833.jpg
    -> d:\GitHub\Smart-home\web Server\AI engine\results\result_000833.jpg
    Inference: 0.087s | FPS: 11.5 | Status: Success
[654/2328] 000834.jpg
    -> d:\GitHub\Smart-home\web Server\AI engine\results\result_000834.jpg
    Inference: 0.091s | FPS: 11.0 | Status: Success
[655/2328] 000835.jpg
    -> d:\GitHub\Smart-home\web Server\AI engine\results\result_000835.jpg
    Inference: 0.082s | FPS: 12.2 | Status: Success
[656/2328] 000836.jpg
    -> d:\GitHub\Smart-home\web Server\AI engine\results\result_000836.jpg
    Inference: 0.090s | FPS: 11.1 | Status: Success
[657/2328] 000837.jpg
    -> d:\GitHub\Smart-home\web Server\AI engine\results\result_000837.jpg
    Inference: 0.084s | FPS: 11.8 | Status: Success
[658/2328] 000838.jpg
    -> d:\GitHub\Smart-home\web Server\AI engine\results\result_000838.jpg
    Inference: 0.081s | FPS: 12.4 | Status: Success
[659/2328] 000839.jpg
    -> d:\GitHub\Smart-home\web Server\AI engine\results\result_000839.jpg
    Inference: 0.079s | FPS: 12.7 | Status: Success
[660/2328] 000840.jpg
    -> d:\GitHub\Smart-home\web Server\AI engine\results\result_000840.jpg
    Inference: 0.079s | FPS: 12.6 | Status: Success
[661/2328] 000841.jpg
    -> d:\GitHub\Smart-home\web Server\AI engine\results\result_000841.jpg
    Inference: 0.078s | FPS: 12.8 | Status: Success
[662/2328] 000842.jpg
    -> d:\GitHub\Smart-home\web Server\AI engine\results\result_000842.jpg
    Inference: 0.083s | FPS: 12.0 | Status: Success
[663/2328] 000843.jpg
    -> d:\GitHub\Smart-home\web Server\AI engine\results\result_000843.jpg
    Inference: 0.080s | FPS: 12.5 | Status: Success
[664/2328] 000844.jpg
    -> d:\GitHub\Smart-home\web Server\AI engine\results\result_000844.jpg
    Inference: 0.076s | FPS: 13.1 | Status: Success
[665/2328] 000845.jpg
    -> d:\GitHub\Smart-home\web Server\AI engine\results\result_000845.jpg
    Inference: 0.079s | FPS: 12.6 | Status: Success
[666/2328] 000846.jpg
    -> d:\GitHub\Smart-home\web Server\AI engine\results\result_000846.jpg
    Inference: 0.079s | FPS: 12.7 | Status: Success
[667/2328] 000847.jpg
    -> d:\GitHub\Smart-home\web Server\AI engine\results\result_000847.jpg
    Inference: 0.077s | FPS: 13.0 | Status: Success
[668/2328] 000848.jpg
    -> d:\GitHub\Smart-home\web Server\AI engine\results\result_000848.jpg
    Inference: 0.082s | FPS: 12.2 | Status: Success
[669/2328] 000849.jpg
    -> d:\GitHub\Smart-home\web Server\AI engine\results\result_000849.jpg
    Inference: 0.078s | FPS: 12.8 | Status: Success
[670/2328] 000850.jpg
    -> d:\GitHub\Smart-home\web Server\AI engine\results\result_000850.jpg
    Inference: 0.077s | FPS: 13.0 | Status: Success
[671/2328] 000851.jpg
    -> d:\GitHub\Smart-home\web Server\AI engine\results\result_000851.jpg
    Inference: 0.078s | FPS: 12.8 | Status: Success
[672/2328] 000852.jpg
    -> d:\GitHub\Smart-home\web Server\AI engine\results\result_000852.jpg
    Inference: 0.081s | FPS: 12.4 | Status: Success
[673/2328] 000853.jpg
    -> d:\GitHub\Smart-home\web Server\AI engine\results\result_000853.jpg
    Inference: 0.080s | FPS: 12.5 | Status: Success
[674/2328] 000854.jpg
    -> d:\GitHub\Smart-home\web Server\AI engine\results\result_000854.jpg
    Inference: 0.082s | FPS: 12.2 | Status: Success
[675/2328] 000855.jpg
    -> d:\GitHub\Smart-home\web Server\AI engine\results\result_000855.jpg
    Inference: 0.082s | FPS: 12.1 | Status: Success
[676/2328] 000856.jpg
    -> d:\GitHub\Smart-home\web Server\AI engine\results\result_000856.jpg
    Inference: 0.080s | FPS: 12.5 | Status: Success
[677/2328] 000857.jpg
    -> d:\GitHub\Smart-home\web Server\AI engine\results\result_000857.jpg
    Inference: 0.078s | FPS: 12.9 | Status: Success
[678/2328] 000858.jpg
    -> d:\GitHub\Smart-home\web Server\AI engine\results\result_000858.jpg
    Inference: 0.083s | FPS: 12.1 | Status: Success
[679/2328] 000859.jpg
    -> d:\GitHub\Smart-home\web Server\AI engine\results\result_000859.jpg
    Inference: 0.080s | FPS: 12.5 | Status: Success
[680/2328] 000860.jpg
    -> d:\GitHub\Smart-home\web Server\AI engine\results\result_000860.jpg
    Inference: 0.085s | FPS: 11.8 | Status: Success
[681/2328] 000861.jpg
    -> d:\GitHub\Smart-home\web Server\AI engine\results\result_000861.jpg
    Inference: 0.085s | FPS: 11.8 | Status: Success
[682/2328] 000862.jpg
    -> d:\GitHub\Smart-home\web Server\AI engine\results\result_000862.jpg
    Inference: 0.078s | FPS: 12.8 | Status: Success
[683/2328] 000863.jpg
    -> d:\GitHub\Smart-home\web Server\AI engine\results\result_000863.jpg
    Inference: 0.085s | FPS: 11.8 | Status: Success
[684/2328] 000864.jpg
    -> d:\GitHub\Smart-home\web Server\AI engine\results\result_000864.jpg
    Inference: 0.084s | FPS: 11.9 | Status: Success
[685/2328] 000865.jpg
    -> d:\GitHub\Smart-home\web Server\AI engine\results\result_000865.jpg
    Inference: 0.082s | FPS: 12.1 | Status: Success
[686/2328] 000866.jpg
    -> d:\GitHub\Smart-home\web Server\AI engine\results\result_000866.jpg
    Inference: 0.086s | FPS: 11.6 | Status: Success
[687/2328] 000868.jpg
    -> d:\GitHub\Smart-home\web Server\AI engine\results\result_000868.jpg
    Inference: 0.089s | FPS: 11.2 | Status: Success
[688/2328] 000869.jpg
    -> d:\GitHub\Smart-home\web Server\AI engine\results\result_000869.jpg
    Inference: 0.084s | FPS: 11.9 | Status: Success
[689/2328] 000870.jpg
    -> d:\GitHub\Smart-home\web Server\AI engine\results\result_000870.jpg
    Inference: 0.086s | FPS: 11.6 | Status: Success
[690/2328] 000871.jpg
    -> d:\GitHub\Smart-home\web Server\AI engine\results\result_000871.jpg
    Inference: 0.085s | FPS: 11.8 | Status: Success
[691/2328] 000872.jpg
    -> d:\GitHub\Smart-home\web Server\AI engine\results\result_000872.jpg
    Inference: 0.084s | FPS: 12.0 | Status: Success
[692/2328] 000873.jpg
    -> d:\GitHub\Smart-home\web Server\AI engine\results\result_000873.jpg
    Inference: 0.092s | FPS: 10.9 | Status: Success
[693/2328] 000874.jpg
    -> d:\GitHub\Smart-home\web Server\AI engine\results\result_000874.jpg
    Inference: 0.090s | FPS: 11.1 | Status: Success
[694/2328] 000875.jpg
    -> d:\GitHub\Smart-home\web Server\AI engine\results\result_000875.jpg
    Inference: 0.091s | FPS: 11.0 | Status: Success
[695/2328] 000876.jpg
    -> d:\GitHub\Smart-home\web Server\AI engine\results\result_000876.jpg
    Inference: 0.082s | FPS: 12.2 | Status: Success
[696/2328] 000877.jpg
    -> d:\GitHub\Smart-home\web Server\AI engine\results\result_000877.jpg
    Inference: 0.077s | FPS: 13.0 | Status: Success
[697/2328] 000878.jpg
    -> d:\GitHub\Smart-home\web Server\AI engine\results\result_000878.jpg
    Inference: 0.079s | FPS: 12.6 | Status: Success
[698/2328] 000879.jpg
    -> d:\GitHub\Smart-home\web Server\AI engine\results\result_000879.jpg
    Inference: 0.082s | FPS: 12.2 | Status: Success
[699/2328] 000880.jpg
    -> d:\GitHub\Smart-home\web Server\AI engine\results\result_000880.jpg
    Inference: 0.079s | FPS: 12.6 | Status: Success
[700/2328] 000881.jpg
    -> d:\GitHub\Smart-home\web Server\AI engine\results\result_000881.jpg
    Inference: 0.082s | FPS: 12.2 | Status: Success
[701/2328] 000882.jpg
    -> d:\GitHub\Smart-home\web Server\AI engine\results\result_000882.jpg
    Inference: 0.087s | FPS: 11.6 | Status: Success
[702/2328] 000883.jpg
    -> d:\GitHub\Smart-home\web Server\AI engine\results\result_000883.jpg
    Inference: 0.088s | FPS: 11.4 | Status: Success
[703/2328] 000884.jpg
    -> d:\GitHub\Smart-home\web Server\AI engine\results\result_000884.jpg
    Inference: 0.085s | FPS: 11.8 | Status: Success
[704/2328] 000885.jpg
    -> d:\GitHub\Smart-home\web Server\AI engine\results\result_000885.jpg
    Inference: 0.079s | FPS: 12.6 | Status: Success
[705/2328] 000886.jpg
    -> d:\GitHub\Smart-home\web Server\AI engine\results\result_000886.jpg
    Inference: 0.095s | FPS: 10.6 | Status: Success
[706/2328] 000887.jpg
    -> d:\GitHub\Smart-home\web Server\AI engine\results\result_000887.jpg
    Inference: 0.084s | FPS: 11.8 | Status: Success
[707/2328] 000888.jpg
    -> d:\GitHub\Smart-home\web Server\AI engine\results\result_000888.jpg
    Inference: 0.085s | FPS: 11.8 | Status: Success
[708/2328] 000889.jpg
    -> d:\GitHub\Smart-home\web Server\AI engine\results\result_000889.jpg
    Inference: 0.085s | FPS: 11.8 | Status: Success
[709/2328] 000890.jpg
    -> d:\GitHub\Smart-home\web Server\AI engine\results\result_000890.jpg
    Inference: 0.089s | FPS: 11.2 | Status: Success
[710/2328] 000891.jpg
    -> d:\GitHub\Smart-home\web Server\AI engine\results\result_000891.jpg
    Inference: 0.086s | FPS: 11.7 | Status: Success
[711/2328] 000892.jpg
    -> d:\GitHub\Smart-home\web Server\AI engine\results\result_000892.jpg
    Inference: 0.082s | FPS: 12.2 | Status: Success
[712/2328] 000893.jpg
    -> d:\GitHub\Smart-home\web Server\AI engine\results\result_000893.jpg
    Inference: 0.081s | FPS: 12.4 | Status: Success
[713/2328] 000894.jpg
    -> d:\GitHub\Smart-home\web Server\AI engine\results\result_000894.jpg
    Inference: 0.082s | FPS: 12.3 | Status: Success
[714/2328] 000895.jpg
    -> d:\GitHub\Smart-home\web Server\AI engine\results\result_000895.jpg
    Inference: 0.083s | FPS: 12.1 | Status: Success
[715/2328] 000896.jpg
    -> d:\GitHub\Smart-home\web Server\AI engine\results\result_000896.jpg
    Inference: 0.084s | FPS: 11.9 | Status: Success
[716/2328] 000897.jpg
    -> d:\GitHub\Smart-home\web Server\AI engine\results\result_000897.jpg
    Inference: 0.086s | FPS: 11.6 | Status: Success
[717/2328] 000898.jpg
    -> d:\GitHub\Smart-home\web Server\AI engine\results\result_000898.jpg
    Inference: 0.088s | FPS: 11.3 | Status: Success
[718/2328] 000899.jpg
    -> d:\GitHub\Smart-home\web Server\AI engine\results\result_000899.jpg
    Inference: 0.087s | FPS: 11.5 | Status: Success
[719/2328] 000900.jpg
    -> d:\GitHub\Smart-home\web Server\AI engine\results\result_000900.jpg
    Inference: 0.086s | FPS: 11.6 | Status: Success
[720/2328] 000901.jpg
    -> d:\GitHub\Smart-home\web Server\AI engine\results\result_000901.jpg
    Inference: 0.092s | FPS: 10.8 | Status: Success
[721/2328] 000902.jpg
    -> d:\GitHub\Smart-home\web Server\AI engine\results\result_000902.jpg
    Inference: 0.088s | FPS: 11.4 | Status: Success
[722/2328] 000903.jpg
    -> d:\GitHub\Smart-home\web Server\AI engine\results\result_000903.jpg
    Inference: 0.090s | FPS: 11.1 | Status: Success
[723/2328] 000904.jpg
    -> d:\GitHub\Smart-home\web Server\AI engine\results\result_000904.jpg
    Inference: 0.081s | FPS: 12.3 | Status: Success
[724/2328] 000905.jpg
    -> d:\GitHub\Smart-home\web Server\AI engine\results\result_000905.jpg
    Inference: 0.083s | FPS: 12.1 | Status: Success
[725/2328] 000906.jpg
    -> d:\GitHub\Smart-home\web Server\AI engine\results\result_000906.jpg
    Inference: 0.082s | FPS: 12.3 | Status: Success
[726/2328] 000907.jpg
    -> d:\GitHub\Smart-home\web Server\AI engine\results\result_000907.jpg
    Inference: 0.090s | FPS: 11.1 | Status: Success
[727/2328] 000908.jpg
    -> d:\GitHub\Smart-home\web Server\AI engine\results\result_000908.jpg
    Inference: 0.084s | FPS: 11.9 | Status: Success
[728/2328] 000909.jpg
    -> d:\GitHub\Smart-home\web Server\AI engine\results\result_000909.jpg
    Inference: 0.081s | FPS: 12.3 | Status: Success
[729/2328] 000910.jpg
    -> d:\GitHub\Smart-home\web Server\AI engine\results\result_000910.jpg
    Inference: 0.085s | FPS: 11.8 | Status: Success
[730/2328] 000911.jpg
    -> d:\GitHub\Smart-home\web Server\AI engine\results\result_000911.jpg
    Inference: 0.086s | FPS: 11.6 | Status: Success
[731/2328] 000912.jpg
    -> d:\GitHub\Smart-home\web Server\AI engine\results\result_000912.jpg
    Inference: 0.092s | FPS: 10.9 | Status: Success
[732/2328] 000913.jpg
    -> d:\GitHub\Smart-home\web Server\AI engine\results\result_000913.jpg
    Inference: 0.081s | FPS: 12.4 | Status: Success
[733/2328] 000914.jpg
    -> d:\GitHub\Smart-home\web Server\AI engine\results\result_000914.jpg
    Inference: 0.082s | FPS: 12.2 | Status: Success
[734/2328] 000915.jpg
    -> d:\GitHub\Smart-home\web Server\AI engine\results\result_000915.jpg
    Inference: 0.092s | FPS: 10.9 | Status: Success
[735/2328] 000916.jpg
    -> d:\GitHub\Smart-home\web Server\AI engine\results\result_000916.jpg
    Inference: 0.092s | FPS: 10.8 | Status: Success
[736/2328] 000917.jpg
    -> d:\GitHub\Smart-home\web Server\AI engine\results\result_000917.jpg
    Inference: 0.091s | FPS: 11.0 | Status: Success
[737/2328] 000918.jpg
    -> d:\GitHub\Smart-home\web Server\AI engine\results\result_000918.jpg
    Inference: 0.096s | FPS: 10.4 | Status: Success
[738/2328] 000919.jpg
    -> d:\GitHub\Smart-home\web Server\AI engine\results\result_000919.jpg
    Inference: 0.089s | FPS: 11.3 | Status: Success
[739/2328] 000920.jpg
    -> d:\GitHub\Smart-home\web Server\AI engine\results\result_000920.jpg
    Inference: 0.091s | FPS: 11.0 | Status: Success
[740/2328] 000921.jpg
    -> d:\GitHub\Smart-home\web Server\AI engine\results\result_000921.jpg
    Inference: 0.085s | FPS: 11.8 | Status: Success
[741/2328] 000922.jpg
    -> d:\GitHub\Smart-home\web Server\AI engine\results\result_000922.jpg
    Inference: 0.085s | FPS: 11.8 | Status: Success
[742/2328] 000923.jpg
    -> d:\GitHub\Smart-home\web Server\AI engine\results\result_000923.jpg
    Inference: 0.084s | FPS: 11.9 | Status: Success
[743/2328] 000924.jpg
    -> d:\GitHub\Smart-home\web Server\AI engine\results\result_000924.jpg
    Inference: 0.086s | FPS: 11.6 | Status: Success
[744/2328] 000925.jpg
    -> d:\GitHub\Smart-home\web Server\AI engine\results\result_000925.jpg
    Inference: 0.084s | FPS: 11.9 | Status: Success
[745/2328] 000926.jpg
    -> d:\GitHub\Smart-home\web Server\AI engine\results\result_000926.jpg
    Inference: 0.082s | FPS: 12.3 | Status: Success
[746/2328] 000927.jpg
    -> d:\GitHub\Smart-home\web Server\AI engine\results\result_000927.jpg
    Inference: 0.081s | FPS: 12.4 | Status: Success
[747/2328] 000928.jpg
    -> d:\GitHub\Smart-home\web Server\AI engine\results\result_000928.jpg
    Inference: 0.082s | FPS: 12.2 | Status: Success
[748/2328] 000929.jpg
    -> d:\GitHub\Smart-home\web Server\AI engine\results\result_000929.jpg
    Inference: 0.085s | FPS: 11.8 | Status: Success
[749/2328] 000930.jpg
    -> d:\GitHub\Smart-home\web Server\AI engine\results\result_000930.jpg
    Inference: 0.082s | FPS: 12.2 | Status: Success
[750/2328] 000931.jpg
    -> d:\GitHub\Smart-home\web Server\AI engine\results\result_000931.jpg
    Inference: 0.081s | FPS: 12.3 | Status: Success
[751/2328] 000932.jpg
    -> d:\GitHub\Smart-home\web Server\AI engine\results\result_000932.jpg
    Inference: 0.078s | FPS: 12.7 | Status: Success
[752/2328] 000933.jpg
    -> d:\GitHub\Smart-home\web Server\AI engine\results\result_000933.jpg
    Inference: 0.084s | FPS: 11.9 | Status: Success
[753/2328] 000934.jpg
    -> d:\GitHub\Smart-home\web Server\AI engine\results\result_000934.jpg
    Inference: 0.083s | FPS: 12.1 | Status: Success
[754/2328] 000935.jpg
    -> d:\GitHub\Smart-home\web Server\AI engine\results\result_000935.jpg
    Inference: 0.086s | FPS: 11.6 | Status: Success
[755/2328] 000936.jpg
    -> d:\GitHub\Smart-home\web Server\AI engine\results\result_000936.jpg
    Inference: 0.085s | FPS: 11.8 | Status: Success
[756/2328] 000937.jpg
    -> d:\GitHub\Smart-home\web Server\AI engine\results\result_000937.jpg
    Inference: 0.082s | FPS: 12.3 | Status: Success
[757/2328] 000938.jpg
    -> d:\GitHub\Smart-home\web Server\AI engine\results\result_000938.jpg
    Inference: 0.083s | FPS: 12.1 | Status: Success
[758/2328] 000939.jpg
    -> d:\GitHub\Smart-home\web Server\AI engine\results\result_000939.jpg
    Inference: 0.081s | FPS: 12.4 | Status: Success
[759/2328] 000940.jpg
    -> d:\GitHub\Smart-home\web Server\AI engine\results\result_000940.jpg
    Inference: 0.080s | FPS: 12.5 | Status: Success
[760/2328] 000941.jpg
    -> d:\GitHub\Smart-home\web Server\AI engine\results\result_000941.jpg
    Inference: 0.083s | FPS: 12.0 | Status: Success
[761/2328] 000942.jpg
    -> d:\GitHub\Smart-home\web Server\AI engine\results\result_000942.jpg
    Inference: 0.085s | FPS: 11.8 | Status: Success
[762/2328] 000943.jpg
    -> d:\GitHub\Smart-home\web Server\AI engine\results\result_000943.jpg
    Inference: 0.082s | FPS: 12.2 | Status: Success
[763/2328] 000944.jpg
    -> d:\GitHub\Smart-home\web Server\AI engine\results\result_000944.jpg
    Inference: 0.081s | FPS: 12.3 | Status: Success
[764/2328] 000945.jpg
    -> d:\GitHub\Smart-home\web Server\AI engine\results\result_000945.jpg
    Inference: 0.079s | FPS: 12.7 | Status: Success
[765/2328] 000946.jpg
    -> d:\GitHub\Smart-home\web Server\AI engine\results\result_000946.jpg
    Inference: 0.082s | FPS: 12.2 | Status: Success
[766/2328] 000947.jpg
    -> d:\GitHub\Smart-home\web Server\AI engine\results\result_000947.jpg
    Inference: 0.097s | FPS: 10.3 | Status: Success
[767/2328] 000948.jpg
    -> d:\GitHub\Smart-home\web Server\AI engine\results\result_000948.jpg
    Inference: 0.086s | FPS: 11.7 | Status: Success
[768/2328] 000949.jpg
    -> d:\GitHub\Smart-home\web Server\AI engine\results\result_000949.jpg
    Inference: 0.084s | FPS: 11.9 | Status: Success
[769/2328] 000950.jpg
    -> d:\GitHub\Smart-home\web Server\AI engine\results\result_000950.jpg
    Inference: 0.082s | FPS: 12.2 | Status: Success
[770/2328] 000951.jpg
    -> d:\GitHub\Smart-home\web Server\AI engine\results\result_000951.jpg
    Inference: 0.079s | FPS: 12.6 | Status: Success
[771/2328] 000952.jpg
    -> d:\GitHub\Smart-home\web Server\AI engine\results\result_000952.jpg
    Inference: 0.081s | FPS: 12.3 | Status: Success
[772/2328] 000953.jpg
    -> d:\GitHub\Smart-home\web Server\AI engine\results\result_000953.jpg
    Inference: 0.086s | FPS: 11.7 | Status: Success
[773/2328] 000954.jpg
    -> d:\GitHub\Smart-home\web Server\AI engine\results\result_000954.jpg
    Inference: 0.082s | FPS: 12.2 | Status: Success
[774/2328] 000955.jpg
    -> d:\GitHub\Smart-home\web Server\AI engine\results\result_000955.jpg
    Inference: 0.082s | FPS: 12.2 | Status: Success
[775/2328] 000956.jpg
    -> d:\GitHub\Smart-home\web Server\AI engine\results\result_000956.jpg
    Inference: 0.081s | FPS: 12.4 | Status: Success
[776/2328] 000957.jpg
    -> d:\GitHub\Smart-home\web Server\AI engine\results\result_000957.jpg
    Inference: 0.082s | FPS: 12.2 | Status: Success
[777/2328] 000958.jpg
    -> d:\GitHub\Smart-home\web Server\AI engine\results\result_000958.jpg
    Inference: 0.081s | FPS: 12.4 | Status: Success
[778/2328] 000959.jpg
    -> d:\GitHub\Smart-home\web Server\AI engine\results\result_000959.jpg
    Inference: 0.084s | FPS: 11.9 | Status: Success
[779/2328] 000960.jpg
    -> d:\GitHub\Smart-home\web Server\AI engine\results\result_000960.jpg
    Inference: 0.085s | FPS: 11.7 | Status: Success
[780/2328] 000961.jpg
    -> d:\GitHub\Smart-home\web Server\AI engine\results\result_000961.jpg
    Inference: 0.079s | FPS: 12.7 | Status: Success
[781/2328] 000962.jpg
    -> d:\GitHub\Smart-home\web Server\AI engine\results\result_000962.jpg
    Inference: 0.084s | FPS: 12.0 | Status: Success
[782/2328] 000963.jpg
    -> d:\GitHub\Smart-home\web Server\AI engine\results\result_000963.jpg
    Inference: 0.085s | FPS: 11.8 | Status: Success
[783/2328] 000964.jpg
    -> d:\GitHub\Smart-home\web Server\AI engine\results\result_000964.jpg
    Inference: 0.082s | FPS: 12.2 | Status: Success
[784/2328] 000965.jpg
    -> d:\GitHub\Smart-home\web Server\AI engine\results\result_000965.jpg
    Inference: 0.084s | FPS: 11.9 | Status: Success
[785/2328] 000966.jpg
    -> d:\GitHub\Smart-home\web Server\AI engine\results\result_000966.jpg
    Inference: 0.080s | FPS: 12.5 | Status: Success
[786/2328] 000967.jpg
    -> d:\GitHub\Smart-home\web Server\AI engine\results\result_000967.jpg
    Inference: 0.083s | FPS: 12.1 | Status: Success
[787/2328] 000968.jpg
    -> d:\GitHub\Smart-home\web Server\AI engine\results\result_000968.jpg
    Inference: 0.081s | FPS: 12.4 | Status: Success
[788/2328] 000969.jpg
    -> d:\GitHub\Smart-home\web Server\AI engine\results\result_000969.jpg
    Inference: 0.079s | FPS: 12.6 | Status: Success
[789/2328] 000970.jpg
    -> d:\GitHub\Smart-home\web Server\AI engine\results\result_000970.jpg
    Inference: 0.079s | FPS: 12.6 | Status: Success
[790/2328] 000971.jpg
    -> d:\GitHub\Smart-home\web Server\AI engine\results\result_000971.jpg
    Inference: 0.084s | FPS: 11.9 | Status: Success
[791/2328] 000972.jpg
    -> d:\GitHub\Smart-home\web Server\AI engine\results\result_000972.jpg
    Inference: 0.084s | FPS: 11.9 | Status: Success
[792/2328] 000973.jpg
    -> d:\GitHub\Smart-home\web Server\AI engine\results\result_000973.jpg
    Inference: 0.082s | FPS: 12.2 | Status: Success
[793/2328] 000974.jpg
    -> d:\GitHub\Smart-home\web Server\AI engine\results\result_000974.jpg
    Inference: 0.081s | FPS: 12.3 | Status: Success
[794/2328] 000975.jpg
    -> d:\GitHub\Smart-home\web Server\AI engine\results\result_000975.jpg
    Inference: 0.082s | FPS: 12.2 | Status: Success
[795/2328] 000976.jpg
    -> d:\GitHub\Smart-home\web Server\AI engine\results\result_000976.jpg
    Inference: 0.086s | FPS: 11.7 | Status: Success
[796/2328] 000977.jpg
    -> d:\GitHub\Smart-home\web Server\AI engine\results\result_000977.jpg
    Inference: 0.084s | FPS: 11.9 | Status: Success
[797/2328] 000979.jpg
    -> d:\GitHub\Smart-home\web Server\AI engine\results\result_000979.jpg
    Inference: 0.079s | FPS: 12.7 | Status: Success
[798/2328] 000980.jpg
    -> d:\GitHub\Smart-home\web Server\AI engine\results\result_000980.jpg
    Inference: 0.081s | FPS: 12.3 | Status: Success
[799/2328] 000981.jpg
    -> d:\GitHub\Smart-home\web Server\AI engine\results\result_000981.jpg
    Inference: 0.080s | FPS: 12.5 | Status: Success
[800/2328] 000982.jpg
    -> d:\GitHub\Smart-home\web Server\AI engine\results\result_000982.jpg
    Inference: 0.080s | FPS: 12.5 | Status: Success
[801/2328] 000983.jpg
    -> d:\GitHub\Smart-home\web Server\AI engine\results\result_000983.jpg
    Inference: 0.082s | FPS: 12.3 | Status: Success
[802/2328] 000984.jpg
    -> d:\GitHub\Smart-home\web Server\AI engine\results\result_000984.jpg
    Inference: 0.084s | FPS: 11.9 | Status: Success
[803/2328] 000985.jpg
    -> d:\GitHub\Smart-home\web Server\AI engine\results\result_000985.jpg
    Inference: 0.084s | FPS: 11.9 | Status: Success
[804/2328] 000986.jpg
    -> d:\GitHub\Smart-home\web Server\AI engine\results\result_000986.jpg
    Inference: 0.081s | FPS: 12.4 | Status: Success
[805/2328] 000987.jpg
    -> d:\GitHub\Smart-home\web Server\AI engine\results\result_000987.jpg
    Inference: 0.079s | FPS: 12.6 | Status: Success
[806/2328] 000988.jpg
    -> d:\GitHub\Smart-home\web Server\AI engine\results\result_000988.jpg
    Inference: 0.081s | FPS: 12.3 | Status: Success
[807/2328] 000989.jpg
    -> d:\GitHub\Smart-home\web Server\AI engine\results\result_000989.jpg
    Inference: 0.084s | FPS: 11.9 | Status: Success
[808/2328] 000990.jpg
    -> d:\GitHub\Smart-home\web Server\AI engine\results\result_000990.jpg
    Inference: 0.087s | FPS: 11.4 | Status: Success
[809/2328] 000991.jpg
    -> d:\GitHub\Smart-home\web Server\AI engine\results\result_000991.jpg
    Inference: 0.082s | FPS: 12.2 | Status: Success
[810/2328] 000992.jpg
    -> d:\GitHub\Smart-home\web Server\AI engine\results\result_000992.jpg
    Inference: 0.083s | FPS: 12.1 | Status: Success
[811/2328] 000993.jpg
    -> d:\GitHub\Smart-home\web Server\AI engine\results\result_000993.jpg
    Inference: 0.080s | FPS: 12.5 | Status: Success
[812/2328] 000994.jpg
    -> d:\GitHub\Smart-home\web Server\AI engine\results\result_000994.jpg
    Inference: 0.082s | FPS: 12.1 | Status: Success
[813/2328] 000995.jpg
    -> d:\GitHub\Smart-home\web Server\AI engine\results\result_000995.jpg
    Inference: 0.079s | FPS: 12.6 | Status: Success
[814/2328] 000996.jpg
    -> d:\GitHub\Smart-home\web Server\AI engine\results\result_000996.jpg
    Inference: 0.085s | FPS: 11.8 | Status: Success
[815/2328] 000997.jpg
    -> d:\GitHub\Smart-home\web Server\AI engine\results\result_000997.jpg
    Inference: 0.092s | FPS: 10.9 | Status: Success
[816/2328] 000998.jpg
    -> d:\GitHub\Smart-home\web Server\AI engine\results\result_000998.jpg
    Inference: 0.093s | FPS: 10.8 | Status: Success
[817/2328] 000999.jpg
    -> d:\GitHub\Smart-home\web Server\AI engine\results\result_000999.jpg
    Inference: 0.082s | FPS: 12.1 | Status: Success
[818/2328] 001000.jpg
    -> d:\GitHub\Smart-home\web Server\AI engine\results\result_001000.jpg
    Inference: 0.082s | FPS: 12.2 | Status: Success
[819/2328] 001001.jpg
    -> d:\GitHub\Smart-home\web Server\AI engine\results\result_001001.jpg
    Inference: 0.086s | FPS: 11.6 | Status: Success
[820/2328] 001002.jpg
    -> d:\GitHub\Smart-home\web Server\AI engine\results\result_001002.jpg
    Inference: 0.078s | FPS: 12.7 | Status: Success
[821/2328] 001003.jpg
    -> d:\GitHub\Smart-home\web Server\AI engine\results\result_001003.jpg
    Inference: 0.084s | FPS: 12.0 | Status: Success
[822/2328] 001004.jpg
    -> d:\GitHub\Smart-home\web Server\AI engine\results\result_001004.jpg
    Inference: 0.081s | FPS: 12.4 | Status: Success
[823/2328] 001005.jpg
    -> d:\GitHub\Smart-home\web Server\AI engine\results\result_001005.jpg
    Inference: 0.081s | FPS: 12.3 | Status: Success
[824/2328] 001006.jpg
    -> d:\GitHub\Smart-home\web Server\AI engine\results\result_001006.jpg
    Inference: 0.082s | FPS: 12.1 | Status: Success
[825/2328] 001007.jpg
    -> d:\GitHub\Smart-home\web Server\AI engine\results\result_001007.jpg
    Inference: 0.086s | FPS: 11.6 | Status: Success
[826/2328] 001008.jpg
    -> d:\GitHub\Smart-home\web Server\AI engine\results\result_001008.jpg
    Inference: 0.088s | FPS: 11.4 | Status: Success
[827/2328] 001009.jpg
    -> d:\GitHub\Smart-home\web Server\AI engine\results\result_001009.jpg
    Inference: 0.085s | FPS: 11.8 | Status: Success
[828/2328] 001010.jpg
    -> d:\GitHub\Smart-home\web Server\AI engine\results\result_001010.jpg
    Inference: 0.080s | FPS: 12.6 | Status: Success
[829/2328] 001011.jpg
    -> d:\GitHub\Smart-home\web Server\AI engine\results\result_001011.jpg
    Inference: 0.083s | FPS: 12.0 | Status: Success
[830/2328] 001012.jpg
    -> d:\GitHub\Smart-home\web Server\AI engine\results\result_001012.jpg
    Inference: 0.085s | FPS: 11.7 | Status: Success
[831/2328] 001013.jpg
    -> d:\GitHub\Smart-home\web Server\AI engine\results\result_001013.jpg
    Inference: 0.095s | FPS: 10.5 | Status: Success
[832/2328] 001014.jpg
    -> d:\GitHub\Smart-home\web Server\AI engine\results\result_001014.jpg
    Inference: 0.089s | FPS: 11.3 | Status: Success
[833/2328] 001015.jpg
    -> d:\GitHub\Smart-home\web Server\AI engine\results\result_001015.jpg
    Inference: 0.093s | FPS: 10.7 | Status: Success
[834/2328] 001016.jpg
    -> d:\GitHub\Smart-home\web Server\AI engine\results\result_001016.jpg
    Inference: 0.090s | FPS: 11.1 | Status: Success
[835/2328] 001017.jpg
    -> d:\GitHub\Smart-home\web Server\AI engine\results\result_001017.jpg
    Inference: 0.085s | FPS: 11.8 | Status: Success
[836/2328] 001018.jpg
    -> d:\GitHub\Smart-home\web Server\AI engine\results\result_001018.jpg
    Inference: 0.084s | FPS: 11.9 | Status: Success
[837/2328] 001019.jpg
    -> d:\GitHub\Smart-home\web Server\AI engine\results\result_001019.jpg
    Inference: 0.084s | FPS: 11.9 | Status: Success
[838/2328] 001020.jpg
    -> d:\GitHub\Smart-home\web Server\AI engine\results\result_001020.jpg
    Inference: 0.083s | FPS: 12.1 | Status: Success
[839/2328] 001021.jpg
    -> d:\GitHub\Smart-home\web Server\AI engine\results\result_001021.jpg
    Inference: 0.096s | FPS: 10.4 | Status: Success
[840/2328] 001022.jpg
    -> d:\GitHub\Smart-home\web Server\AI engine\results\result_001022.jpg
    Inference: 0.087s | FPS: 11.5 | Status: Success
[841/2328] 001023.jpg
    -> d:\GitHub\Smart-home\web Server\AI engine\results\result_001023.jpg
    Inference: 0.082s | FPS: 12.3 | Status: Success
[842/2328] 001024.jpg
    -> d:\GitHub\Smart-home\web Server\AI engine\results\result_001024.jpg
    Inference: 0.084s | FPS: 11.9 | Status: Success
[843/2328] 001025.jpg
    -> d:\GitHub\Smart-home\web Server\AI engine\results\result_001025.jpg
    Inference: 0.082s | FPS: 12.3 | Status: Success
[844/2328] 001026.jpg
    -> d:\GitHub\Smart-home\web Server\AI engine\results\result_001026.jpg
    Inference: 0.083s | FPS: 12.0 | Status: Success
[845/2328] 001027.jpg
    -> d:\GitHub\Smart-home\web Server\AI engine\results\result_001027.jpg
    Inference: 0.081s | FPS: 12.4 | Status: Success
[846/2328] 001028.jpg
    -> d:\GitHub\Smart-home\web Server\AI engine\results\result_001028.jpg
    Inference: 0.091s | FPS: 11.0 | Status: Success
[847/2328] 001029.jpg
    -> d:\GitHub\Smart-home\web Server\AI engine\results\result_001029.jpg
    Inference: 0.097s | FPS: 10.4 | Status: Success
[848/2328] 001030.jpg
    -> d:\GitHub\Smart-home\web Server\AI engine\results\result_001030.jpg
    Inference: 0.087s | FPS: 11.4 | Status: Success
[849/2328] 001031.jpg
    -> d:\GitHub\Smart-home\web Server\AI engine\results\result_001031.jpg
    Inference: 0.084s | FPS: 12.0 | Status: Success
[850/2328] 001032.jpg
    -> d:\GitHub\Smart-home\web Server\AI engine\results\result_001032.jpg
    Inference: 0.087s | FPS: 11.5 | Status: Success
[851/2328] 001033.jpg
    -> d:\GitHub\Smart-home\web Server\AI engine\results\result_001033.jpg
    Inference: 0.085s | FPS: 11.7 | Status: Success
[852/2328] 001034.jpg
    -> d:\GitHub\Smart-home\web Server\AI engine\results\result_001034.jpg
    Inference: 0.095s | FPS: 10.6 | Status: Success
[853/2328] 001035.jpg
    -> d:\GitHub\Smart-home\web Server\AI engine\results\result_001035.jpg
    Inference: 0.109s | FPS: 9.2 | Status: Success
[854/2328] 001036.jpg
    -> d:\GitHub\Smart-home\web Server\AI engine\results\result_001036.jpg
    Inference: 0.111s | FPS: 9.0 | Status: Success
[855/2328] 001037.jpg
    -> d:\GitHub\Smart-home\web Server\AI engine\results\result_001037.jpg
    Inference: 0.107s | FPS: 9.3 | Status: Success
[856/2328] 001038.jpg
    -> d:\GitHub\Smart-home\web Server\AI engine\results\result_001038.jpg
    Inference: 0.097s | FPS: 10.3 | Status: Success
[857/2328] 001039.jpg
    -> d:\GitHub\Smart-home\web Server\AI engine\results\result_001039.jpg
    Inference: 0.092s | FPS: 10.9 | Status: Success
[858/2328] 001040.jpg
    -> d:\GitHub\Smart-home\web Server\AI engine\results\result_001040.jpg
    Inference: 0.095s | FPS: 10.5 | Status: Success
[859/2328] 001041.jpg
    -> d:\GitHub\Smart-home\web Server\AI engine\results\result_001041.jpg
    Inference: 0.088s | FPS: 11.4 | Status: Success
[860/2328] 001042.jpg
    -> d:\GitHub\Smart-home\web Server\AI engine\results\result_001042.jpg
    Inference: 0.095s | FPS: 10.5 | Status: Success
[861/2328] 001043.jpg
    -> d:\GitHub\Smart-home\web Server\AI engine\results\result_001043.jpg
    Inference: 0.085s | FPS: 11.7 | Status: Success
[862/2328] 001044.jpg
    -> d:\GitHub\Smart-home\web Server\AI engine\results\result_001044.jpg
    Inference: 0.088s | FPS: 11.4 | Status: Success
[863/2328] 001045.jpg
    -> d:\GitHub\Smart-home\web Server\AI engine\results\result_001045.jpg
    Inference: 0.084s | FPS: 11.8 | Status: Success
[864/2328] 001046.jpg
    -> d:\GitHub\Smart-home\web Server\AI engine\results\result_001046.jpg
    Inference: 0.084s | FPS: 11.9 | Status: Success
[865/2328] 001047.jpg
    -> d:\GitHub\Smart-home\web Server\AI engine\results\result_001047.jpg
    Inference: 0.083s | FPS: 12.1 | Status: Success
[866/2328] 001048.jpg
    -> d:\GitHub\Smart-home\web Server\AI engine\results\result_001048.jpg
    Inference: 0.083s | FPS: 12.1 | Status: Success
[867/2328] 001049.jpg
    -> d:\GitHub\Smart-home\web Server\AI engine\results\result_001049.jpg
    Inference: 0.081s | FPS: 12.3 | Status: Success
[868/2328] 001050.jpg
    -> d:\GitHub\Smart-home\web Server\AI engine\results\result_001050.jpg
    Inference: 0.079s | FPS: 12.7 | Status: Success
[869/2328] 001051.jpg
    -> d:\GitHub\Smart-home\web Server\AI engine\results\result_001051.jpg
    Inference: 0.083s | FPS: 12.1 | Status: Success
[870/2328] 001052.jpg
    -> d:\GitHub\Smart-home\web Server\AI engine\results\result_001052.jpg
    Inference: 0.079s | FPS: 12.7 | Status: Success
[871/2328] 001053.jpg
    -> d:\GitHub\Smart-home\web Server\AI engine\results\result_001053.jpg
    Inference: 0.080s | FPS: 12.5 | Status: Success
[872/2328] 001054.jpg
    -> d:\GitHub\Smart-home\web Server\AI engine\results\result_001054.jpg
    Inference: 0.081s | FPS: 12.3 | Status: Success
[873/2328] 001055.jpg
    -> d:\GitHub\Smart-home\web Server\AI engine\results\result_001055.jpg
    Inference: 0.080s | FPS: 12.5 | Status: Success
[874/2328] 001056.jpg
    -> d:\GitHub\Smart-home\web Server\AI engine\results\result_001056.jpg
    Inference: 0.107s | FPS: 9.4 | Status: Success
[875/2328] 001057.jpg
    -> d:\GitHub\Smart-home\web Server\AI engine\results\result_001057.jpg
    Inference: 0.088s | FPS: 11.4 | Status: Success
[876/2328] 001058.jpg
    -> d:\GitHub\Smart-home\web Server\AI engine\results\result_001058.jpg
    Inference: 0.090s | FPS: 11.2 | Status: Success
[877/2328] 001059.jpg
    -> d:\GitHub\Smart-home\web Server\AI engine\results\result_001059.jpg
    Inference: 0.086s | FPS: 11.7 | Status: Success
[878/2328] 001060.jpg
    -> d:\GitHub\Smart-home\web Server\AI engine\results\result_001060.jpg
    Inference: 0.092s | FPS: 10.9 | Status: Success
[879/2328] 001061.jpg
    -> d:\GitHub\Smart-home\web Server\AI engine\results\result_001061.jpg
    Inference: 0.087s | FPS: 11.5 | Status: Success
[880/2328] 001062.jpg
    -> d:\GitHub\Smart-home\web Server\AI engine\results\result_001062.jpg
    Inference: 0.088s | FPS: 11.4 | Status: Success
[881/2328] 001063.jpg
    -> d:\GitHub\Smart-home\web Server\AI engine\results\result_001063.jpg
    Inference: 0.092s | FPS: 10.8 | Status: Success
[882/2328] 001064.jpg
    -> d:\GitHub\Smart-home\web Server\AI engine\results\result_001064.jpg
    Inference: 0.091s | FPS: 11.0 | Status: Success
[883/2328] 001065.jpg
    -> d:\GitHub\Smart-home\web Server\AI engine\results\result_001065.jpg
    Inference: 0.086s | FPS: 11.6 | Status: Success
[884/2328] 001066.jpg
    -> d:\GitHub\Smart-home\web Server\AI engine\results\result_001066.jpg
    Inference: 0.080s | FPS: 12.5 | Status: Success
[885/2328] 001067.jpg
    -> d:\GitHub\Smart-home\web Server\AI engine\results\result_001067.jpg
    Inference: 0.097s | FPS: 10.3 | Status: Success
[886/2328] 001068.jpg
    -> d:\GitHub\Smart-home\web Server\AI engine\results\result_001068.jpg
    Inference: 0.082s | FPS: 12.2 | Status: Success
[887/2328] 001069.jpg
    -> d:\GitHub\Smart-home\web Server\AI engine\results\result_001069.jpg
    Inference: 0.080s | FPS: 12.6 | Status: Success
[888/2328] 001070.jpg
    -> d:\GitHub\Smart-home\web Server\AI engine\results\result_001070.jpg
    Inference: 0.085s | FPS: 11.8 | Status: Success
[889/2328] 001071.jpg
    -> d:\GitHub\Smart-home\web Server\AI engine\results\result_001071.jpg
    Inference: 0.098s | FPS: 10.2 | Status: Success
[890/2328] 001072.jpg
    -> d:\GitHub\Smart-home\web Server\AI engine\results\result_001072.jpg
    Inference: 0.096s | FPS: 10.4 | Status: Success
[891/2328] 001073.jpg
    -> d:\GitHub\Smart-home\web Server\AI engine\results\result_001073.jpg
    Inference: 0.090s | FPS: 11.1 | Status: Success
[892/2328] 001074.jpg
    -> d:\GitHub\Smart-home\web Server\AI engine\results\result_001074.jpg
    Inference: 0.082s | FPS: 12.2 | Status: Success
[893/2328] 001075.jpg
    -> d:\GitHub\Smart-home\web Server\AI engine\results\result_001075.jpg
    Inference: 0.086s | FPS: 11.6 | Status: Success
[894/2328] 001076.jpg
    -> d:\GitHub\Smart-home\web Server\AI engine\results\result_001076.jpg
    Inference: 0.084s | FPS: 11.9 | Status: Success
[895/2328] 001077.jpg
    -> d:\GitHub\Smart-home\web Server\AI engine\results\result_001077.jpg
    Inference: 0.083s | FPS: 12.0 | Status: Success
[896/2328] 001078.jpg
    -> d:\GitHub\Smart-home\web Server\AI engine\results\result_001078.jpg
    Inference: 0.089s | FPS: 11.2 | Status: Success
[897/2328] 001079.jpg
    -> d:\GitHub\Smart-home\web Server\AI engine\results\result_001079.jpg
    Inference: 0.082s | FPS: 12.2 | Status: Success
[898/2328] 001080.jpg
    -> d:\GitHub\Smart-home\web Server\AI engine\results\result_001080.jpg
    Inference: 0.078s | FPS: 12.8 | Status: Success
[899/2328] 001081.jpg
    -> d:\GitHub\Smart-home\web Server\AI engine\results\result_001081.jpg
    Inference: 0.080s | FPS: 12.5 | Status: Success
[900/2328] 001082.jpg
    -> d:\GitHub\Smart-home\web Server\AI engine\results\result_001082.jpg
    Inference: 0.081s | FPS: 12.3 | Status: Success
[901/2328] 001083.jpg
    -> d:\GitHub\Smart-home\web Server\AI engine\results\result_001083.jpg
    Inference: 0.080s | FPS: 12.4 | Status: Success
[902/2328] 001084.jpg
    -> d:\GitHub\Smart-home\web Server\AI engine\results\result_001084.jpg
    Inference: 0.082s | FPS: 12.2 | Status: Success
[903/2328] 001085.jpg
    -> d:\GitHub\Smart-home\web Server\AI engine\results\result_001085.jpg
    Inference: 0.079s | FPS: 12.6 | Status: Success
[904/2328] 001086.jpg
    -> d:\GitHub\Smart-home\web Server\AI engine\results\result_001086.jpg
    Inference: 0.080s | FPS: 12.4 | Status: Success
[905/2328] 001087.jpg
    -> d:\GitHub\Smart-home\web Server\AI engine\results\result_001087.jpg
    Inference: 0.081s | FPS: 12.4 | Status: Success
[906/2328] 001088.jpg
    -> d:\GitHub\Smart-home\web Server\AI engine\results\result_001088.jpg
    Inference: 0.077s | FPS: 13.0 | Status: Success
[907/2328] 001089.jpg
    -> d:\GitHub\Smart-home\web Server\AI engine\results\result_001089.jpg
    Inference: 0.081s | FPS: 12.4 | Status: Success
[908/2328] 001090.jpg
    -> d:\GitHub\Smart-home\web Server\AI engine\results\result_001090.jpg
    Inference: 0.081s | FPS: 12.4 | Status: Success
[909/2328] 001091.jpg
    -> d:\GitHub\Smart-home\web Server\AI engine\results\result_001091.jpg
    Inference: 0.076s | FPS: 13.2 | Status: Success
[910/2328] 001092.jpg
    -> d:\GitHub\Smart-home\web Server\AI engine\results\result_001092.jpg
    Inference: 0.082s | FPS: 12.2 | Status: Success
[911/2328] 001093.jpg
    -> d:\GitHub\Smart-home\web Server\AI engine\results\result_001093.jpg
    Inference: 0.079s | FPS: 12.7 | Status: Success
[912/2328] 001094.jpg
    -> d:\GitHub\Smart-home\web Server\AI engine\results\result_001094.jpg
    Inference: 0.077s | FPS: 12.9 | Status: Success
[913/2328] 001095.jpg
    -> d:\GitHub\Smart-home\web Server\AI engine\results\result_001095.jpg
    Inference: 0.080s | FPS: 12.5 | Status: Success
[914/2328] 001096.jpg
    -> d:\GitHub\Smart-home\web Server\AI engine\results\result_001096.jpg
    Inference: 0.080s | FPS: 12.6 | Status: Success
[915/2328] 001097.jpg
    -> d:\GitHub\Smart-home\web Server\AI engine\results\result_001097.jpg
    Inference: 0.077s | FPS: 13.0 | Status: Success
[916/2328] 001098.jpg
    -> d:\GitHub\Smart-home\web Server\AI engine\results\result_001098.jpg
    Inference: 0.080s | FPS: 12.6 | Status: Success
[917/2328] 001099.jpg
    -> d:\GitHub\Smart-home\web Server\AI engine\results\result_001099.jpg
    Inference: 0.077s | FPS: 13.0 | Status: Success
[918/2328] 001100.jpg
    -> d:\GitHub\Smart-home\web Server\AI engine\results\result_001100.jpg
    Inference: 0.079s | FPS: 12.7 | Status: Success
[919/2328] 001101.jpg
    -> d:\GitHub\Smart-home\web Server\AI engine\results\result_001101.jpg
    Inference: 0.077s | FPS: 13.0 | Status: Success
[920/2328] 001102.jpg
    -> d:\GitHub\Smart-home\web Server\AI engine\results\result_001102.jpg
    Inference: 0.078s | FPS: 12.9 | Status: Success
[921/2328] 001103.jpg
    -> d:\GitHub\Smart-home\web Server\AI engine\results\result_001103.jpg
    Inference: 0.083s | FPS: 12.1 | Status: Success
[922/2328] 001104.jpg
    -> d:\GitHub\Smart-home\web Server\AI engine\results\result_001104.jpg
    Inference: 0.080s | FPS: 12.5 | Status: Success
[923/2328] 001105.jpg
    -> d:\GitHub\Smart-home\web Server\AI engine\results\result_001105.jpg
    Inference: 0.080s | FPS: 12.5 | Status: Success
[924/2328] 001106.jpg
    -> d:\GitHub\Smart-home\web Server\AI engine\results\result_001106.jpg
    Inference: 0.077s | FPS: 12.9 | Status: Success
[925/2328] 001107.jpg
    -> d:\GitHub\Smart-home\web Server\AI engine\results\result_001107.jpg
    Inference: 0.078s | FPS: 12.8 | Status: Success
[926/2328] 001108.jpg
    -> d:\GitHub\Smart-home\web Server\AI engine\results\result_001108.jpg
    Inference: 0.078s | FPS: 12.7 | Status: Success
[927/2328] 001109.jpg
    -> d:\GitHub\Smart-home\web Server\AI engine\results\result_001109.jpg
    Inference: 0.082s | FPS: 12.2 | Status: Success
[928/2328] 001110.jpg
    -> d:\GitHub\Smart-home\web Server\AI engine\results\result_001110.jpg
    Inference: 0.078s | FPS: 12.8 | Status: Success
[929/2328] 001111.jpg
    -> d:\GitHub\Smart-home\web Server\AI engine\results\result_001111.jpg
    Inference: 0.078s | FPS: 12.9 | Status: Success
[930/2328] 001112.jpg
    -> d:\GitHub\Smart-home\web Server\AI engine\results\result_001112.jpg
    Inference: 0.079s | FPS: 12.7 | Status: Success
[931/2328] 001113.jpg
    -> d:\GitHub\Smart-home\web Server\AI engine\results\result_001113.jpg
    Inference: 0.089s | FPS: 11.2 | Status: Success
[932/2328] 001114.jpg
    -> d:\GitHub\Smart-home\web Server\AI engine\results\result_001114.jpg
    Inference: 0.100s | FPS: 10.0 | Status: Success
[933/2328] 001115.jpg
    -> d:\GitHub\Smart-home\web Server\AI engine\results\result_001115.jpg
    Inference: 0.090s | FPS: 11.1 | Status: Success
[934/2328] 001116.jpg
    -> d:\GitHub\Smart-home\web Server\AI engine\results\result_001116.jpg
    Inference: 0.102s | FPS: 9.8 | Status: Success
[935/2328] 001117.jpg
    -> d:\GitHub\Smart-home\web Server\AI engine\results\result_001117.jpg
    Inference: 0.091s | FPS: 11.0 | Status: Success
[936/2328] 001118.jpg
    -> d:\GitHub\Smart-home\web Server\AI engine\results\result_001118.jpg
    Inference: 0.117s | FPS: 8.5 | Status: Success
[937/2328] 001119.jpg
    -> d:\GitHub\Smart-home\web Server\AI engine\results\result_001119.jpg
    Inference: 0.119s | FPS: 8.4 | Status: Success
[938/2328] 001120.jpg
    -> d:\GitHub\Smart-home\web Server\AI engine\results\result_001120.jpg
    Inference: 0.087s | FPS: 11.5 | Status: Success
[939/2328] 001121.jpg
    -> d:\GitHub\Smart-home\web Server\AI engine\results\result_001121.jpg
    Inference: 0.101s | FPS: 9.9 | Status: Success
[940/2328] 001122.jpg
    -> d:\GitHub\Smart-home\web Server\AI engine\results\result_001122.jpg
    Inference: 0.084s | FPS: 11.8 | Status: Success
[941/2328] 001123.jpg
    -> d:\GitHub\Smart-home\web Server\AI engine\results\result_001123.jpg
    Inference: 0.091s | FPS: 11.0 | Status: Success
[942/2328] 001124.jpg
    -> d:\GitHub\Smart-home\web Server\AI engine\results\result_001124.jpg
    Inference: 0.096s | FPS: 10.4 | Status: Success
[943/2328] 001125.jpg
    -> d:\GitHub\Smart-home\web Server\AI engine\results\result_001125.jpg
    Inference: 0.088s | FPS: 11.4 | Status: Success
[944/2328] 001126.jpg
    -> d:\GitHub\Smart-home\web Server\AI engine\results\result_001126.jpg
    Inference: 0.085s | FPS: 11.8 | Status: Success
[945/2328] 001127.jpg
    -> d:\GitHub\Smart-home\web Server\AI engine\results\result_001127.jpg
    Inference: 0.083s | FPS: 12.1 | Status: Success
[946/2328] 001128.jpg
    -> d:\GitHub\Smart-home\web Server\AI engine\results\result_001128.jpg
    Inference: 0.080s | FPS: 12.6 | Status: Success
[947/2328] 001129.jpg
    -> d:\GitHub\Smart-home\web Server\AI engine\results\result_001129.jpg
    Inference: 0.085s | FPS: 11.7 | Status: Success
[948/2328] 001130.jpg
    -> d:\GitHub\Smart-home\web Server\AI engine\results\result_001130.jpg
    Inference: 0.080s | FPS: 12.5 | Status: Success
[949/2328] 001131.jpg
    -> d:\GitHub\Smart-home\web Server\AI engine\results\result_001131.jpg
    Inference: 0.082s | FPS: 12.2 | Status: Success
[950/2328] 001132.jpg
    -> d:\GitHub\Smart-home\web Server\AI engine\results\result_001132.jpg
    Inference: 0.084s | FPS: 11.9 | Status: Success
[951/2328] 001133.jpg
    -> d:\GitHub\Smart-home\web Server\AI engine\results\result_001133.jpg
    Inference: 0.079s | FPS: 12.6 | Status: Success
[952/2328] 001134.jpg
    -> d:\GitHub\Smart-home\web Server\AI engine\results\result_001134.jpg
    Inference: 0.085s | FPS: 11.7 | Status: Success
[953/2328] 001135.jpg
    -> d:\GitHub\Smart-home\web Server\AI engine\results\result_001135.jpg
    Inference: 0.084s | FPS: 11.9 | Status: Success
[954/2328] 001136.jpg
    -> d:\GitHub\Smart-home\web Server\AI engine\results\result_001136.jpg
    Inference: 0.081s | FPS: 12.3 | Status: Success
[955/2328] 001137.jpg
    -> d:\GitHub\Smart-home\web Server\AI engine\results\result_001137.jpg
    Inference: 0.082s | FPS: 12.2 | Status: Success
[956/2328] 001138.jpg
    -> d:\GitHub\Smart-home\web Server\AI engine\results\result_001138.jpg
    Inference: 0.085s | FPS: 11.8 | Status: Success
[957/2328] 001139.jpg
    -> d:\GitHub\Smart-home\web Server\AI engine\results\result_001139.jpg
    Inference: 0.083s | FPS: 12.1 | Status: Success
[958/2328] 001140.jpg
    -> d:\GitHub\Smart-home\web Server\AI engine\results\result_001140.jpg
    Inference: 0.086s | FPS: 11.6 | Status: Success
[959/2328] 001141.jpg
    -> d:\GitHub\Smart-home\web Server\AI engine\results\result_001141.jpg
    Inference: 0.082s | FPS: 12.2 | Status: Success
[960/2328] 001142.jpg
    -> d:\GitHub\Smart-home\web Server\AI engine\results\result_001142.jpg
    Inference: 0.082s | FPS: 12.2 | Status: Success
[961/2328] 001143.jpg
    -> d:\GitHub\Smart-home\web Server\AI engine\results\result_001143.jpg
    Inference: 0.081s | FPS: 12.4 | Status: Success
[962/2328] 001144.jpg
    -> d:\GitHub\Smart-home\web Server\AI engine\results\result_001144.jpg
    Inference: 0.085s | FPS: 11.8 | Status: Success
[963/2328] 001145.jpg
    -> d:\GitHub\Smart-home\web Server\AI engine\results\result_001145.jpg
    Inference: 0.085s | FPS: 11.8 | Status: Success
[964/2328] 001146.jpg
    -> d:\GitHub\Smart-home\web Server\AI engine\results\result_001146.jpg
    Inference: 0.086s | FPS: 11.7 | Status: Success
[965/2328] 001147.jpg
    -> d:\GitHub\Smart-home\web Server\AI engine\results\result_001147.jpg
    Inference: 0.078s | FPS: 12.9 | Status: Success
[966/2328] 001148.jpg
    -> d:\GitHub\Smart-home\web Server\AI engine\results\result_001148.jpg
    Inference: 0.082s | FPS: 12.2 | Status: Success
[967/2328] 001149.jpg
    -> d:\GitHub\Smart-home\web Server\AI engine\results\result_001149.jpg
    Inference: 0.081s | FPS: 12.3 | Status: Success
[968/2328] 001150.jpg
    -> d:\GitHub\Smart-home\web Server\AI engine\results\result_001150.jpg
    Inference: 0.090s | FPS: 11.1 | Status: Success
[969/2328] 001151.jpg
    -> d:\GitHub\Smart-home\web Server\AI engine\results\result_001151.jpg
    Inference: 0.098s | FPS: 10.2 | Status: Success
[970/2328] 001152.jpg
    -> d:\GitHub\Smart-home\web Server\AI engine\results\result_001152.jpg
    Inference: 0.105s | FPS: 9.6 | Status: Success
[971/2328] 001153.jpg
    -> d:\GitHub\Smart-home\web Server\AI engine\results\result_001153.jpg
    Inference: 0.094s | FPS: 10.6 | Status: Success
[972/2328] 001154.jpg
    -> d:\GitHub\Smart-home\web Server\AI engine\results\result_001154.jpg
    Inference: 0.090s | FPS: 11.1 | Status: Success
[973/2328] 001155.jpg
    -> d:\GitHub\Smart-home\web Server\AI engine\results\result_001155.jpg
    Inference: 0.085s | FPS: 11.8 | Status: Success
[974/2328] 001156.jpg
    -> d:\GitHub\Smart-home\web Server\AI engine\results\result_001156.jpg
    Inference: 0.081s | FPS: 12.4 | Status: Success
[975/2328] 001157.jpg
    -> d:\GitHub\Smart-home\web Server\AI engine\results\result_001157.jpg
    Inference: 0.092s | FPS: 10.8 | Status: Success
[976/2328] 001158.jpg
    -> d:\GitHub\Smart-home\web Server\AI engine\results\result_001158.jpg
    Inference: 0.087s | FPS: 11.5 | Status: Success
[977/2328] 001159.jpg
    -> d:\GitHub\Smart-home\web Server\AI engine\results\result_001159.jpg
    Inference: 0.087s | FPS: 11.5 | Status: Success
[978/2328] 001160.jpg
    -> d:\GitHub\Smart-home\web Server\AI engine\results\result_001160.jpg
    Inference: 0.082s | FPS: 12.2 | Status: Success
[979/2328] 001161.jpg
    -> d:\GitHub\Smart-home\web Server\AI engine\results\result_001161.jpg
    Inference: 0.081s | FPS: 12.3 | Status: Success
[980/2328] 001162.jpg
    -> d:\GitHub\Smart-home\web Server\AI engine\results\result_001162.jpg
    Inference: 0.083s | FPS: 12.1 | Status: Success
[981/2328] 001163.jpg
    -> d:\GitHub\Smart-home\web Server\AI engine\results\result_001163.jpg
    Inference: 0.084s | FPS: 11.9 | Status: Success
[982/2328] 001164.jpg
    -> d:\GitHub\Smart-home\web Server\AI engine\results\result_001164.jpg
    Inference: 0.081s | FPS: 12.3 | Status: Success
[983/2328] 001165.jpg
    -> d:\GitHub\Smart-home\web Server\AI engine\results\result_001165.jpg
    Inference: 0.080s | FPS: 12.5 | Status: Success
[984/2328] 001166.jpg
    -> d:\GitHub\Smart-home\web Server\AI engine\results\result_001166.jpg
    Inference: 0.085s | FPS: 11.8 | Status: Success
[985/2328] 001167.jpg
    -> d:\GitHub\Smart-home\web Server\AI engine\results\result_001167.jpg
    Inference: 0.079s | FPS: 12.6 | Status: Success
[986/2328] 001168.jpg
    -> d:\GitHub\Smart-home\web Server\AI engine\results\result_001168.jpg
    Inference: 0.081s | FPS: 12.4 | Status: Success
[987/2328] 001169.jpg
    -> d:\GitHub\Smart-home\web Server\AI engine\results\result_001169.jpg
    Inference: 0.084s | FPS: 11.9 | Status: Success
[988/2328] 001170.jpg
    -> d:\GitHub\Smart-home\web Server\AI engine\results\result_001170.jpg
    Inference: 0.082s | FPS: 12.2 | Status: Success
[989/2328] 001171.jpg
    -> d:\GitHub\Smart-home\web Server\AI engine\results\result_001171.jpg
    Inference: 0.078s | FPS: 12.8 | Status: Success
[990/2328] 001172.jpg
    -> d:\GitHub\Smart-home\web Server\AI engine\results\result_001172.jpg
    Inference: 0.079s | FPS: 12.7 | Status: Success
[991/2328] 001173.jpg
    -> d:\GitHub\Smart-home\web Server\AI engine\results\result_001173.jpg
    Inference: 0.081s | FPS: 12.3 | Status: Success
[992/2328] 001174.jpg
    -> d:\GitHub\Smart-home\web Server\AI engine\results\result_001174.jpg
    Inference: 0.088s | FPS: 11.4 | Status: Success
[993/2328] 001175.jpg
    -> d:\GitHub\Smart-home\web Server\AI engine\results\result_001175.jpg
    Inference: 0.088s | FPS: 11.4 | Status: Success
[994/2328] 001176.jpg
    -> d:\GitHub\Smart-home\web Server\AI engine\results\result_001176.jpg
    Inference: 0.087s | FPS: 11.5 | Status: Success
[995/2328] 001177.jpg
    -> d:\GitHub\Smart-home\web Server\AI engine\results\result_001177.jpg
    Inference: 0.086s | FPS: 11.7 | Status: Success
[996/2328] 001178.jpg
    -> d:\GitHub\Smart-home\web Server\AI engine\results\result_001178.jpg
    Inference: 0.079s | FPS: 12.6 | Status: Success
[997/2328] 001179.jpg
    -> d:\GitHub\Smart-home\web Server\AI engine\results\result_001179.jpg
    Inference: 0.089s | FPS: 11.2 | Status: Success
[998/2328] 001180.jpg
    -> d:\GitHub\Smart-home\web Server\AI engine\results\result_001180.jpg
    Inference: 0.102s | FPS: 9.8 | Status: Success
[999/2328] 001181.jpg
    -> d:\GitHub\Smart-home\web Server\AI engine\results\result_001181.jpg
    Inference: 0.113s | FPS: 8.8 | Status: Success
[1000/2328] 001182.jpg
    -> d:\GitHub\Smart-home\web Server\AI engine\results\result_001182.jpg
    Inference: 0.089s | FPS: 11.3 | Status: Success
[1001/2328] 001183.jpg
    -> d:\GitHub\Smart-home\web Server\AI engine\results\result_001183.jpg
    Inference: 0.108s | FPS: 9.3 | Status: Success
[1002/2328] 001184.jpg
    -> d:\GitHub\Smart-home\web Server\AI engine\results\result_001184.jpg
    Inference: 0.093s | FPS: 10.7 | Status: Success
[1003/2328] 001185.jpg
    -> d:\GitHub\Smart-home\web Server\AI engine\results\result_001185.jpg
    Inference: 0.089s | FPS: 11.3 | Status: Success
[1004/2328] 001186.jpg
    -> d:\GitHub\Smart-home\web Server\AI engine\results\result_001186.jpg
    Inference: 0.082s | FPS: 12.3 | Status: Success
[1005/2328] 001187.jpg
    -> d:\GitHub\Smart-home\web Server\AI engine\results\result_001187.jpg
    Inference: 0.080s | FPS: 12.5 | Status: Success
[1006/2328] 001188.jpg
    -> d:\GitHub\Smart-home\web Server\AI engine\results\result_001188.jpg
    Inference: 0.091s | FPS: 11.0 | Status: Success
[1007/2328] 001189.jpg
    -> d:\GitHub\Smart-home\web Server\AI engine\results\result_001189.jpg
    Inference: 0.093s | FPS: 10.8 | Status: Success
[1008/2328] 001190.jpg
    -> d:\GitHub\Smart-home\web Server\AI engine\results\result_001190.jpg
    Inference: 0.082s | FPS: 12.1 | Status: Success
[1009/2328] 001191.jpg
    -> d:\GitHub\Smart-home\web Server\AI engine\results\result_001191.jpg
    Inference: 0.086s | FPS: 11.6 | Status: Success
[1010/2328] 001192.jpg
    -> d:\GitHub\Smart-home\web Server\AI engine\results\result_001192.jpg
    Inference: 0.083s | FPS: 12.0 | Status: Success
[1011/2328] 001193.jpg
    -> d:\GitHub\Smart-home\web Server\AI engine\results\result_001193.jpg
    Inference: 0.083s | FPS: 12.1 | Status: Success
[1012/2328] 001194.jpg
    -> d:\GitHub\Smart-home\web Server\AI engine\results\result_001194.jpg
    Inference: 0.116s | FPS: 8.6 | Status: Success
[1013/2328] 001195.jpg
    -> d:\GitHub\Smart-home\web Server\AI engine\results\result_001195.jpg
    Inference: 0.098s | FPS: 10.2 | Status: Success
[1014/2328] 001196.jpg
    -> d:\GitHub\Smart-home\web Server\AI engine\results\result_001196.jpg
    Inference: 0.105s | FPS: 9.5 | Status: Success
[1015/2328] 001197.jpg
    -> d:\GitHub\Smart-home\web Server\AI engine\results\result_001197.jpg
    Inference: 0.084s | FPS: 12.0 | Status: Success
[1016/2328] 001198.jpg
    -> d:\GitHub\Smart-home\web Server\AI engine\results\result_001198.jpg
    Inference: 0.082s | FPS: 12.2 | Status: Success
[1017/2328] 001199.jpg
    -> d:\GitHub\Smart-home\web Server\AI engine\results\result_001199.jpg
    Inference: 0.080s | FPS: 12.6 | Status: Success
[1018/2328] 001200.jpg
    -> d:\GitHub\Smart-home\web Server\AI engine\results\result_001200.jpg
    Inference: 0.087s | FPS: 11.6 | Status: Success
[1019/2328] 001201.jpg
    -> d:\GitHub\Smart-home\web Server\AI engine\results\result_001201.jpg
    Inference: 0.091s | FPS: 10.9 | Status: Success
[1020/2328] 001202.jpg
    -> d:\GitHub\Smart-home\web Server\AI engine\results\result_001202.jpg
    Inference: 0.090s | FPS: 11.1 | Status: Success
[1021/2328] 001203.jpg
    -> d:\GitHub\Smart-home\web Server\AI engine\results\result_001203.jpg
    Inference: 0.092s | FPS: 10.8 | Status: Success
[1022/2328] 001204.jpg
    -> d:\GitHub\Smart-home\web Server\AI engine\results\result_001204.jpg
    Inference: 0.127s | FPS: 7.9 | Status: Success
[1023/2328] 001205.jpg
    -> d:\GitHub\Smart-home\web Server\AI engine\results\result_001205.jpg
    Inference: 0.091s | FPS: 11.0 | Status: Success
[1024/2328] 001207.jpg
    -> d:\GitHub\Smart-home\web Server\AI engine\results\result_001207.jpg
    Inference: 0.092s | FPS: 10.8 | Status: Success
[1025/2328] 001208.jpg
    -> d:\GitHub\Smart-home\web Server\AI engine\results\result_001208.jpg
    Inference: 0.090s | FPS: 11.2 | Status: Success
[1026/2328] 001209.jpg
    -> d:\GitHub\Smart-home\web Server\AI engine\results\result_001209.jpg
    Inference: 0.082s | FPS: 12.2 | Status: Success
[1027/2328] 001210.jpg
    -> d:\GitHub\Smart-home\web Server\AI engine\results\result_001210.jpg
    Inference: 0.081s | FPS: 12.3 | Status: Success
[1028/2328] 001211.jpg
    -> d:\GitHub\Smart-home\web Server\AI engine\results\result_001211.jpg
    Inference: 0.082s | FPS: 12.1 | Status: Success
[1029/2328] 001212.jpg
    -> d:\GitHub\Smart-home\web Server\AI engine\results\result_001212.jpg
    Inference: 0.083s | FPS: 12.0 | Status: Success
[1030/2328] 001213.jpg
    -> d:\GitHub\Smart-home\web Server\AI engine\results\result_001213.jpg
    Inference: 0.087s | FPS: 11.5 | Status: Success
[1031/2328] 001214.jpg
    -> d:\GitHub\Smart-home\web Server\AI engine\results\result_001214.jpg
    Inference: 0.082s | FPS: 12.2 | Status: Success
[1032/2328] 001215.jpg
    -> d:\GitHub\Smart-home\web Server\AI engine\results\result_001215.jpg
    Inference: 0.095s | FPS: 10.5 | Status: Success
[1033/2328] 001216.jpg
    -> d:\GitHub\Smart-home\web Server\AI engine\results\result_001216.jpg
    Inference: 0.095s | FPS: 10.6 | Status: Success
[1034/2328] 001217.jpg
    -> d:\GitHub\Smart-home\web Server\AI engine\results\result_001217.jpg
    Inference: 0.081s | FPS: 12.4 | Status: Success
[1035/2328] 001218.jpg
    -> d:\GitHub\Smart-home\web Server\AI engine\results\result_001218.jpg
    Inference: 0.083s | FPS: 12.1 | Status: Success
[1036/2328] 001219.jpg
    -> d:\GitHub\Smart-home\web Server\AI engine\results\result_001219.jpg
    Inference: 0.081s | FPS: 12.4 | Status: Success
[1037/2328] 001220.jpg
    -> d:\GitHub\Smart-home\web Server\AI engine\results\result_001220.jpg
    Inference: 0.078s | FPS: 12.9 | Status: Success
[1038/2328] 001221.jpg
    -> d:\GitHub\Smart-home\web Server\AI engine\results\result_001221.jpg
    Inference: 0.079s | FPS: 12.6 | Status: Success
[1039/2328] 001222.jpg
    -> d:\GitHub\Smart-home\web Server\AI engine\results\result_001222.jpg
    Inference: 0.082s | FPS: 12.1 | Status: Success
[1040/2328] 001223.jpg
    -> d:\GitHub\Smart-home\web Server\AI engine\results\result_001223.jpg
    Inference: 0.089s | FPS: 11.3 | Status: Success
[1041/2328] 001224.jpg
    -> d:\GitHub\Smart-home\web Server\AI engine\results\result_001224.jpg
    Inference: 0.092s | FPS: 10.9 | Status: Success
[1042/2328] 001225.jpg
    -> d:\GitHub\Smart-home\web Server\AI engine\results\result_001225.jpg
    Inference: 0.088s | FPS: 11.4 | Status: Success
[1043/2328] 001226.jpg
    -> d:\GitHub\Smart-home\web Server\AI engine\results\result_001226.jpg
    Inference: 0.081s | FPS: 12.4 | Status: Success
[1044/2328] 001227.jpg
    -> d:\GitHub\Smart-home\web Server\AI engine\results\result_001227.jpg
    Inference: 0.105s | FPS: 9.5 | Status: Success
[1045/2328] 001228.jpg
    -> d:\GitHub\Smart-home\web Server\AI engine\results\result_001228.jpg
    Inference: 0.104s | FPS: 9.6 | Status: Success
[1046/2328] 001229.jpg
    -> d:\GitHub\Smart-home\web Server\AI engine\results\result_001229.jpg
    Inference: 0.089s | FPS: 11.3 | Status: Success
[1047/2328] 001230.jpg
    -> d:\GitHub\Smart-home\web Server\AI engine\results\result_001230.jpg
    Inference: 0.090s | FPS: 11.1 | Status: Success
[1048/2328] 001231.jpg
    -> d:\GitHub\Smart-home\web Server\AI engine\results\result_001231.jpg
    Inference: 0.096s | FPS: 10.4 | Status: Success
[1049/2328] 001232.jpg
    -> d:\GitHub\Smart-home\web Server\AI engine\results\result_001232.jpg
    Inference: 0.082s | FPS: 12.3 | Status: Success
[1050/2328] 001233.jpg
    -> d:\GitHub\Smart-home\web Server\AI engine\results\result_001233.jpg
    Inference: 0.084s | FPS: 12.0 | Status: Success
[1051/2328] 001234.jpg
    -> d:\GitHub\Smart-home\web Server\AI engine\results\result_001234.jpg
    Inference: 0.083s | FPS: 12.1 | Status: Success
[1052/2328] 001235.jpg
    -> d:\GitHub\Smart-home\web Server\AI engine\results\result_001235.jpg
    Inference: 0.087s | FPS: 11.5 | Status: Success
[1053/2328] 001236.jpg
    -> d:\GitHub\Smart-home\web Server\AI engine\results\result_001236.jpg
    Inference: 0.077s | FPS: 13.0 | Status: Success
[1054/2328] 001237.jpg
    -> d:\GitHub\Smart-home\web Server\AI engine\results\result_001237.jpg
    Inference: 0.079s | FPS: 12.6 | Status: Success
[1055/2328] 001238.jpg
    -> d:\GitHub\Smart-home\web Server\AI engine\results\result_001238.jpg
    Inference: 0.079s | FPS: 12.7 | Status: Success
[1056/2328] 001239.jpg
    -> d:\GitHub\Smart-home\web Server\AI engine\results\result_001239.jpg
    Inference: 0.076s | FPS: 13.2 | Status: Success
[1057/2328] 001240.jpg
    -> d:\GitHub\Smart-home\web Server\AI engine\results\result_001240.jpg
    Inference: 0.077s | FPS: 12.9 | Status: Success
[1058/2328] 001241.jpg
    -> d:\GitHub\Smart-home\web Server\AI engine\results\result_001241.jpg
    Inference: 0.101s | FPS: 9.9 | Status: Success
[1059/2328] 001242.jpg
    -> d:\GitHub\Smart-home\web Server\AI engine\results\result_001242.jpg
    Inference: 0.088s | FPS: 11.4 | Status: Success
[1060/2328] 001243.jpg
    -> d:\GitHub\Smart-home\web Server\AI engine\results\result_001243.jpg
    Inference: 0.084s | FPS: 11.9 | Status: Success
[1061/2328] 001244.jpg
    -> d:\GitHub\Smart-home\web Server\AI engine\results\result_001244.jpg
    Inference: 0.083s | FPS: 12.0 | Status: Success
[1062/2328] 001245.jpg
    -> d:\GitHub\Smart-home\web Server\AI engine\results\result_001245.jpg
    Inference: 0.084s | FPS: 12.0 | Status: Success
[1063/2328] 001246.jpg
    -> d:\GitHub\Smart-home\web Server\AI engine\results\result_001246.jpg
    Inference: 0.085s | FPS: 11.7 | Status: Success
[1064/2328] 001247.jpg
    -> d:\GitHub\Smart-home\web Server\AI engine\results\result_001247.jpg
    Inference: 0.084s | FPS: 11.9 | Status: Success
[1065/2328] 001248.jpg
    -> d:\GitHub\Smart-home\web Server\AI engine\results\result_001248.jpg
    Inference: 0.085s | FPS: 11.8 | Status: Success
[1066/2328] 001249.jpg
    -> d:\GitHub\Smart-home\web Server\AI engine\results\result_001249.jpg
    Inference: 0.078s | FPS: 12.8 | Status: Success
[1067/2328] 001250.jpg
    -> d:\GitHub\Smart-home\web Server\AI engine\results\result_001250.jpg
    Inference: 0.081s | FPS: 12.4 | Status: Success
[1068/2328] 001251.jpg
    -> d:\GitHub\Smart-home\web Server\AI engine\results\result_001251.jpg
    Inference: 0.079s | FPS: 12.7 | Status: Success
[1069/2328] 001252.jpg
    -> d:\GitHub\Smart-home\web Server\AI engine\results\result_001252.jpg
    Inference: 0.085s | FPS: 11.7 | Status: Success
[1070/2328] 001253.jpg
    -> d:\GitHub\Smart-home\web Server\AI engine\results\result_001253.jpg
    Inference: 0.084s | FPS: 12.0 | Status: Success
[1071/2328] 001254.jpg
    -> d:\GitHub\Smart-home\web Server\AI engine\results\result_001254.jpg
    Inference: 0.091s | FPS: 11.0 | Status: Success
[1072/2328] 001255.jpg
    -> d:\GitHub\Smart-home\web Server\AI engine\results\result_001255.jpg
    Inference: 0.088s | FPS: 11.4 | Status: Success
[1073/2328] 001256.jpg
    -> d:\GitHub\Smart-home\web Server\AI engine\results\result_001256.jpg
    Inference: 0.088s | FPS: 11.3 | Status: Success
[1074/2328] 001257.jpg
    -> d:\GitHub\Smart-home\web Server\AI engine\results\result_001257.jpg
    Inference: 0.088s | FPS: 11.4 | Status: Success
[1075/2328] 001258.jpg
    -> d:\GitHub\Smart-home\web Server\AI engine\results\result_001258.jpg
    Inference: 0.093s | FPS: 10.7 | Status: Success
[1076/2328] 001259.jpg
    -> d:\GitHub\Smart-home\web Server\AI engine\results\result_001259.jpg
    Inference: 0.089s | FPS: 11.2 | Status: Success
[1077/2328] 001260.jpg
    -> d:\GitHub\Smart-home\web Server\AI engine\results\result_001260.jpg
    Inference: 0.084s | FPS: 11.9 | Status: Success
[1078/2328] 001261.jpg
    -> d:\GitHub\Smart-home\web Server\AI engine\results\result_001261.jpg
    Inference: 0.086s | FPS: 11.6 | Status: Success
[1079/2328] 001262.jpg
    -> d:\GitHub\Smart-home\web Server\AI engine\results\result_001262.jpg
    Inference: 0.085s | FPS: 11.7 | Status: Success
[1080/2328] 001263.jpg
    -> d:\GitHub\Smart-home\web Server\AI engine\results\result_001263.jpg
    Inference: 0.081s | FPS: 12.3 | Status: Success
[1081/2328] 001264.jpg
    -> d:\GitHub\Smart-home\web Server\AI engine\results\result_001264.jpg
    Inference: 0.085s | FPS: 11.7 | Status: Success
[1082/2328] 001265.jpg
    -> d:\GitHub\Smart-home\web Server\AI engine\results\result_001265.jpg
    Inference: 0.085s | FPS: 11.8 | Status: Success
[1083/2328] 001266.jpg
    -> d:\GitHub\Smart-home\web Server\AI engine\results\result_001266.jpg
    Inference: 0.082s | FPS: 12.3 | Status: Success
[1084/2328] 001267.jpg
    -> d:\GitHub\Smart-home\web Server\AI engine\results\result_001267.jpg
    Inference: 0.081s | FPS: 12.4 | Status: Success
[1085/2328] 001268.jpg
    -> d:\GitHub\Smart-home\web Server\AI engine\results\result_001268.jpg
    Inference: 0.128s | FPS: 7.8 | Status: Success
[1086/2328] 001269.jpg
    -> d:\GitHub\Smart-home\web Server\AI engine\results\result_001269.jpg
    Inference: 0.098s | FPS: 10.3 | Status: Success
[1087/2328] 001270.jpg
    -> d:\GitHub\Smart-home\web Server\AI engine\results\result_001270.jpg
    Inference: 0.092s | FPS: 10.9 | Status: Success
[1088/2328] 001271.jpg
    -> d:\GitHub\Smart-home\web Server\AI engine\results\result_001271.jpg
    Inference: 0.093s | FPS: 10.7 | Status: Success
[1089/2328] 001272.jpg
    -> d:\GitHub\Smart-home\web Server\AI engine\results\result_001272.jpg
    Inference: 0.121s | FPS: 8.3 | Status: Success
[1090/2328] 001273.jpg
    -> d:\GitHub\Smart-home\web Server\AI engine\results\result_001273.jpg
    Inference: 0.113s | FPS: 8.8 | Status: Success
[1091/2328] 001274.jpg
    -> d:\GitHub\Smart-home\web Server\AI engine\results\result_001274.jpg
    Inference: 0.096s | FPS: 10.4 | Status: Success
[1092/2328] 001275.jpg
    -> d:\GitHub\Smart-home\web Server\AI engine\results\result_001275.jpg
    Inference: 0.086s | FPS: 11.7 | Status: Success
[1093/2328] 001276.jpg
    -> d:\GitHub\Smart-home\web Server\AI engine\results\result_001276.jpg
    Inference: 0.098s | FPS: 10.2 | Status: Success
[1094/2328] 001277.jpg
    -> d:\GitHub\Smart-home\web Server\AI engine\results\result_001277.jpg
    Inference: 0.114s | FPS: 8.7 | Status: Success
[1095/2328] 001278.jpg
    -> d:\GitHub\Smart-home\web Server\AI engine\results\result_001278.jpg
    Inference: 0.109s | FPS: 9.2 | Status: Success
[1096/2328] 001279.jpg
    -> d:\GitHub\Smart-home\web Server\AI engine\results\result_001279.jpg
    Inference: 0.103s | FPS: 9.7 | Status: Success
[1097/2328] 001280.jpg
    -> d:\GitHub\Smart-home\web Server\AI engine\results\result_001280.jpg
    Inference: 0.114s | FPS: 8.8 | Status: Success
[1098/2328] 001281.jpg
    -> d:\GitHub\Smart-home\web Server\AI engine\results\result_001281.jpg
    Inference: 0.131s | FPS: 7.6 | Status: Success
[1099/2328] 001282.jpg
    -> d:\GitHub\Smart-home\web Server\AI engine\results\result_001282.jpg
    Inference: 0.099s | FPS: 10.1 | Status: Success
[1100/2328] 001283.jpg
    -> d:\GitHub\Smart-home\web Server\AI engine\results\result_001283.jpg
    Inference: 0.105s | FPS: 9.5 | Status: Success
[1101/2328] 001284.jpg
    -> d:\GitHub\Smart-home\web Server\AI engine\results\result_001284.jpg
    Inference: 0.095s | FPS: 10.5 | Status: Success
[1102/2328] 001285.jpg
    -> d:\GitHub\Smart-home\web Server\AI engine\results\result_001285.jpg
    Inference: 0.085s | FPS: 11.8 | Status: Success
[1103/2328] 001286.jpg
    -> d:\GitHub\Smart-home\web Server\AI engine\results\result_001286.jpg
    Inference: 0.077s | FPS: 13.0 | Status: Success
[1104/2328] 001287.jpg
    -> d:\GitHub\Smart-home\web Server\AI engine\results\result_001287.jpg
    Inference: 0.081s | FPS: 12.4 | Status: Success
[1105/2328] 001288.jpg
    -> d:\GitHub\Smart-home\web Server\AI engine\results\result_001288.jpg
    Inference: 0.084s | FPS: 11.9 | Status: Success
[1106/2328] 001289.jpg
    -> d:\GitHub\Smart-home\web Server\AI engine\results\result_001289.jpg
    Inference: 0.084s | FPS: 12.0 | Status: Success
[1107/2328] 001290.jpg
    -> d:\GitHub\Smart-home\web Server\AI engine\results\result_001290.jpg
    Inference: 0.079s | FPS: 12.6 | Status: Success
[1108/2328] 001291.jpg
    -> d:\GitHub\Smart-home\web Server\AI engine\results\result_001291.jpg
    Inference: 0.081s | FPS: 12.4 | Status: Success
[1109/2328] 001292.jpg
    -> d:\GitHub\Smart-home\web Server\AI engine\results\result_001292.jpg
    Inference: 0.080s | FPS: 12.5 | Status: Success
[1110/2328] 001293.jpg
    -> d:\GitHub\Smart-home\web Server\AI engine\results\result_001293.jpg
    Inference: 0.080s | FPS: 12.5 | Status: Success
[1111/2328] 001294.jpg
    -> d:\GitHub\Smart-home\web Server\AI engine\results\result_001294.jpg
    Inference: 0.085s | FPS: 11.7 | Status: Success
[1112/2328] 001295.jpg
    -> d:\GitHub\Smart-home\web Server\AI engine\results\result_001295.jpg
    Inference: 0.080s | FPS: 12.6 | Status: Success
[1113/2328] 001296.jpg
    -> d:\GitHub\Smart-home\web Server\AI engine\results\result_001296.jpg
    Inference: 0.081s | FPS: 12.4 | Status: Success
[1114/2328] 001297.jpg
    -> d:\GitHub\Smart-home\web Server\AI engine\results\result_001297.jpg
    Inference: 0.081s | FPS: 12.4 | Status: Success
[1115/2328] 001298.jpg
    -> d:\GitHub\Smart-home\web Server\AI engine\results\result_001298.jpg
    Inference: 0.084s | FPS: 12.0 | Status: Success
[1116/2328] 001299.jpg
    -> d:\GitHub\Smart-home\web Server\AI engine\results\result_001299.jpg
    Inference: 0.082s | FPS: 12.2 | Status: Success
[1117/2328] 001300.jpg
    -> d:\GitHub\Smart-home\web Server\AI engine\results\result_001300.jpg
    Inference: 0.086s | FPS: 11.6 | Status: Success
[1118/2328] 001301.jpg
    -> d:\GitHub\Smart-home\web Server\AI engine\results\result_001301.jpg
    Inference: 0.080s | FPS: 12.6 | Status: Success
[1119/2328] 001302.jpg
    -> d:\GitHub\Smart-home\web Server\AI engine\results\result_001302.jpg
    Inference: 0.081s | FPS: 12.3 | Status: Success
[1120/2328] 001303.jpg
    -> d:\GitHub\Smart-home\web Server\AI engine\results\result_001303.jpg
    Inference: 0.081s | FPS: 12.4 | Status: Success
[1121/2328] 001304.jpg
    -> d:\GitHub\Smart-home\web Server\AI engine\results\result_001304.jpg
    Inference: 0.080s | FPS: 12.5 | Status: Success
[1122/2328] 001305.jpg
    -> d:\GitHub\Smart-home\web Server\AI engine\results\result_001305.jpg
    Inference: 0.076s | FPS: 13.1 | Status: Success
[1123/2328] 001306.jpg
    -> d:\GitHub\Smart-home\web Server\AI engine\results\result_001306.jpg
    Inference: 0.086s | FPS: 11.6 | Status: Success
[1124/2328] 001307.jpg
    -> d:\GitHub\Smart-home\web Server\AI engine\results\result_001307.jpg
    Inference: 0.082s | FPS: 12.2 | Status: Success
[1125/2328] 001308.jpg
    -> d:\GitHub\Smart-home\web Server\AI engine\results\result_001308.jpg
    Inference: 0.083s | FPS: 12.1 | Status: Success
[1126/2328] 001309.jpg
    -> d:\GitHub\Smart-home\web Server\AI engine\results\result_001309.jpg
    Inference: 0.083s | FPS: 12.0 | Status: Success
[1127/2328] 001310.jpg
    -> d:\GitHub\Smart-home\web Server\AI engine\results\result_001310.jpg
    Inference: 0.080s | FPS: 12.5 | Status: Success
[1128/2328] 001311.jpg
    -> d:\GitHub\Smart-home\web Server\AI engine\results\result_001311.jpg
    Inference: 0.082s | FPS: 12.2 | Status: Success
[1129/2328] 001312.jpg
    -> d:\GitHub\Smart-home\web Server\AI engine\results\result_001312.jpg
    Inference: 0.083s | FPS: 12.0 | Status: Success
[1130/2328] 001313.jpg
    -> d:\GitHub\Smart-home\web Server\AI engine\results\result_001313.jpg
    Inference: 0.079s | FPS: 12.6 | Status: Success
[1131/2328] 001314.jpg
    -> d:\GitHub\Smart-home\web Server\AI engine\results\result_001314.jpg
    Inference: 0.078s | FPS: 12.9 | Status: Success
[1132/2328] 001315.jpg
    -> d:\GitHub\Smart-home\web Server\AI engine\results\result_001315.jpg
    Inference: 0.081s | FPS: 12.4 | Status: Success
[1133/2328] 001316.jpg
    -> d:\GitHub\Smart-home\web Server\AI engine\results\result_001316.jpg
    Inference: 0.088s | FPS: 11.3 | Status: Success
[1134/2328] 001317.jpg
    -> d:\GitHub\Smart-home\web Server\AI engine\results\result_001317.jpg
    Inference: 0.079s | FPS: 12.6 | Status: Success
[1135/2328] 001318.jpg
    -> d:\GitHub\Smart-home\web Server\AI engine\results\result_001318.jpg
    Inference: 0.085s | FPS: 11.8 | Status: Success
[1136/2328] 001319.jpg
    -> d:\GitHub\Smart-home\web Server\AI engine\results\result_001319.jpg
    Inference: 0.079s | FPS: 12.6 | Status: Success
[1137/2328] 001320.jpg
    -> d:\GitHub\Smart-home\web Server\AI engine\results\result_001320.jpg
    Inference: 0.080s | FPS: 12.6 | Status: Success
[1138/2328] 001321.jpg
    -> d:\GitHub\Smart-home\web Server\AI engine\results\result_001321.jpg
    Inference: 0.079s | FPS: 12.6 | Status: Success
[1139/2328] 001322.jpg
    -> d:\GitHub\Smart-home\web Server\AI engine\results\result_001322.jpg
    Inference: 0.078s | FPS: 12.8 | Status: Success
[1140/2328] 001323.jpg
    -> d:\GitHub\Smart-home\web Server\AI engine\results\result_001323.jpg
    Inference: 0.078s | FPS: 12.7 | Status: Success
[1141/2328] 001324.jpg
    -> d:\GitHub\Smart-home\web Server\AI engine\results\result_001324.jpg
    Inference: 0.083s | FPS: 12.0 | Status: Success
[1142/2328] 001325.jpg
    -> d:\GitHub\Smart-home\web Server\AI engine\results\result_001325.jpg
    Inference: 0.083s | FPS: 12.0 | Status: Success
[1143/2328] 001326.jpg
    -> d:\GitHub\Smart-home\web Server\AI engine\results\result_001326.jpg
    Inference: 0.080s | FPS: 12.6 | Status: Success
[1144/2328] 001327.jpg
    -> d:\GitHub\Smart-home\web Server\AI engine\results\result_001327.jpg
    Inference: 0.080s | FPS: 12.5 | Status: Success
[1145/2328] 001328.jpg
    -> d:\GitHub\Smart-home\web Server\AI engine\results\result_001328.jpg
    Inference: 0.077s | FPS: 13.0 | Status: Success
[1146/2328] 001329.jpg
    -> d:\GitHub\Smart-home\web Server\AI engine\results\result_001329.jpg
    Inference: 0.080s | FPS: 12.5 | Status: Success
[1147/2328] 001330.jpg
    -> d:\GitHub\Smart-home\web Server\AI engine\results\result_001330.jpg
    Inference: 0.079s | FPS: 12.6 | Status: Success
[1148/2328] 001331.jpg
    -> d:\GitHub\Smart-home\web Server\AI engine\results\result_001331.jpg
    Inference: 0.080s | FPS: 12.5 | Status: Success
[1149/2328] 001332.jpg
    -> d:\GitHub\Smart-home\web Server\AI engine\results\result_001332.jpg
    Inference: 0.080s | FPS: 12.5 | Status: Success
[1150/2328] 001333.jpg
    -> d:\GitHub\Smart-home\web Server\AI engine\results\result_001333.jpg
    Inference: 0.079s | FPS: 12.6 | Status: Success
[1151/2328] 001334.jpg
    -> d:\GitHub\Smart-home\web Server\AI engine\results\result_001334.jpg
    Inference: 0.079s | FPS: 12.7 | Status: Success
[1152/2328] 001335.jpg
    -> d:\GitHub\Smart-home\web Server\AI engine\results\result_001335.jpg
    Inference: 0.080s | FPS: 12.5 | Status: Success
[1153/2328] 001336.jpg
    -> d:\GitHub\Smart-home\web Server\AI engine\results\result_001336.jpg
    Inference: 0.083s | FPS: 12.0 | Status: Success
[1154/2328] 001337.jpg
    -> d:\GitHub\Smart-home\web Server\AI engine\results\result_001337.jpg
    Inference: 0.079s | FPS: 12.7 | Status: Success
[1155/2328] 001338.jpg
    -> d:\GitHub\Smart-home\web Server\AI engine\results\result_001338.jpg
    Inference: 0.079s | FPS: 12.7 | Status: Success
[1156/2328] 001339.jpg
    -> d:\GitHub\Smart-home\web Server\AI engine\results\result_001339.jpg
    Inference: 0.082s | FPS: 12.2 | Status: Success
[1157/2328] 001340.jpg
    -> d:\GitHub\Smart-home\web Server\AI engine\results\result_001340.jpg
    Inference: 0.081s | FPS: 12.3 | Status: Success
[1158/2328] 001341.jpg
    -> d:\GitHub\Smart-home\web Server\AI engine\results\result_001341.jpg
    Inference: 0.078s | FPS: 12.8 | Status: Success
[1159/2328] 001342.jpg
    -> d:\GitHub\Smart-home\web Server\AI engine\results\result_001342.jpg
    Inference: 0.084s | FPS: 11.9 | Status: Success
[1160/2328] 001343.jpg
    -> d:\GitHub\Smart-home\web Server\AI engine\results\result_001343.jpg
    Inference: 0.077s | FPS: 13.1 | Status: Success
[1161/2328] 001344.jpg
    -> d:\GitHub\Smart-home\web Server\AI engine\results\result_001344.jpg
    Inference: 0.078s | FPS: 12.8 | Status: Success
[1162/2328] 001345.jpg
    -> d:\GitHub\Smart-home\web Server\AI engine\results\result_001345.jpg
    Inference: 0.077s | FPS: 12.9 | Status: Success
[1163/2328] 001346.jpg
    -> d:\GitHub\Smart-home\web Server\AI engine\results\result_001346.jpg
    Inference: 0.076s | FPS: 13.2 | Status: Success
[1164/2328] 001347.jpg
    -> d:\GitHub\Smart-home\web Server\AI engine\results\result_001347.jpg
    Inference: 0.079s | FPS: 12.7 | Status: Success
[1165/2328] 001348.jpg
    -> d:\GitHub\Smart-home\web Server\AI engine\results\result_001348.jpg
    Inference: 0.084s | FPS: 11.9 | Status: Success
[1166/2328] 001349.jpg
    -> d:\GitHub\Smart-home\web Server\AI engine\results\result_001349.jpg
    Inference: 0.079s | FPS: 12.6 | Status: Success
[1167/2328] 001350.jpg
    -> d:\GitHub\Smart-home\web Server\AI engine\results\result_001350.jpg
    Inference: 0.074s | FPS: 13.5 | Status: Success
[1168/2328] 001351.jpg
    -> d:\GitHub\Smart-home\web Server\AI engine\results\result_001351.jpg
    Inference: 0.112s | FPS: 8.9 | Status: Success
[1169/2328] 001352.jpg
    -> d:\GitHub\Smart-home\web Server\AI engine\results\result_001352.jpg
    Inference: 0.093s | FPS: 10.8 | Status: Success
[1170/2328] 001353.jpg
    -> d:\GitHub\Smart-home\web Server\AI engine\results\result_001353.jpg
    Inference: 0.086s | FPS: 11.6 | Status: Success
[1171/2328] 001354.jpg
    -> d:\GitHub\Smart-home\web Server\AI engine\results\result_001354.jpg
    Inference: 0.085s | FPS: 11.7 | Status: Success
[1172/2328] 001355.jpg
    -> d:\GitHub\Smart-home\web Server\AI engine\results\result_001355.jpg
    Inference: 0.080s | FPS: 12.6 | Status: Success
[1173/2328] 001356.jpg
    -> d:\GitHub\Smart-home\web Server\AI engine\results\result_001356.jpg
    Inference: 0.078s | FPS: 12.8 | Status: Success
[1174/2328] 001357.jpg
    -> d:\GitHub\Smart-home\web Server\AI engine\results\result_001357.jpg
    Inference: 0.078s | FPS: 12.8 | Status: Success
[1175/2328] 001358.jpg
    -> d:\GitHub\Smart-home\web Server\AI engine\results\result_001358.jpg
    Inference: 0.079s | FPS: 12.7 | Status: Success
[1176/2328] 001359.jpg
    -> d:\GitHub\Smart-home\web Server\AI engine\results\result_001359.jpg
    Inference: 0.076s | FPS: 13.1 | Status: Success
[1177/2328] 001360.jpg
    -> d:\GitHub\Smart-home\web Server\AI engine\results\result_001360.jpg
    Inference: 0.083s | FPS: 12.1 | Status: Success
[1178/2328] 001361.jpg
    -> d:\GitHub\Smart-home\web Server\AI engine\results\result_001361.jpg
    Inference: 0.077s | FPS: 13.0 | Status: Success
[1179/2328] 001362.jpg
    -> d:\GitHub\Smart-home\web Server\AI engine\results\result_001362.jpg
    Inference: 0.080s | FPS: 12.6 | Status: Success
[1180/2328] 001363.jpg
    -> d:\GitHub\Smart-home\web Server\AI engine\results\result_001363.jpg
    Inference: 0.079s | FPS: 12.7 | Status: Success
[1181/2328] 001364.jpg
    -> d:\GitHub\Smart-home\web Server\AI engine\results\result_001364.jpg
    Inference: 0.076s | FPS: 13.1 | Status: Success
[1182/2328] 001365.jpg
    -> d:\GitHub\Smart-home\web Server\AI engine\results\result_001365.jpg
    Inference: 0.079s | FPS: 12.7 | Status: Success
[1183/2328] 001366.jpg
    -> d:\GitHub\Smart-home\web Server\AI engine\results\result_001366.jpg
    Inference: 0.084s | FPS: 11.9 | Status: Success
[1184/2328] 001367.jpg
    -> d:\GitHub\Smart-home\web Server\AI engine\results\result_001367.jpg
    Inference: 0.083s | FPS: 12.0 | Status: Success
[1185/2328] 001368.jpg
    -> d:\GitHub\Smart-home\web Server\AI engine\results\result_001368.jpg
    Inference: 0.079s | FPS: 12.7 | Status: Success
[1186/2328] 001369.jpg
    -> d:\GitHub\Smart-home\web Server\AI engine\results\result_001369.jpg
    Inference: 0.077s | FPS: 13.0 | Status: Success
[1187/2328] 001370.jpg
    -> d:\GitHub\Smart-home\web Server\AI engine\results\result_001370.jpg
    Inference: 0.079s | FPS: 12.7 | Status: Success
[1188/2328] 001371.jpg
    -> d:\GitHub\Smart-home\web Server\AI engine\results\result_001371.jpg
    Inference: 0.081s | FPS: 12.4 | Status: Success
[1189/2328] 001372.jpg
    -> d:\GitHub\Smart-home\web Server\AI engine\results\result_001372.jpg
    Inference: 0.081s | FPS: 12.3 | Status: Success
[1190/2328] 001373.jpg
    -> d:\GitHub\Smart-home\web Server\AI engine\results\result_001373.jpg
    Inference: 0.080s | FPS: 12.5 | Status: Success
[1191/2328] 001374.jpg
    -> d:\GitHub\Smart-home\web Server\AI engine\results\result_001374.jpg
    Inference: 0.079s | FPS: 12.6 | Status: Success
[1192/2328] 001375.jpg
    -> d:\GitHub\Smart-home\web Server\AI engine\results\result_001375.jpg
    Inference: 0.078s | FPS: 12.8 | Status: Success
[1193/2328] 001376.jpg
    -> d:\GitHub\Smart-home\web Server\AI engine\results\result_001376.jpg
    Inference: 0.080s | FPS: 12.5 | Status: Success
[1194/2328] 001377.jpg
    -> d:\GitHub\Smart-home\web Server\AI engine\results\result_001377.jpg
    Inference: 0.076s | FPS: 13.2 | Status: Success
[1195/2328] 001378.jpg
    -> d:\GitHub\Smart-home\web Server\AI engine\results\result_001378.jpg
    Inference: 0.082s | FPS: 12.2 | Status: Success
[1196/2328] 001379.jpg
    -> d:\GitHub\Smart-home\web Server\AI engine\results\result_001379.jpg
    Inference: 0.080s | FPS: 12.4 | Status: Success
[1197/2328] 001380.jpg
    -> d:\GitHub\Smart-home\web Server\AI engine\results\result_001380.jpg
    Inference: 0.080s | FPS: 12.5 | Status: Success
[1198/2328] 001381.jpg
    -> d:\GitHub\Smart-home\web Server\AI engine\results\result_001381.jpg
    Inference: 0.078s | FPS: 12.8 | Status: Success
[1199/2328] 001382.jpg
    -> d:\GitHub\Smart-home\web Server\AI engine\results\result_001382.jpg
    Inference: 0.080s | FPS: 12.5 | Status: Success
[1200/2328] 001383.jpg
    -> d:\GitHub\Smart-home\web Server\AI engine\results\result_001383.jpg
    Inference: 0.079s | FPS: 12.6 | Status: Success
[1201/2328] 001384.jpg
    -> d:\GitHub\Smart-home\web Server\AI engine\results\result_001384.jpg
    Inference: 0.080s | FPS: 12.4 | Status: Success
[1202/2328] 001385.jpg
    -> d:\GitHub\Smart-home\web Server\AI engine\results\result_001385.jpg
    Inference: 0.079s | FPS: 12.6 | Status: Success
[1203/2328] 001386.jpg
    -> d:\GitHub\Smart-home\web Server\AI engine\results\result_001386.jpg
    Inference: 0.077s | FPS: 13.0 | Status: Success
[1204/2328] 001387.jpg
    -> d:\GitHub\Smart-home\web Server\AI engine\results\result_001387.jpg
    Inference: 0.078s | FPS: 12.9 | Status: Success
[1205/2328] 001388.jpg
    -> d:\GitHub\Smart-home\web Server\AI engine\results\result_001388.jpg
    Inference: 0.079s | FPS: 12.7 | Status: Success
[1206/2328] 001389.jpg
    -> d:\GitHub\Smart-home\web Server\AI engine\results\result_001389.jpg
    Inference: 0.077s | FPS: 12.9 | Status: Success
[1207/2328] 001390.jpg
    -> d:\GitHub\Smart-home\web Server\AI engine\results\result_001390.jpg
    Inference: 0.079s | FPS: 12.6 | Status: Success
[1208/2328] 001391.jpg
    -> d:\GitHub\Smart-home\web Server\AI engine\results\result_001391.jpg
    Inference: 0.079s | FPS: 12.7 | Status: Success
[1209/2328] 001392.jpg
    -> d:\GitHub\Smart-home\web Server\AI engine\results\result_001392.jpg
    Inference: 0.078s | FPS: 12.9 | Status: Success
[1210/2328] 001393.jpg
    -> d:\GitHub\Smart-home\web Server\AI engine\results\result_001393.jpg
    Inference: 0.079s | FPS: 12.7 | Status: Success
[1211/2328] 001394.jpg
    -> d:\GitHub\Smart-home\web Server\AI engine\results\result_001394.jpg
    Inference: 0.079s | FPS: 12.6 | Status: Success
[1212/2328] 001395.jpg
    -> d:\GitHub\Smart-home\web Server\AI engine\results\result_001395.jpg
    Inference: 0.079s | FPS: 12.7 | Status: Success
[1213/2328] 001396.jpg
    -> d:\GitHub\Smart-home\web Server\AI engine\results\result_001396.jpg
    Inference: 0.080s | FPS: 12.6 | Status: Success
[1214/2328] 001397.jpg
    -> d:\GitHub\Smart-home\web Server\AI engine\results\result_001397.jpg
    Inference: 0.082s | FPS: 12.1 | Status: Success
[1215/2328] 001398.jpg
    -> d:\GitHub\Smart-home\web Server\AI engine\results\result_001398.jpg
    Inference: 0.077s | FPS: 13.0 | Status: Success
[1216/2328] 001399.jpg
    -> d:\GitHub\Smart-home\web Server\AI engine\results\result_001399.jpg
    Inference: 0.078s | FPS: 12.8 | Status: Success
[1217/2328] 001400.jpg
    -> d:\GitHub\Smart-home\web Server\AI engine\results\result_001400.jpg
    Inference: 0.078s | FPS: 12.9 | Status: Success
[1218/2328] 001401.jpg
    -> d:\GitHub\Smart-home\web Server\AI engine\results\result_001401.jpg
    Inference: 0.079s | FPS: 12.7 | Status: Success
[1219/2328] 001402.jpg
    -> d:\GitHub\Smart-home\web Server\AI engine\results\result_001402.jpg
    Inference: 0.078s | FPS: 12.9 | Status: Success
[1220/2328] 001403.jpg
    -> d:\GitHub\Smart-home\web Server\AI engine\results\result_001403.jpg
    Inference: 0.080s | FPS: 12.4 | Status: Success
[1221/2328] 001404.jpg
    -> d:\GitHub\Smart-home\web Server\AI engine\results\result_001404.jpg
    Inference: 0.078s | FPS: 12.7 | Status: Success
[1222/2328] 001405.jpg
    -> d:\GitHub\Smart-home\web Server\AI engine\results\result_001405.jpg
    Inference: 0.077s | FPS: 13.0 | Status: Success
[1223/2328] 001406.jpg
    -> d:\GitHub\Smart-home\web Server\AI engine\results\result_001406.jpg
    Inference: 0.078s | FPS: 12.8 | Status: Success
[1224/2328] 001407.jpg
    -> d:\GitHub\Smart-home\web Server\AI engine\results\result_001407.jpg
    Inference: 0.079s | FPS: 12.7 | Status: Success
[1225/2328] 001408.jpg
    -> d:\GitHub\Smart-home\web Server\AI engine\results\result_001408.jpg
    Inference: 0.078s | FPS: 12.8 | Status: Success
[1226/2328] 001409.jpg
    -> d:\GitHub\Smart-home\web Server\AI engine\results\result_001409.jpg
    Inference: 0.083s | FPS: 12.0 | Status: Success
[1227/2328] 001410.jpg
    -> d:\GitHub\Smart-home\web Server\AI engine\results\result_001410.jpg
    Inference: 0.080s | FPS: 12.6 | Status: Success
[1228/2328] 001411.jpg
    -> d:\GitHub\Smart-home\web Server\AI engine\results\result_001411.jpg
    Inference: 0.079s | FPS: 12.7 | Status: Success
[1229/2328] 001412.jpg
    -> d:\GitHub\Smart-home\web Server\AI engine\results\result_001412.jpg
    Inference: 0.079s | FPS: 12.6 | Status: Success
[1230/2328] 001413.jpg
    -> d:\GitHub\Smart-home\web Server\AI engine\results\result_001413.jpg
    Inference: 0.079s | FPS: 12.7 | Status: Success
[1231/2328] 001414.jpg
    -> d:\GitHub\Smart-home\web Server\AI engine\results\result_001414.jpg
    Inference: 0.079s | FPS: 12.7 | Status: Success
[1232/2328] 001415.jpg
    -> d:\GitHub\Smart-home\web Server\AI engine\results\result_001415.jpg
    Inference: 0.084s | FPS: 12.0 | Status: Success
[1233/2328] 001416.jpg
    -> d:\GitHub\Smart-home\web Server\AI engine\results\result_001416.jpg
    Inference: 0.078s | FPS: 12.8 | Status: Success
[1234/2328] 001417.jpg
    -> d:\GitHub\Smart-home\web Server\AI engine\results\result_001417.jpg
    Inference: 0.078s | FPS: 12.9 | Status: Success
[1235/2328] 001418.jpg
    -> d:\GitHub\Smart-home\web Server\AI engine\results\result_001418.jpg
    Inference: 0.079s | FPS: 12.7 | Status: Success
[1236/2328] 001419.jpg
    -> d:\GitHub\Smart-home\web Server\AI engine\results\result_001419.jpg
    Inference: 0.077s | FPS: 13.0 | Status: Success
[1237/2328] 001420.jpg
    -> d:\GitHub\Smart-home\web Server\AI engine\results\result_001420.jpg
    Inference: 0.076s | FPS: 13.2 | Status: Success
[1238/2328] 001421.jpg
    -> d:\GitHub\Smart-home\web Server\AI engine\results\result_001421.jpg
    Inference: 0.081s | FPS: 12.3 | Status: Success
[1239/2328] 001422.jpg
    -> d:\GitHub\Smart-home\web Server\AI engine\results\result_001422.jpg
    Inference: 0.097s | FPS: 10.4 | Status: Success
[1240/2328] 001423.jpg
    -> d:\GitHub\Smart-home\web Server\AI engine\results\result_001423.jpg
    Inference: 0.080s | FPS: 12.4 | Status: Success
[1241/2328] 001424.jpg
    -> d:\GitHub\Smart-home\web Server\AI engine\results\result_001424.jpg
    Inference: 0.078s | FPS: 12.8 | Status: Success
[1242/2328] 001425.jpg
    -> d:\GitHub\Smart-home\web Server\AI engine\results\result_001425.jpg
    Inference: 0.077s | FPS: 13.0 | Status: Success
[1243/2328] 001426.jpg
    -> d:\GitHub\Smart-home\web Server\AI engine\results\result_001426.jpg
    Inference: 0.078s | FPS: 12.8 | Status: Success
[1244/2328] 001427.jpg
    -> d:\GitHub\Smart-home\web Server\AI engine\results\result_001427.jpg
    Inference: 0.081s | FPS: 12.4 | Status: Success
[1245/2328] 001428.jpg
    -> d:\GitHub\Smart-home\web Server\AI engine\results\result_001428.jpg
    Inference: 0.078s | FPS: 12.8 | Status: Success
[1246/2328] 001429.jpg
    -> d:\GitHub\Smart-home\web Server\AI engine\results\result_001429.jpg
    Inference: 0.077s | FPS: 12.9 | Status: Success
[1247/2328] 001430.jpg
    -> d:\GitHub\Smart-home\web Server\AI engine\results\result_001430.jpg
    Inference: 0.077s | FPS: 13.0 | Status: Success
[1248/2328] 001431.jpg
    -> d:\GitHub\Smart-home\web Server\AI engine\results\result_001431.jpg
    Inference: 0.078s | FPS: 12.9 | Status: Success
[1249/2328] 001432.jpg
    -> d:\GitHub\Smart-home\web Server\AI engine\results\result_001432.jpg
    Inference: 0.077s | FPS: 12.9 | Status: Success
[1250/2328] 001433.jpg
    -> d:\GitHub\Smart-home\web Server\AI engine\results\result_001433.jpg
    Inference: 0.079s | FPS: 12.6 | Status: Success
[1251/2328] 001434.jpg
    -> d:\GitHub\Smart-home\web Server\AI engine\results\result_001434.jpg
    Inference: 0.080s | FPS: 12.4 | Status: Success
[1252/2328] 001435.jpg
    -> d:\GitHub\Smart-home\web Server\AI engine\results\result_001435.jpg
    Inference: 0.076s | FPS: 13.1 | Status: Success
[1253/2328] 001436.jpg
    -> d:\GitHub\Smart-home\web Server\AI engine\results\result_001436.jpg
    Inference: 0.090s | FPS: 11.1 | Status: Success
[1254/2328] 001437.jpg
    -> d:\GitHub\Smart-home\web Server\AI engine\results\result_001437.jpg
    Inference: 0.085s | FPS: 11.8 | Status: Success
[1255/2328] 001438.jpg
    -> d:\GitHub\Smart-home\web Server\AI engine\results\result_001438.jpg
    Inference: 0.078s | FPS: 12.8 | Status: Success
[1256/2328] 001439.jpg
    -> d:\GitHub\Smart-home\web Server\AI engine\results\result_001439.jpg
    Inference: 0.078s | FPS: 12.9 | Status: Success
[1257/2328] 001440.jpg
    -> d:\GitHub\Smart-home\web Server\AI engine\results\result_001440.jpg
    Inference: 0.085s | FPS: 11.7 | Status: Success
[1258/2328] 001441.jpg
    -> d:\GitHub\Smart-home\web Server\AI engine\results\result_001441.jpg
    Inference: 0.110s | FPS: 9.1 | Status: Success
[1259/2328] 001442.jpg
    -> d:\GitHub\Smart-home\web Server\AI engine\results\result_001442.jpg
    Inference: 0.090s | FPS: 11.1 | Status: Success
[1260/2328] 001443.jpg
    -> d:\GitHub\Smart-home\web Server\AI engine\results\result_001443.jpg
    Inference: 0.082s | FPS: 12.2 | Status: Success
[1261/2328] 001444.jpg
    -> d:\GitHub\Smart-home\web Server\AI engine\results\result_001444.jpg
    Inference: 0.079s | FPS: 12.7 | Status: Success
[1262/2328] 001445.jpg
    -> d:\GitHub\Smart-home\web Server\AI engine\results\result_001445.jpg
    Inference: 0.082s | FPS: 12.2 | Status: Success
[1263/2328] 001446.jpg
    -> d:\GitHub\Smart-home\web Server\AI engine\results\result_001446.jpg
    Inference: 0.081s | FPS: 12.4 | Status: Success
[1264/2328] 001447.jpg
    -> d:\GitHub\Smart-home\web Server\AI engine\results\result_001447.jpg
    Inference: 0.078s | FPS: 12.8 | Status: Success
[1265/2328] 001448.jpg
    -> d:\GitHub\Smart-home\web Server\AI engine\results\result_001448.jpg
    Inference: 0.082s | FPS: 12.1 | Status: Success
[1266/2328] 001449.jpg
    -> d:\GitHub\Smart-home\web Server\AI engine\results\result_001449.jpg
    Inference: 0.090s | FPS: 11.1 | Status: Success
[1267/2328] 001450.jpg
    -> d:\GitHub\Smart-home\web Server\AI engine\results\result_001450.jpg
    Inference: 0.088s | FPS: 11.4 | Status: Success
[1268/2328] 001451.jpg
    -> d:\GitHub\Smart-home\web Server\AI engine\results\result_001451.jpg
    Inference: 0.092s | FPS: 10.9 | Status: Success
[1269/2328] 001452.jpg
    -> d:\GitHub\Smart-home\web Server\AI engine\results\result_001452.jpg
    Inference: 0.085s | FPS: 11.8 | Status: Success
[1270/2328] 001453.jpg
    -> d:\GitHub\Smart-home\web Server\AI engine\results\result_001453.jpg
    Inference: 0.096s | FPS: 10.4 | Status: Success
[1271/2328] 001454.jpg
    -> d:\GitHub\Smart-home\web Server\AI engine\results\result_001454.jpg
    Inference: 0.088s | FPS: 11.4 | Status: Success
[1272/2328] 001455.jpg
    -> d:\GitHub\Smart-home\web Server\AI engine\results\result_001455.jpg
    Inference: 0.090s | FPS: 11.1 | Status: Success
[1273/2328] 001456.jpg
    -> d:\GitHub\Smart-home\web Server\AI engine\results\result_001456.jpg
    Inference: 0.093s | FPS: 10.8 | Status: Success
[1274/2328] 001457.jpg
    -> d:\GitHub\Smart-home\web Server\AI engine\results\result_001457.jpg
    Inference: 0.087s | FPS: 11.6 | Status: Success
[1275/2328] 001458.jpg
    -> d:\GitHub\Smart-home\web Server\AI engine\results\result_001458.jpg
    Inference: 0.089s | FPS: 11.3 | Status: Success
[1276/2328] 001459.jpg
    -> d:\GitHub\Smart-home\web Server\AI engine\results\result_001459.jpg
    Inference: 0.087s | FPS: 11.5 | Status: Success
[1277/2328] 001460.jpg
    -> d:\GitHub\Smart-home\web Server\AI engine\results\result_001460.jpg
    Inference: 0.085s | FPS: 11.8 | Status: Success
[1278/2328] 001461.jpg
    -> d:\GitHub\Smart-home\web Server\AI engine\results\result_001461.jpg
    Inference: 0.100s | FPS: 10.0 | Status: Success
[1279/2328] 001462.jpg
    -> d:\GitHub\Smart-home\web Server\AI engine\results\result_001462.jpg
    Inference: 0.094s | FPS: 10.7 | Status: Success
[1280/2328] 001463.jpg
    -> d:\GitHub\Smart-home\web Server\AI engine\results\result_001463.jpg
    Inference: 0.093s | FPS: 10.7 | Status: Success
[1281/2328] 001464.jpg
    -> d:\GitHub\Smart-home\web Server\AI engine\results\result_001464.jpg
    Inference: 0.089s | FPS: 11.2 | Status: Success
[1282/2328] 001465.jpg
    -> d:\GitHub\Smart-home\web Server\AI engine\results\result_001465.jpg
    Inference: 0.090s | FPS: 11.1 | Status: Success
[1283/2328] 001466.jpg
    -> d:\GitHub\Smart-home\web Server\AI engine\results\result_001466.jpg
    Inference: 0.096s | FPS: 10.4 | Status: Success
[1284/2328] 001467.jpg
    -> d:\GitHub\Smart-home\web Server\AI engine\results\result_001467.jpg
    Inference: 0.092s | FPS: 10.8 | Status: Success
[1285/2328] 001468.jpg
    -> d:\GitHub\Smart-home\web Server\AI engine\results\result_001468.jpg
    Inference: 0.099s | FPS: 10.1 | Status: Success
[1286/2328] 001469.jpg
    -> d:\GitHub\Smart-home\web Server\AI engine\results\result_001469.jpg
    Inference: 0.082s | FPS: 12.2 | Status: Success
[1287/2328] 001470.jpg
    -> d:\GitHub\Smart-home\web Server\AI engine\results\result_001470.jpg
    Inference: 0.082s | FPS: 12.2 | Status: Success
[1288/2328] 001471.jpg
    -> d:\GitHub\Smart-home\web Server\AI engine\results\result_001471.jpg
    Inference: 0.080s | FPS: 12.4 | Status: Success
[1289/2328] 001472.jpg
    -> d:\GitHub\Smart-home\web Server\AI engine\results\result_001472.jpg
    Inference: 0.095s | FPS: 10.5 | Status: Success
[1290/2328] 001473.jpg
    -> d:\GitHub\Smart-home\web Server\AI engine\results\result_001473.jpg
    Inference: 0.092s | FPS: 10.9 | Status: Success
[1291/2328] 001474.jpg
    -> d:\GitHub\Smart-home\web Server\AI engine\results\result_001474.jpg
    Inference: 0.088s | FPS: 11.4 | Status: Success
[1292/2328] 001475.jpg
    -> d:\GitHub\Smart-home\web Server\AI engine\results\result_001475.jpg
    Inference: 0.086s | FPS: 11.6 | Status: Success
[1293/2328] 001476.jpg
    -> d:\GitHub\Smart-home\web Server\AI engine\results\result_001476.jpg
    Inference: 0.080s | FPS: 12.5 | Status: Success
[1294/2328] 001477.jpg
    -> d:\GitHub\Smart-home\web Server\AI engine\results\result_001477.jpg
    Inference: 0.087s | FPS: 11.6 | Status: Success
[1295/2328] 001478.jpg
    -> d:\GitHub\Smart-home\web Server\AI engine\results\result_001478.jpg
    Inference: 0.086s | FPS: 11.6 | Status: Success
[1296/2328] 001479.jpg
    -> d:\GitHub\Smart-home\web Server\AI engine\results\result_001479.jpg
    Inference: 0.084s | FPS: 12.0 | Status: Success
[1297/2328] 001480.jpg
    -> d:\GitHub\Smart-home\web Server\AI engine\results\result_001480.jpg
    Inference: 0.083s | FPS: 12.0 | Status: Success
[1298/2328] 001481.jpg
    -> d:\GitHub\Smart-home\web Server\AI engine\results\result_001481.jpg
    Inference: 0.083s | FPS: 12.1 | Status: Success
[1299/2328] 001482.jpg
    -> d:\GitHub\Smart-home\web Server\AI engine\results\result_001482.jpg
    Inference: 0.084s | FPS: 11.9 | Status: Success
[1300/2328] 001483.jpg
    -> d:\GitHub\Smart-home\web Server\AI engine\results\result_001483.jpg
    Inference: 0.089s | FPS: 11.2 | Status: Success
[1301/2328] 001484.jpg
    -> d:\GitHub\Smart-home\web Server\AI engine\results\result_001484.jpg
    Inference: 0.087s | FPS: 11.5 | Status: Success
[1302/2328] 001485.jpg
    -> d:\GitHub\Smart-home\web Server\AI engine\results\result_001485.jpg
    Inference: 0.083s | FPS: 12.0 | Status: Success
[1303/2328] 001486.jpg
    -> d:\GitHub\Smart-home\web Server\AI engine\results\result_001486.jpg
    Inference: 0.079s | FPS: 12.7 | Status: Success
[1304/2328] 001487.jpg
    -> d:\GitHub\Smart-home\web Server\AI engine\results\result_001487.jpg
    Inference: 0.081s | FPS: 12.3 | Status: Success
[1305/2328] 001488.jpg
    -> d:\GitHub\Smart-home\web Server\AI engine\results\result_001488.jpg
    Inference: 0.081s | FPS: 12.3 | Status: Success
[1306/2328] 001489.jpg
    -> d:\GitHub\Smart-home\web Server\AI engine\results\result_001489.jpg
    Inference: 0.100s | FPS: 10.0 | Status: Success
[1307/2328] 001490.jpg
    -> d:\GitHub\Smart-home\web Server\AI engine\results\result_001490.jpg
    Inference: 0.080s | FPS: 12.5 | Status: Success
[1308/2328] 001491.jpg
    -> d:\GitHub\Smart-home\web Server\AI engine\results\result_001491.jpg
    Inference: 0.081s | FPS: 12.3 | Status: Success
[1309/2328] 001492.jpg
    -> d:\GitHub\Smart-home\web Server\AI engine\results\result_001492.jpg
    Inference: 0.079s | FPS: 12.6 | Status: Success
[1310/2328] 001493.jpg
    -> d:\GitHub\Smart-home\web Server\AI engine\results\result_001493.jpg
    Inference: 0.078s | FPS: 12.8 | Status: Success
[1311/2328] 001494.jpg
    -> d:\GitHub\Smart-home\web Server\AI engine\results\result_001494.jpg
    Inference: 0.079s | FPS: 12.7 | Status: Success
[1312/2328] 001495.jpg
    -> d:\GitHub\Smart-home\web Server\AI engine\results\result_001495.jpg
    Inference: 0.087s | FPS: 11.5 | Status: Success
[1313/2328] 001496.jpg
    -> d:\GitHub\Smart-home\web Server\AI engine\results\result_001496.jpg
    Inference: 0.079s | FPS: 12.7 | Status: Success
[1314/2328] 001497.jpg
    -> d:\GitHub\Smart-home\web Server\AI engine\results\result_001497.jpg
    Inference: 0.079s | FPS: 12.6 | Status: Success
[1315/2328] 001498.jpg
    -> d:\GitHub\Smart-home\web Server\AI engine\results\result_001498.jpg
    Inference: 0.077s | FPS: 12.9 | Status: Success
[1316/2328] 001499.jpg
    -> d:\GitHub\Smart-home\web Server\AI engine\results\result_001499.jpg
    Inference: 0.078s | FPS: 12.8 | Status: Success
[1317/2328] 001500.jpg
    -> d:\GitHub\Smart-home\web Server\AI engine\results\result_001500.jpg
    Inference: 0.083s | FPS: 12.1 | Status: Success
[1318/2328] 001501.jpg
    -> d:\GitHub\Smart-home\web Server\AI engine\results\result_001501.jpg
    Inference: 0.083s | FPS: 12.0 | Status: Success
[1319/2328] 001502.jpg
    -> d:\GitHub\Smart-home\web Server\AI engine\results\result_001502.jpg
    Inference: 0.077s | FPS: 13.1 | Status: Success
[1320/2328] 001503.jpg
    -> d:\GitHub\Smart-home\web Server\AI engine\results\result_001503.jpg
    Inference: 0.084s | FPS: 12.0 | Status: Success
[1321/2328] 001504.jpg
    -> d:\GitHub\Smart-home\web Server\AI engine\results\result_001504.jpg
    Inference: 0.079s | FPS: 12.6 | Status: Success
[1322/2328] 001505.jpg
    -> d:\GitHub\Smart-home\web Server\AI engine\results\result_001505.jpg
    Inference: 0.076s | FPS: 13.2 | Status: Success
[1323/2328] 001506.jpg
    -> d:\GitHub\Smart-home\web Server\AI engine\results\result_001506.jpg
    Inference: 0.079s | FPS: 12.7 | Status: Success
[1324/2328] 001507.jpg
    -> d:\GitHub\Smart-home\web Server\AI engine\results\result_001507.jpg
    Inference: 0.094s | FPS: 10.6 | Status: Success
[1325/2328] 001508.jpg
    -> d:\GitHub\Smart-home\web Server\AI engine\results\result_001508.jpg
    Inference: 0.082s | FPS: 12.2 | Status: Success
[1326/2328] 001509.jpg
    -> d:\GitHub\Smart-home\web Server\AI engine\results\result_001509.jpg
    Inference: 0.078s | FPS: 12.8 | Status: Success
[1327/2328] 001510.jpg
    -> d:\GitHub\Smart-home\web Server\AI engine\results\result_001510.jpg
    Inference: 0.078s | FPS: 12.8 | Status: Success
[1328/2328] 001511.jpg
    -> d:\GitHub\Smart-home\web Server\AI engine\results\result_001511.jpg
    Inference: 0.081s | FPS: 12.3 | Status: Success
[1329/2328] 001512.jpg
    -> d:\GitHub\Smart-home\web Server\AI engine\results\result_001512.jpg
    Inference: 0.088s | FPS: 11.3 | Status: Success
[1330/2328] 001513.jpg
    -> d:\GitHub\Smart-home\web Server\AI engine\results\result_001513.jpg
    Inference: 0.087s | FPS: 11.6 | Status: Success
[1331/2328] 001514.jpg
    -> d:\GitHub\Smart-home\web Server\AI engine\results\result_001514.jpg
    Inference: 0.079s | FPS: 12.6 | Status: Success
[1332/2328] 001515.jpg
    -> d:\GitHub\Smart-home\web Server\AI engine\results\result_001515.jpg
    Inference: 0.096s | FPS: 10.4 | Status: Success
[1333/2328] 001516.jpg
    -> d:\GitHub\Smart-home\web Server\AI engine\results\result_001516.jpg
    Inference: 0.100s | FPS: 10.0 | Status: Success
[1334/2328] 001517.jpg
    -> d:\GitHub\Smart-home\web Server\AI engine\results\result_001517.jpg
    Inference: 0.078s | FPS: 12.8 | Status: Success
[1335/2328] 001518.jpg
    -> d:\GitHub\Smart-home\web Server\AI engine\results\result_001518.jpg
    Inference: 0.079s | FPS: 12.6 | Status: Success
[1336/2328] 001519.jpg
    -> d:\GitHub\Smart-home\web Server\AI engine\results\result_001519.jpg
    Inference: 0.085s | FPS: 11.8 | Status: Success
[1337/2328] 001520.jpg
    -> d:\GitHub\Smart-home\web Server\AI engine\results\result_001520.jpg
    Inference: 0.081s | FPS: 12.3 | Status: Success
[1338/2328] 001521.jpg
    -> d:\GitHub\Smart-home\web Server\AI engine\results\result_001521.jpg
    Inference: 0.076s | FPS: 13.1 | Status: Success
[1339/2328] 001522.jpg
    -> d:\GitHub\Smart-home\web Server\AI engine\results\result_001522.jpg
    Inference: 0.076s | FPS: 13.2 | Status: Success
[1340/2328] 001523.jpg
    -> d:\GitHub\Smart-home\web Server\AI engine\results\result_001523.jpg
    Inference: 0.078s | FPS: 12.7 | Status: Success
[1341/2328] 001524.jpg
    -> d:\GitHub\Smart-home\web Server\AI engine\results\result_001524.jpg
    Inference: 0.079s | FPS: 12.6 | Status: Success
[1342/2328] 001525.jpg
    -> d:\GitHub\Smart-home\web Server\AI engine\results\result_001525.jpg
    Inference: 0.082s | FPS: 12.2 | Status: Success
[1343/2328] 001526.jpg
    -> d:\GitHub\Smart-home\web Server\AI engine\results\result_001526.jpg
    Inference: 0.083s | FPS: 12.1 | Status: Success
[1344/2328] 001527.jpg
    -> d:\GitHub\Smart-home\web Server\AI engine\results\result_001527.jpg
    Inference: 0.080s | FPS: 12.6 | Status: Success
[1345/2328] 001528.jpg
    -> d:\GitHub\Smart-home\web Server\AI engine\results\result_001528.jpg
    Inference: 0.081s | FPS: 12.4 | Status: Success
[1346/2328] 001529.jpg
    -> d:\GitHub\Smart-home\web Server\AI engine\results\result_001529.jpg
    Inference: 0.079s | FPS: 12.7 | Status: Success
[1347/2328] 001530.jpg
    -> d:\GitHub\Smart-home\web Server\AI engine\results\result_001530.jpg
    Inference: 0.082s | FPS: 12.2 | Status: Success
[1348/2328] 001531.jpg
    -> d:\GitHub\Smart-home\web Server\AI engine\results\result_001531.jpg
    Inference: 0.084s | FPS: 11.9 | Status: Success
[1349/2328] 001532.jpg
    -> d:\GitHub\Smart-home\web Server\AI engine\results\result_001532.jpg
    Inference: 0.080s | FPS: 12.5 | Status: Success
[1350/2328] 001533.jpg
    -> d:\GitHub\Smart-home\web Server\AI engine\results\result_001533.jpg
    Inference: 0.080s | FPS: 12.6 | Status: Success
[1351/2328] 001534.jpg
    -> d:\GitHub\Smart-home\web Server\AI engine\results\result_001534.jpg
    Inference: 0.078s | FPS: 12.8 | Status: Success
[1352/2328] 001535.jpg
    -> d:\GitHub\Smart-home\web Server\AI engine\results\result_001535.jpg
    Inference: 0.079s | FPS: 12.7 | Status: Success
[1353/2328] 001536.jpg
    -> d:\GitHub\Smart-home\web Server\AI engine\results\result_001536.jpg
    Inference: 0.080s | FPS: 12.5 | Status: Success
[1354/2328] 001537.jpg
    -> d:\GitHub\Smart-home\web Server\AI engine\results\result_001537.jpg
    Inference: 0.082s | FPS: 12.2 | Status: Success
[1355/2328] 001538.jpg
    -> d:\GitHub\Smart-home\web Server\AI engine\results\result_001538.jpg
    Inference: 0.080s | FPS: 12.5 | Status: Success
[1356/2328] 001539.jpg
    -> d:\GitHub\Smart-home\web Server\AI engine\results\result_001539.jpg
    Inference: 0.078s | FPS: 12.8 | Status: Success
[1357/2328] 001540.jpg
    -> d:\GitHub\Smart-home\web Server\AI engine\results\result_001540.jpg
    Inference: 0.085s | FPS: 11.7 | Status: Success
[1358/2328] 001541.jpg
    -> d:\GitHub\Smart-home\web Server\AI engine\results\result_001541.jpg
    Inference: 0.081s | FPS: 12.4 | Status: Success
[1359/2328] 001542.jpg
    -> d:\GitHub\Smart-home\web Server\AI engine\results\result_001542.jpg
    Inference: 0.083s | FPS: 12.1 | Status: Success
[1360/2328] 001543.jpg
    -> d:\GitHub\Smart-home\web Server\AI engine\results\result_001543.jpg
    Inference: 0.082s | FPS: 12.2 | Status: Success
[1361/2328] 001544.jpg
    -> d:\GitHub\Smart-home\web Server\AI engine\results\result_001544.jpg
    Inference: 0.080s | FPS: 12.5 | Status: Success
[1362/2328] 001545.jpg
    -> d:\GitHub\Smart-home\web Server\AI engine\results\result_001545.jpg
    Inference: 0.082s | FPS: 12.1 | Status: Success
[1363/2328] 001546.jpg
    -> d:\GitHub\Smart-home\web Server\AI engine\results\result_001546.jpg
    Inference: 0.078s | FPS: 12.9 | Status: Success
[1364/2328] 001547.jpg
    -> d:\GitHub\Smart-home\web Server\AI engine\results\result_001547.jpg
    Inference: 0.084s | FPS: 11.9 | Status: Success
[1365/2328] 001548.jpg
    -> d:\GitHub\Smart-home\web Server\AI engine\results\result_001548.jpg
    Inference: 0.088s | FPS: 11.3 | Status: Success
[1366/2328] 001549.jpg
    -> d:\GitHub\Smart-home\web Server\AI engine\results\result_001549.jpg
    Inference: 0.083s | FPS: 12.0 | Status: Success
[1367/2328] 001550.jpg
    -> d:\GitHub\Smart-home\web Server\AI engine\results\result_001550.jpg
    Inference: 0.080s | FPS: 12.6 | Status: Success
[1368/2328] 001551.jpg
    -> d:\GitHub\Smart-home\web Server\AI engine\results\result_001551.jpg
    Inference: 0.075s | FPS: 13.3 | Status: Success
[1369/2328] 001552.jpg
    -> d:\GitHub\Smart-home\web Server\AI engine\results\result_001552.jpg
    Inference: 0.077s | FPS: 12.9 | Status: Success
[1370/2328] 001553.jpg
    -> d:\GitHub\Smart-home\web Server\AI engine\results\result_001553.jpg
    Inference: 0.078s | FPS: 12.8 | Status: Success
[1371/2328] 001554.jpg
    -> d:\GitHub\Smart-home\web Server\AI engine\results\result_001554.jpg
    Inference: 0.076s | FPS: 13.1 | Status: Success
[1372/2328] 001555.jpg
    -> d:\GitHub\Smart-home\web Server\AI engine\results\result_001555.jpg
    Inference: 0.085s | FPS: 11.8 | Status: Success
[1373/2328] 001556.jpg
    -> d:\GitHub\Smart-home\web Server\AI engine\results\result_001556.jpg
    Inference: 0.088s | FPS: 11.4 | Status: Success
[1374/2328] 001557.jpg
    -> d:\GitHub\Smart-home\web Server\AI engine\results\result_001557.jpg
    Inference: 0.083s | FPS: 12.1 | Status: Success
[1375/2328] 001558.jpg
    -> d:\GitHub\Smart-home\web Server\AI engine\results\result_001558.jpg
    Inference: 0.080s | FPS: 12.5 | Status: Success
[1376/2328] 001559.jpg
    -> d:\GitHub\Smart-home\web Server\AI engine\results\result_001559.jpg
    Inference: 0.081s | FPS: 12.4 | Status: Success
[1377/2328] 001560.jpg
    -> d:\GitHub\Smart-home\web Server\AI engine\results\result_001560.jpg
    Inference: 0.080s | FPS: 12.5 | Status: Success
[1378/2328] 001561.jpg
    -> d:\GitHub\Smart-home\web Server\AI engine\results\result_001561.jpg
    Inference: 0.085s | FPS: 11.8 | Status: Success
[1379/2328] 001562.jpg
    -> d:\GitHub\Smart-home\web Server\AI engine\results\result_001562.jpg
    Inference: 0.086s | FPS: 11.6 | Status: Success
[1380/2328] 001563.jpg
    -> d:\GitHub\Smart-home\web Server\AI engine\results\result_001563.jpg
    Inference: 0.099s | FPS: 10.1 | Status: Success
[1381/2328] 001564.jpg
    -> d:\GitHub\Smart-home\web Server\AI engine\results\result_001564.jpg
    Inference: 0.085s | FPS: 11.8 | Status: Success
[1382/2328] 001565.jpg
    -> d:\GitHub\Smart-home\web Server\AI engine\results\result_001565.jpg
    Inference: 0.081s | FPS: 12.4 | Status: Success
[1383/2328] 001566.jpg
    -> d:\GitHub\Smart-home\web Server\AI engine\results\result_001566.jpg
    Inference: 0.079s | FPS: 12.7 | Status: Success
[1384/2328] 001567.jpg
    -> d:\GitHub\Smart-home\web Server\AI engine\results\result_001567.jpg
    Inference: 0.082s | FPS: 12.2 | Status: Success
[1385/2328] 001568.jpg
    -> d:\GitHub\Smart-home\web Server\AI engine\results\result_001568.jpg
    Inference: 0.080s | FPS: 12.4 | Status: Success
[1386/2328] 001569.jpg
    -> d:\GitHub\Smart-home\web Server\AI engine\results\result_001569.jpg
    Inference: 0.084s | FPS: 11.9 | Status: Success
[1387/2328] 001570.jpg
    -> d:\GitHub\Smart-home\web Server\AI engine\results\result_001570.jpg
    Inference: 0.080s | FPS: 12.5 | Status: Success
[1388/2328] 001571.jpg
    -> d:\GitHub\Smart-home\web Server\AI engine\results\result_001571.jpg
    Inference: 0.085s | FPS: 11.7 | Status: Success
[1389/2328] 001572.jpg
    -> d:\GitHub\Smart-home\web Server\AI engine\results\result_001572.jpg
    Inference: 0.082s | FPS: 12.2 | Status: Success
[1390/2328] 001573.jpg
    -> d:\GitHub\Smart-home\web Server\AI engine\results\result_001573.jpg
    Inference: 0.091s | FPS: 10.9 | Status: Success
[1391/2328] 001574.jpg
    -> d:\GitHub\Smart-home\web Server\AI engine\results\result_001574.jpg
    Inference: 0.095s | FPS: 10.6 | Status: Success
[1392/2328] 001575.jpg
    -> d:\GitHub\Smart-home\web Server\AI engine\results\result_001575.jpg
    Inference: 0.078s | FPS: 12.8 | Status: Success
[1393/2328] 001576.jpg
    -> d:\GitHub\Smart-home\web Server\AI engine\results\result_001576.jpg
    Inference: 0.079s | FPS: 12.7 | Status: Success
[1394/2328] 001577.jpg
    -> d:\GitHub\Smart-home\web Server\AI engine\results\result_001577.jpg
    Inference: 0.078s | FPS: 12.8 | Status: Success
[1395/2328] 001578.jpg
    -> d:\GitHub\Smart-home\web Server\AI engine\results\result_001578.jpg
    Inference: 0.079s | FPS: 12.6 | Status: Success
[1396/2328] 001579.jpg
    -> d:\GitHub\Smart-home\web Server\AI engine\results\result_001579.jpg
    Inference: 0.082s | FPS: 12.2 | Status: Success
[1397/2328] 001580.jpg
    -> d:\GitHub\Smart-home\web Server\AI engine\results\result_001580.jpg
    Inference: 0.080s | FPS: 12.6 | Status: Success
[1398/2328] 001581.jpg
    -> d:\GitHub\Smart-home\web Server\AI engine\results\result_001581.jpg
    Inference: 0.078s | FPS: 12.8 | Status: Success
[1399/2328] 001582.jpg
    -> d:\GitHub\Smart-home\web Server\AI engine\results\result_001582.jpg
    Inference: 0.082s | FPS: 12.3 | Status: Success
[1400/2328] 001583.jpg
    -> d:\GitHub\Smart-home\web Server\AI engine\results\result_001583.jpg
    Inference: 0.080s | FPS: 12.4 | Status: Success
[1401/2328] 001584.jpg
    -> d:\GitHub\Smart-home\web Server\AI engine\results\result_001584.jpg
    Inference: 0.080s | FPS: 12.5 | Status: Success
[1402/2328] 001585.jpg
    -> d:\GitHub\Smart-home\web Server\AI engine\results\result_001585.jpg
    Inference: 0.079s | FPS: 12.7 | Status: Success
[1403/2328] 001586.jpg
    -> d:\GitHub\Smart-home\web Server\AI engine\results\result_001586.jpg
    Inference: 0.083s | FPS: 12.0 | Status: Success
[1404/2328] 001587.jpg
    -> d:\GitHub\Smart-home\web Server\AI engine\results\result_001587.jpg
    Inference: 0.083s | FPS: 12.1 | Status: Success
[1405/2328] 001588.jpg
    -> d:\GitHub\Smart-home\web Server\AI engine\results\result_001588.jpg
    Inference: 0.076s | FPS: 13.2 | Status: Success
[1406/2328] 001589.jpg
    -> d:\GitHub\Smart-home\web Server\AI engine\results\result_001589.jpg
    Inference: 0.077s | FPS: 13.0 | Status: Success
[1407/2328] 001590.jpg
    -> d:\GitHub\Smart-home\web Server\AI engine\results\result_001590.jpg
    Inference: 0.080s | FPS: 12.5 | Status: Success
[1408/2328] 001591.jpg
    -> d:\GitHub\Smart-home\web Server\AI engine\results\result_001591.jpg
    Inference: 0.079s | FPS: 12.7 | Status: Success
[1409/2328] 001592.jpg
    -> d:\GitHub\Smart-home\web Server\AI engine\results\result_001592.jpg
    Inference: 0.079s | FPS: 12.6 | Status: Success
[1410/2328] 001593.jpg
    -> d:\GitHub\Smart-home\web Server\AI engine\results\result_001593.jpg
    Inference: 0.078s | FPS: 12.9 | Status: Success
[1411/2328] 001594.jpg
    -> d:\GitHub\Smart-home\web Server\AI engine\results\result_001594.jpg
    Inference: 0.078s | FPS: 12.8 | Status: Success
[1412/2328] 001595.jpg
    -> d:\GitHub\Smart-home\web Server\AI engine\results\result_001595.jpg
    Inference: 0.082s | FPS: 12.1 | Status: Success
[1413/2328] 001596.jpg
    -> d:\GitHub\Smart-home\web Server\AI engine\results\result_001596.jpg
    Inference: 0.081s | FPS: 12.4 | Status: Success
[1414/2328] 001597.jpg
    -> d:\GitHub\Smart-home\web Server\AI engine\results\result_001597.jpg
    Inference: 0.081s | FPS: 12.3 | Status: Success
[1415/2328] 001598.jpg
    -> d:\GitHub\Smart-home\web Server\AI engine\results\result_001598.jpg
    Inference: 0.093s | FPS: 10.7 | Status: Success
[1416/2328] 001599.jpg
    -> d:\GitHub\Smart-home\web Server\AI engine\results\result_001599.jpg
    Inference: 0.086s | FPS: 11.6 | Status: Success
[1417/2328] 001600.jpg
    -> d:\GitHub\Smart-home\web Server\AI engine\results\result_001600.jpg
    Inference: 0.081s | FPS: 12.3 | Status: Success
[1418/2328] 001601.jpg
    -> d:\GitHub\Smart-home\web Server\AI engine\results\result_001601.jpg
    Inference: 0.081s | FPS: 12.3 | Status: Success
[1419/2328] 001602.jpg
    -> d:\GitHub\Smart-home\web Server\AI engine\results\result_001602.jpg
    Inference: 0.082s | FPS: 12.1 | Status: Success
[1420/2328] 001603.jpg
    -> d:\GitHub\Smart-home\web Server\AI engine\results\result_001603.jpg
    Inference: 0.081s | FPS: 12.4 | Status: Success
[1421/2328] 001604.jpg
    -> d:\GitHub\Smart-home\web Server\AI engine\results\result_001604.jpg
    Inference: 0.076s | FPS: 13.2 | Status: Success
[1422/2328] 001605.jpg
    -> d:\GitHub\Smart-home\web Server\AI engine\results\result_001605.jpg
    Inference: 0.076s | FPS: 13.1 | Status: Success
[1423/2328] 001606.jpg
    -> d:\GitHub\Smart-home\web Server\AI engine\results\result_001606.jpg
    Inference: 0.077s | FPS: 12.9 | Status: Success
[1424/2328] 001607.jpg
    -> d:\GitHub\Smart-home\web Server\AI engine\results\result_001607.jpg
    Inference: 0.078s | FPS: 12.8 | Status: Success
[1425/2328] 001608.jpg
    -> d:\GitHub\Smart-home\web Server\AI engine\results\result_001608.jpg
    Inference: 0.082s | FPS: 12.3 | Status: Success
[1426/2328] 001609.jpg
    -> d:\GitHub\Smart-home\web Server\AI engine\results\result_001609.jpg
    Inference: 0.082s | FPS: 12.1 | Status: Success
[1427/2328] 001610.jpg
    -> d:\GitHub\Smart-home\web Server\AI engine\results\result_001610.jpg
    Inference: 0.078s | FPS: 12.9 | Status: Success
[1428/2328] 001611.jpg
    -> d:\GitHub\Smart-home\web Server\AI engine\results\result_001611.jpg
    Inference: 0.082s | FPS: 12.1 | Status: Success
[1429/2328] 001612.jpg
    -> d:\GitHub\Smart-home\web Server\AI engine\results\result_001612.jpg
    Inference: 0.081s | FPS: 12.3 | Status: Success
[1430/2328] 001613.jpg
    -> d:\GitHub\Smart-home\web Server\AI engine\results\result_001613.jpg
    Inference: 0.078s | FPS: 12.9 | Status: Success
[1431/2328] 001614.jpg
    -> d:\GitHub\Smart-home\web Server\AI engine\results\result_001614.jpg
    Inference: 0.080s | FPS: 12.5 | Status: Success
[1432/2328] 001615.jpg
    -> d:\GitHub\Smart-home\web Server\AI engine\results\result_001615.jpg
    Inference: 0.084s | FPS: 11.9 | Status: Success
[1433/2328] 001616.jpg
    -> d:\GitHub\Smart-home\web Server\AI engine\results\result_001616.jpg
    Inference: 0.076s | FPS: 13.1 | Status: Success
[1434/2328] 001617.jpg
    -> d:\GitHub\Smart-home\web Server\AI engine\results\result_001617.jpg
    Inference: 0.076s | FPS: 13.1 | Status: Success
[1435/2328] 001618.jpg
    -> d:\GitHub\Smart-home\web Server\AI engine\results\result_001618.jpg
    Inference: 0.078s | FPS: 12.8 | Status: Success
[1436/2328] 001619.jpg
    -> d:\GitHub\Smart-home\web Server\AI engine\results\result_001619.jpg
    Inference: 0.078s | FPS: 12.8 | Status: Success
[1437/2328] 001620.jpg
    -> d:\GitHub\Smart-home\web Server\AI engine\results\result_001620.jpg
    Inference: 0.079s | FPS: 12.7 | Status: Success
[1438/2328] 001621.jpg
    -> d:\GitHub\Smart-home\web Server\AI engine\results\result_001621.jpg
    Inference: 0.081s | FPS: 12.3 | Status: Success
[1439/2328] 001622.jpg
    -> d:\GitHub\Smart-home\web Server\AI engine\results\result_001622.jpg
    Inference: 0.080s | FPS: 12.4 | Status: Success
[1440/2328] 001623.jpg
    -> d:\GitHub\Smart-home\web Server\AI engine\results\result_001623.jpg
    Inference: 0.082s | FPS: 12.1 | Status: Success
[1441/2328] 001624.jpg
    -> d:\GitHub\Smart-home\web Server\AI engine\results\result_001624.jpg
    Inference: 0.080s | FPS: 12.5 | Status: Success
[1442/2328] 001625.jpg
    -> d:\GitHub\Smart-home\web Server\AI engine\results\result_001625.jpg
    Inference: 0.077s | FPS: 13.0 | Status: Success
[1443/2328] 001626.jpg
    -> d:\GitHub\Smart-home\web Server\AI engine\results\result_001626.jpg
    Inference: 0.077s | FPS: 13.0 | Status: Success
[1444/2328] 001627.jpg
    -> d:\GitHub\Smart-home\web Server\AI engine\results\result_001627.jpg
    Inference: 0.081s | FPS: 12.3 | Status: Success
[1445/2328] 001628.jpg
    -> d:\GitHub\Smart-home\web Server\AI engine\results\result_001628.jpg
    Inference: 0.078s | FPS: 12.9 | Status: Success
[1446/2328] 001629.jpg
    -> d:\GitHub\Smart-home\web Server\AI engine\results\result_001629.jpg
    Inference: 0.076s | FPS: 13.2 | Status: Success
[1447/2328] 001630.jpg
    -> d:\GitHub\Smart-home\web Server\AI engine\results\result_001630.jpg
    Inference: 0.080s | FPS: 12.4 | Status: Success
[1448/2328] 001631.jpg
    -> d:\GitHub\Smart-home\web Server\AI engine\results\result_001631.jpg
    Inference: 0.078s | FPS: 12.8 | Status: Success
[1449/2328] 001632.jpg
    -> d:\GitHub\Smart-home\web Server\AI engine\results\result_001632.jpg
    Inference: 0.077s | FPS: 13.0 | Status: Success
[1450/2328] 001633.jpg
    -> d:\GitHub\Smart-home\web Server\AI engine\results\result_001633.jpg
    Inference: 0.079s | FPS: 12.7 | Status: Success
[1451/2328] 001634.jpg
    -> d:\GitHub\Smart-home\web Server\AI engine\results\result_001634.jpg
    Inference: 0.077s | FPS: 13.0 | Status: Success
[1452/2328] 001635.jpg
    -> d:\GitHub\Smart-home\web Server\AI engine\results\result_001635.jpg
    Inference: 0.091s | FPS: 11.0 | Status: Success
[1453/2328] 001636.jpg
    -> d:\GitHub\Smart-home\web Server\AI engine\results\result_001636.jpg
    Inference: 0.077s | FPS: 12.9 | Status: Success
[1454/2328] 001637.jpg
    -> d:\GitHub\Smart-home\web Server\AI engine\results\result_001637.jpg
    Inference: 0.078s | FPS: 12.8 | Status: Success
[1455/2328] 001638.jpg
    -> d:\GitHub\Smart-home\web Server\AI engine\results\result_001638.jpg
    Inference: 0.076s | FPS: 13.1 | Status: Success
[1456/2328] 001639.jpg
    -> d:\GitHub\Smart-home\web Server\AI engine\results\result_001639.jpg
    Inference: 0.082s | FPS: 12.3 | Status: Success
[1457/2328] 001640.jpg
    -> d:\GitHub\Smart-home\web Server\AI engine\results\result_001640.jpg
    Inference: 0.079s | FPS: 12.6 | Status: Success
[1458/2328] 001641.jpg
    -> d:\GitHub\Smart-home\web Server\AI engine\results\result_001641.jpg
    Inference: 0.079s | FPS: 12.7 | Status: Success
[1459/2328] 001642.jpg
    -> d:\GitHub\Smart-home\web Server\AI engine\results\result_001642.jpg
    Inference: 0.076s | FPS: 13.1 | Status: Success
[1460/2328] 001643.jpg
    -> d:\GitHub\Smart-home\web Server\AI engine\results\result_001643.jpg
    Inference: 0.077s | FPS: 12.9 | Status: Success
[1461/2328] 001644.jpg
    -> d:\GitHub\Smart-home\web Server\AI engine\results\result_001644.jpg
    Inference: 0.077s | FPS: 13.0 | Status: Success
[1462/2328] 001645.jpg
    -> d:\GitHub\Smart-home\web Server\AI engine\results\result_001645.jpg
    Inference: 0.078s | FPS: 12.8 | Status: Success
[1463/2328] 001646.jpg
    -> d:\GitHub\Smart-home\web Server\AI engine\results\result_001646.jpg
    Inference: 0.082s | FPS: 12.2 | Status: Success
[1464/2328] 001647.jpg
    -> d:\GitHub\Smart-home\web Server\AI engine\results\result_001647.jpg
    Inference: 0.079s | FPS: 12.7 | Status: Success
[1465/2328] 001648.jpg
    -> d:\GitHub\Smart-home\web Server\AI engine\results\result_001648.jpg
    Inference: 0.077s | FPS: 13.0 | Status: Success
[1466/2328] 001649.jpg
    -> d:\GitHub\Smart-home\web Server\AI engine\results\result_001649.jpg
    Inference: 0.077s | FPS: 13.0 | Status: Success
[1467/2328] 001650.jpg
    -> d:\GitHub\Smart-home\web Server\AI engine\results\result_001650.jpg
    Inference: 0.079s | FPS: 12.7 | Status: Success
[1468/2328] 001651.jpg
    -> d:\GitHub\Smart-home\web Server\AI engine\results\result_001651.jpg
    Inference: 0.082s | FPS: 12.2 | Status: Success
[1469/2328] 001652.jpg
    -> d:\GitHub\Smart-home\web Server\AI engine\results\result_001652.jpg
    Inference: 0.081s | FPS: 12.4 | Status: Success
[1470/2328] 001653.jpg
    -> d:\GitHub\Smart-home\web Server\AI engine\results\result_001653.jpg
    Inference: 0.077s | FPS: 13.0 | Status: Success
[1471/2328] 001654.jpg
    -> d:\GitHub\Smart-home\web Server\AI engine\results\result_001654.jpg
    Inference: 0.078s | FPS: 12.7 | Status: Success
[1472/2328] 001655.jpg
    -> d:\GitHub\Smart-home\web Server\AI engine\results\result_001655.jpg
    Inference: 0.077s | FPS: 12.9 | Status: Success
[1473/2328] 001656.jpg
    -> d:\GitHub\Smart-home\web Server\AI engine\results\result_001656.jpg
    Inference: 0.081s | FPS: 12.3 | Status: Success
[1474/2328] 001657.jpg
    -> d:\GitHub\Smart-home\web Server\AI engine\results\result_001657.jpg
    Inference: 0.079s | FPS: 12.7 | Status: Success
[1475/2328] 001658.jpg
    -> d:\GitHub\Smart-home\web Server\AI engine\results\result_001658.jpg
    Inference: 0.081s | FPS: 12.4 | Status: Success
[1476/2328] 001659.jpg
    -> d:\GitHub\Smart-home\web Server\AI engine\results\result_001659.jpg
    Inference: 0.077s | FPS: 12.9 | Status: Success
[1477/2328] 001660.jpg
    -> d:\GitHub\Smart-home\web Server\AI engine\results\result_001660.jpg
    Inference: 0.077s | FPS: 12.9 | Status: Success
[1478/2328] 001661.jpg
    -> d:\GitHub\Smart-home\web Server\AI engine\results\result_001661.jpg
    Inference: 0.077s | FPS: 13.0 | Status: Success
[1479/2328] 001662.jpg
    -> d:\GitHub\Smart-home\web Server\AI engine\results\result_001662.jpg
    Inference: 0.077s | FPS: 13.0 | Status: Success
[1480/2328] 001663.jpg
    -> d:\GitHub\Smart-home\web Server\AI engine\results\result_001663.jpg
    Inference: 0.079s | FPS: 12.7 | Status: Success
[1481/2328] 001664.jpg
    -> d:\GitHub\Smart-home\web Server\AI engine\results\result_001664.jpg
    Inference: 0.086s | FPS: 11.6 | Status: Success
[1482/2328] 001665.jpg
    -> d:\GitHub\Smart-home\web Server\AI engine\results\result_001665.jpg
    Inference: 0.079s | FPS: 12.6 | Status: Success
[1483/2328] 001666.jpg
    -> d:\GitHub\Smart-home\web Server\AI engine\results\result_001666.jpg
    Inference: 0.078s | FPS: 12.8 | Status: Success
[1484/2328] 001667.jpg
    -> d:\GitHub\Smart-home\web Server\AI engine\results\result_001667.jpg
    Inference: 0.078s | FPS: 12.8 | Status: Success
[1485/2328] 001668.jpg
    -> d:\GitHub\Smart-home\web Server\AI engine\results\result_001668.jpg
    Inference: 0.079s | FPS: 12.7 | Status: Success
[1486/2328] 001669.jpg
    -> d:\GitHub\Smart-home\web Server\AI engine\results\result_001669.jpg
    Inference: 0.078s | FPS: 12.9 | Status: Success
[1487/2328] 001670.jpg
    -> d:\GitHub\Smart-home\web Server\AI engine\results\result_001670.jpg
    Inference: 0.084s | FPS: 11.9 | Status: Success
[1488/2328] 001671.jpg
    -> d:\GitHub\Smart-home\web Server\AI engine\results\result_001671.jpg
    Inference: 0.079s | FPS: 12.7 | Status: Success
[1489/2328] 001672.jpg
    -> d:\GitHub\Smart-home\web Server\AI engine\results\result_001672.jpg
    Inference: 0.078s | FPS: 12.9 | Status: Success
[1490/2328] 001673.jpg
    -> d:\GitHub\Smart-home\web Server\AI engine\results\result_001673.jpg
    Inference: 0.078s | FPS: 12.8 | Status: Success
[1491/2328] 001674.jpg
    -> d:\GitHub\Smart-home\web Server\AI engine\results\result_001674.jpg
    Inference: 0.079s | FPS: 12.6 | Status: Success
[1492/2328] 001675.jpg
    -> d:\GitHub\Smart-home\web Server\AI engine\results\result_001675.jpg
    Inference: 0.075s | FPS: 13.4 | Status: Success
[1493/2328] 001676.jpg
    -> d:\GitHub\Smart-home\web Server\AI engine\results\result_001676.jpg
    Inference: 0.081s | FPS: 12.4 | Status: Success
[1494/2328] 001677.jpg
    -> d:\GitHub\Smart-home\web Server\AI engine\results\result_001677.jpg
    Inference: 0.078s | FPS: 12.8 | Status: Success
[1495/2328] 001678.jpg
    -> d:\GitHub\Smart-home\web Server\AI engine\results\result_001678.jpg
    Inference: 0.077s | FPS: 13.0 | Status: Success
[1496/2328] 001679.jpg
    -> d:\GitHub\Smart-home\web Server\AI engine\results\result_001679.jpg
    Inference: 0.077s | FPS: 13.0 | Status: Success
[1497/2328] 001680.jpg
    -> d:\GitHub\Smart-home\web Server\AI engine\results\result_001680.jpg
    Inference: 0.081s | FPS: 12.4 | Status: Success
[1498/2328] 001681.jpg
    -> d:\GitHub\Smart-home\web Server\AI engine\results\result_001681.jpg
    Inference: 0.079s | FPS: 12.7 | Status: Success
[1499/2328] 001682.jpg
    -> d:\GitHub\Smart-home\web Server\AI engine\results\result_001682.jpg
    Inference: 0.081s | FPS: 12.3 | Status: Success
[1500/2328] 001683.jpg
    -> d:\GitHub\Smart-home\web Server\AI engine\results\result_001683.jpg
    Inference: 0.097s | FPS: 10.3 | Status: Success
[1501/2328] 001684.jpg
    -> d:\GitHub\Smart-home\web Server\AI engine\results\result_001684.jpg
    Inference: 0.088s | FPS: 11.4 | Status: Success
[1502/2328] 001685.jpg
    -> d:\GitHub\Smart-home\web Server\AI engine\results\result_001685.jpg
    Inference: 0.078s | FPS: 12.8 | Status: Success
[1503/2328] 001686.jpg
    -> d:\GitHub\Smart-home\web Server\AI engine\results\result_001686.jpg
    Inference: 0.080s | FPS: 12.6 | Status: Success
[1504/2328] 001687.jpg
    -> d:\GitHub\Smart-home\web Server\AI engine\results\result_001687.jpg
    Inference: 0.079s | FPS: 12.7 | Status: Success
[1505/2328] 001688.jpg
    -> d:\GitHub\Smart-home\web Server\AI engine\results\result_001688.jpg
    Inference: 0.081s | FPS: 12.4 | Status: Success
[1506/2328] 001689.jpg
    -> d:\GitHub\Smart-home\web Server\AI engine\results\result_001689.jpg
    Inference: 0.078s | FPS: 12.8 | Status: Success
[1507/2328] 001690.jpg
    -> d:\GitHub\Smart-home\web Server\AI engine\results\result_001690.jpg
    Inference: 0.079s | FPS: 12.7 | Status: Success
[1508/2328] 001691.jpg
    -> d:\GitHub\Smart-home\web Server\AI engine\results\result_001691.jpg
    Inference: 0.077s | FPS: 13.0 | Status: Success
[1509/2328] 001692.jpg
    -> d:\GitHub\Smart-home\web Server\AI engine\results\result_001692.jpg
    Inference: 0.078s | FPS: 12.8 | Status: Success
[1510/2328] 001693.jpg
    -> d:\GitHub\Smart-home\web Server\AI engine\results\result_001693.jpg
    Inference: 0.082s | FPS: 12.2 | Status: Success
[1511/2328] 001694.jpg
    -> d:\GitHub\Smart-home\web Server\AI engine\results\result_001694.jpg
    Inference: 0.084s | FPS: 11.9 | Status: Success
[1512/2328] 001695.jpg
    -> d:\GitHub\Smart-home\web Server\AI engine\results\result_001695.jpg
    Inference: 0.077s | FPS: 13.0 | Status: Success
[1513/2328] 001696.jpg
    -> d:\GitHub\Smart-home\web Server\AI engine\results\result_001696.jpg
    Inference: 0.078s | FPS: 12.8 | Status: Success
[1514/2328] 001697.jpg
    -> d:\GitHub\Smart-home\web Server\AI engine\results\result_001697.jpg
    Inference: 0.079s | FPS: 12.7 | Status: Success
[1515/2328] 001698.jpg
    -> d:\GitHub\Smart-home\web Server\AI engine\results\result_001698.jpg
    Inference: 0.078s | FPS: 12.9 | Status: Success
[1516/2328] 001699.jpg
    -> d:\GitHub\Smart-home\web Server\AI engine\results\result_001699.jpg
    Inference: 0.081s | FPS: 12.4 | Status: Success
[1517/2328] 001700.jpg
    -> d:\GitHub\Smart-home\web Server\AI engine\results\result_001700.jpg
    Inference: 0.082s | FPS: 12.2 | Status: Success
[1518/2328] 001701.jpg
    -> d:\GitHub\Smart-home\web Server\AI engine\results\result_001701.jpg
    Inference: 0.078s | FPS: 12.8 | Status: Success
[1519/2328] 001702.jpg
    -> d:\GitHub\Smart-home\web Server\AI engine\results\result_001702.jpg
    Inference: 0.093s | FPS: 10.8 | Status: Success
[1520/2328] 001703.jpg
    -> d:\GitHub\Smart-home\web Server\AI engine\results\result_001703.jpg
    Inference: 0.079s | FPS: 12.6 | Status: Success
[1521/2328] 001704.jpg
    -> d:\GitHub\Smart-home\web Server\AI engine\results\result_001704.jpg
    Inference: 0.081s | FPS: 12.4 | Status: Success
[1522/2328] 001705.jpg
    -> d:\GitHub\Smart-home\web Server\AI engine\results\result_001705.jpg
    Inference: 0.078s | FPS: 12.8 | Status: Success
[1523/2328] 001706.jpg
    -> d:\GitHub\Smart-home\web Server\AI engine\results\result_001706.jpg
    Inference: 0.083s | FPS: 12.1 | Status: Success
[1524/2328] 001707.jpg
    -> d:\GitHub\Smart-home\web Server\AI engine\results\result_001707.jpg
    Inference: 0.082s | FPS: 12.2 | Status: Success
[1525/2328] 001708.jpg
    -> d:\GitHub\Smart-home\web Server\AI engine\results\result_001708.jpg
    Inference: 0.079s | FPS: 12.7 | Status: Success
[1526/2328] 001709.jpg
    -> d:\GitHub\Smart-home\web Server\AI engine\results\result_001709.jpg
    Inference: 0.081s | FPS: 12.4 | Status: Success
[1527/2328] 001710.jpg
    -> d:\GitHub\Smart-home\web Server\AI engine\results\result_001710.jpg
    Inference: 0.078s | FPS: 12.8 | Status: Success
[1528/2328] 001711.jpg
    -> d:\GitHub\Smart-home\web Server\AI engine\results\result_001711.jpg
    Inference: 0.077s | FPS: 12.9 | Status: Success
[1529/2328] 001712.jpg
    -> d:\GitHub\Smart-home\web Server\AI engine\results\result_001712.jpg
    Inference: 0.082s | FPS: 12.2 | Status: Success
[1530/2328] 001713.jpg
    -> d:\GitHub\Smart-home\web Server\AI engine\results\result_001713.jpg
    Inference: 0.078s | FPS: 12.8 | Status: Success
[1531/2328] 001714.jpg
    -> d:\GitHub\Smart-home\web Server\AI engine\results\result_001714.jpg
    Inference: 0.077s | FPS: 12.9 | Status: Success
[1532/2328] 001715.jpg
    -> d:\GitHub\Smart-home\web Server\AI engine\results\result_001715.jpg
    Inference: 0.078s | FPS: 12.8 | Status: Success
[1533/2328] 001716.jpg
    -> d:\GitHub\Smart-home\web Server\AI engine\results\result_001716.jpg
    Inference: 0.077s | FPS: 13.0 | Status: Success
[1534/2328] 001717.jpg
    -> d:\GitHub\Smart-home\web Server\AI engine\results\result_001717.jpg
    Inference: 0.076s | FPS: 13.1 | Status: Success
[1535/2328] 001718.jpg
    -> d:\GitHub\Smart-home\web Server\AI engine\results\result_001718.jpg
    Inference: 0.079s | FPS: 12.6 | Status: Success
[1536/2328] 001719.jpg
    -> d:\GitHub\Smart-home\web Server\AI engine\results\result_001719.jpg
    Inference: 0.081s | FPS: 12.3 | Status: Success
[1537/2328] 001720.jpg
    -> d:\GitHub\Smart-home\web Server\AI engine\results\result_001720.jpg
    Inference: 0.075s | FPS: 13.3 | Status: Success
[1538/2328] 001721.jpg
    -> d:\GitHub\Smart-home\web Server\AI engine\results\result_001721.jpg
    Inference: 0.078s | FPS: 12.8 | Status: Success
[1539/2328] 001722.jpg
    -> d:\GitHub\Smart-home\web Server\AI engine\results\result_001722.jpg
    Inference: 0.081s | FPS: 12.3 | Status: Success
[1540/2328] 001723.jpg
    -> d:\GitHub\Smart-home\web Server\AI engine\results\result_001723.jpg
    Inference: 0.078s | FPS: 12.8 | Status: Success
[1541/2328] 001724.jpg
    -> d:\GitHub\Smart-home\web Server\AI engine\results\result_001724.jpg
    Inference: 0.080s | FPS: 12.5 | Status: Success
[1542/2328] 001725.jpg
    -> d:\GitHub\Smart-home\web Server\AI engine\results\result_001725.jpg
    Inference: 0.080s | FPS: 12.5 | Status: Success
[1543/2328] 001726.jpg
    -> d:\GitHub\Smart-home\web Server\AI engine\results\result_001726.jpg
    Inference: 0.080s | FPS: 12.5 | Status: Success
[1544/2328] 001727.jpg
    -> d:\GitHub\Smart-home\web Server\AI engine\results\result_001727.jpg
    Inference: 0.080s | FPS: 12.5 | Status: Success
[1545/2328] 001728.jpg
    -> d:\GitHub\Smart-home\web Server\AI engine\results\result_001728.jpg
    Inference: 0.079s | FPS: 12.7 | Status: Success
[1546/2328] 001729.jpg
    -> d:\GitHub\Smart-home\web Server\AI engine\results\result_001729.jpg
    Inference: 0.081s | FPS: 12.3 | Status: Success
[1547/2328] 001730.jpg
    -> d:\GitHub\Smart-home\web Server\AI engine\results\result_001730.jpg
    Inference: 0.077s | FPS: 13.0 | Status: Success
[1548/2328] 001731.jpg
    -> d:\GitHub\Smart-home\web Server\AI engine\results\result_001731.jpg
    Inference: 0.082s | FPS: 12.2 | Status: Success
[1549/2328] 001732.jpg
    -> d:\GitHub\Smart-home\web Server\AI engine\results\result_001732.jpg
    Inference: 0.078s | FPS: 12.9 | Status: Success
[1550/2328] 001733.jpg
    -> d:\GitHub\Smart-home\web Server\AI engine\results\result_001733.jpg
    Inference: 0.077s | FPS: 12.9 | Status: Success
[1551/2328] 001734.jpg
    -> d:\GitHub\Smart-home\web Server\AI engine\results\result_001734.jpg
    Inference: 0.081s | FPS: 12.4 | Status: Success
[1552/2328] 001735.jpg
    -> d:\GitHub\Smart-home\web Server\AI engine\results\result_001735.jpg
    Inference: 0.078s | FPS: 12.9 | Status: Success
[1553/2328] 001736.jpg
    -> d:\GitHub\Smart-home\web Server\AI engine\results\result_001736.jpg
    Inference: 0.080s | FPS: 12.6 | Status: Success
[1554/2328] 001737.jpg
    -> d:\GitHub\Smart-home\web Server\AI engine\results\result_001737.jpg
    Inference: 0.090s | FPS: 11.1 | Status: Success
[1555/2328] 001738.jpg
    -> d:\GitHub\Smart-home\web Server\AI engine\results\result_001738.jpg
    Inference: 0.085s | FPS: 11.8 | Status: Success
[1556/2328] 001739.jpg
    -> d:\GitHub\Smart-home\web Server\AI engine\results\result_001739.jpg
    Inference: 0.084s | FPS: 11.9 | Status: Success
[1557/2328] 001740.jpg
    -> d:\GitHub\Smart-home\web Server\AI engine\results\result_001740.jpg
    Inference: 0.083s | FPS: 12.0 | Status: Success
[1558/2328] 001741.jpg
    -> d:\GitHub\Smart-home\web Server\AI engine\results\result_001741.jpg
    Inference: 0.079s | FPS: 12.7 | Status: Success
[1559/2328] 001742.jpg
    -> d:\GitHub\Smart-home\web Server\AI engine\results\result_001742.jpg
    Inference: 0.078s | FPS: 12.8 | Status: Success
[1560/2328] 001743.jpg
    -> d:\GitHub\Smart-home\web Server\AI engine\results\result_001743.jpg
    Inference: 0.082s | FPS: 12.2 | Status: Success
[1561/2328] 001744.jpg
    -> d:\GitHub\Smart-home\web Server\AI engine\results\result_001744.jpg
    Inference: 0.076s | FPS: 13.1 | Status: Success
[1562/2328] 001745.jpg
    -> d:\GitHub\Smart-home\web Server\AI engine\results\result_001745.jpg
    Inference: 0.077s | FPS: 13.0 | Status: Success
[1563/2328] 001746.jpg
    -> d:\GitHub\Smart-home\web Server\AI engine\results\result_001746.jpg
    Inference: 0.079s | FPS: 12.7 | Status: Success
[1564/2328] 001747.jpg
    -> d:\GitHub\Smart-home\web Server\AI engine\results\result_001747.jpg
    Inference: 0.078s | FPS: 12.8 | Status: Success
[1565/2328] 001748.jpg
    -> d:\GitHub\Smart-home\web Server\AI engine\results\result_001748.jpg
    Inference: 0.081s | FPS: 12.4 | Status: Success
[1566/2328] 001749.jpg
    -> d:\GitHub\Smart-home\web Server\AI engine\results\result_001749.jpg
    Inference: 0.085s | FPS: 11.8 | Status: Success
[1567/2328] 001750.jpg
    -> d:\GitHub\Smart-home\web Server\AI engine\results\result_001750.jpg
    Inference: 0.080s | FPS: 12.5 | Status: Success
[1568/2328] 001751.jpg
    -> d:\GitHub\Smart-home\web Server\AI engine\results\result_001751.jpg
    Inference: 0.081s | FPS: 12.3 | Status: Success
[1569/2328] 001752.jpg
    -> d:\GitHub\Smart-home\web Server\AI engine\results\result_001752.jpg
    Inference: 0.081s | FPS: 12.4 | Status: Success
[1570/2328] 001753.jpg
    -> d:\GitHub\Smart-home\web Server\AI engine\results\result_001753.jpg
    Inference: 0.082s | FPS: 12.2 | Status: Success
[1571/2328] 001754.jpg
    -> d:\GitHub\Smart-home\web Server\AI engine\results\result_001754.jpg
    Inference: 0.081s | FPS: 12.4 | Status: Success
[1572/2328] 001755.jpg
    -> d:\GitHub\Smart-home\web Server\AI engine\results\result_001755.jpg
    Inference: 0.086s | FPS: 11.6 | Status: Success
[1573/2328] 001756.jpg
    -> d:\GitHub\Smart-home\web Server\AI engine\results\result_001756.jpg
    Inference: 0.080s | FPS: 12.5 | Status: Success
[1574/2328] 001757.jpg
    -> d:\GitHub\Smart-home\web Server\AI engine\results\result_001757.jpg
    Inference: 0.080s | FPS: 12.5 | Status: Success
[1575/2328] 001758.jpg
    -> d:\GitHub\Smart-home\web Server\AI engine\results\result_001758.jpg
    Inference: 0.081s | FPS: 12.4 | Status: Success
[1576/2328] 001759.jpg
    -> d:\GitHub\Smart-home\web Server\AI engine\results\result_001759.jpg
    Inference: 0.081s | FPS: 12.3 | Status: Success
[1577/2328] 001760.jpg
    -> d:\GitHub\Smart-home\web Server\AI engine\results\result_001760.jpg
    Inference: 0.087s | FPS: 11.5 | Status: Success
[1578/2328] 001761.jpg
    -> d:\GitHub\Smart-home\web Server\AI engine\results\result_001761.jpg
    Inference: 0.090s | FPS: 11.1 | Status: Success
[1579/2328] 001762.jpg
    -> d:\GitHub\Smart-home\web Server\AI engine\results\result_001762.jpg
    Inference: 0.079s | FPS: 12.7 | Status: Success
[1580/2328] 001763.jpg
    -> d:\GitHub\Smart-home\web Server\AI engine\results\result_001763.jpg
    Inference: 0.079s | FPS: 12.6 | Status: Success
[1581/2328] 001764.jpg
    -> d:\GitHub\Smart-home\web Server\AI engine\results\result_001764.jpg
    Inference: 0.078s | FPS: 12.8 | Status: Success
[1582/2328] 001765.jpg
    -> d:\GitHub\Smart-home\web Server\AI engine\results\result_001765.jpg
    Inference: 0.081s | FPS: 12.4 | Status: Success
[1583/2328] 001766.jpg
    -> d:\GitHub\Smart-home\web Server\AI engine\results\result_001766.jpg
    Inference: 0.080s | FPS: 12.6 | Status: Success
[1584/2328] 001767.jpg
    -> d:\GitHub\Smart-home\web Server\AI engine\results\result_001767.jpg
    Inference: 0.111s | FPS: 9.0 | Status: Success
[1585/2328] 001768.jpg
    -> d:\GitHub\Smart-home\web Server\AI engine\results\result_001768.jpg
    Inference: 0.094s | FPS: 10.6 | Status: Success
[1586/2328] 001769.jpg
    -> d:\GitHub\Smart-home\web Server\AI engine\results\result_001769.jpg
    Inference: 0.086s | FPS: 11.7 | Status: Success
[1587/2328] 001770.jpg
    -> d:\GitHub\Smart-home\web Server\AI engine\results\result_001770.jpg
    Inference: 0.078s | FPS: 12.8 | Status: Success
[1588/2328] 001771.jpg
    -> d:\GitHub\Smart-home\web Server\AI engine\results\result_001771.jpg
    Inference: 0.092s | FPS: 10.9 | Status: Success
[1589/2328] 001772.jpg
    -> d:\GitHub\Smart-home\web Server\AI engine\results\result_001772.jpg
    Inference: 0.083s | FPS: 12.1 | Status: Success
[1590/2328] 001773.jpg
    -> d:\GitHub\Smart-home\web Server\AI engine\results\result_001773.jpg
    Inference: 0.090s | FPS: 11.1 | Status: Success
[1591/2328] 001774.jpg
    -> d:\GitHub\Smart-home\web Server\AI engine\results\result_001774.jpg
    Inference: 0.081s | FPS: 12.3 | Status: Success
[1592/2328] 001775.jpg
    -> d:\GitHub\Smart-home\web Server\AI engine\results\result_001775.jpg
    Inference: 0.079s | FPS: 12.7 | Status: Success
[1593/2328] 001776.jpg
    -> d:\GitHub\Smart-home\web Server\AI engine\results\result_001776.jpg
    Inference: 0.080s | FPS: 12.5 | Status: Success
[1594/2328] 001777.jpg
    -> d:\GitHub\Smart-home\web Server\AI engine\results\result_001777.jpg
    Inference: 0.079s | FPS: 12.7 | Status: Success
[1595/2328] 001778.jpg
    -> d:\GitHub\Smart-home\web Server\AI engine\results\result_001778.jpg
    Inference: 0.083s | FPS: 12.1 | Status: Success
[1596/2328] 001779.jpg
    -> d:\GitHub\Smart-home\web Server\AI engine\results\result_001779.jpg
    Inference: 0.077s | FPS: 13.0 | Status: Success
[1597/2328] 001780.jpg
    -> d:\GitHub\Smart-home\web Server\AI engine\results\result_001780.jpg
    Inference: 0.077s | FPS: 12.9 | Status: Success
[1598/2328] 001781.jpg
    -> d:\GitHub\Smart-home\web Server\AI engine\results\result_001781.jpg
    Inference: 0.076s | FPS: 13.1 | Status: Success
[1599/2328] 001782.jpg
    -> d:\GitHub\Smart-home\web Server\AI engine\results\result_001782.jpg
    Inference: 0.076s | FPS: 13.1 | Status: Success
[1600/2328] 001783.jpg
    -> d:\GitHub\Smart-home\web Server\AI engine\results\result_001783.jpg
    Inference: 0.076s | FPS: 13.1 | Status: Success
[1601/2328] 001784.jpg
    -> d:\GitHub\Smart-home\web Server\AI engine\results\result_001784.jpg
    Inference: 0.081s | FPS: 12.3 | Status: Success
[1602/2328] 001785.jpg
    -> d:\GitHub\Smart-home\web Server\AI engine\results\result_001785.jpg
    Inference: 0.079s | FPS: 12.6 | Status: Success
[1603/2328] 001786.jpg
    -> d:\GitHub\Smart-home\web Server\AI engine\results\result_001786.jpg
    Inference: 0.076s | FPS: 13.1 | Status: Success
[1604/2328] 001787.jpg
    -> d:\GitHub\Smart-home\web Server\AI engine\results\result_001787.jpg
    Inference: 0.077s | FPS: 13.0 | Status: Success
[1605/2328] 001788.jpg
    -> d:\GitHub\Smart-home\web Server\AI engine\results\result_001788.jpg
    Inference: 0.079s | FPS: 12.7 | Status: Success
[1606/2328] 001789.jpg
    -> d:\GitHub\Smart-home\web Server\AI engine\results\result_001789.jpg
    Inference: 0.080s | FPS: 12.6 | Status: Success
[1607/2328] 001790.jpg
    -> d:\GitHub\Smart-home\web Server\AI engine\results\result_001790.jpg
    Inference: 0.087s | FPS: 11.5 | Status: Success
[1608/2328] 001791.jpg
    -> d:\GitHub\Smart-home\web Server\AI engine\results\result_001791.jpg
    Inference: 0.076s | FPS: 13.1 | Status: Success
[1609/2328] 001792.jpg
    -> d:\GitHub\Smart-home\web Server\AI engine\results\result_001792.jpg
    Inference: 0.078s | FPS: 12.8 | Status: Success
[1610/2328] 001793.jpg
    -> d:\GitHub\Smart-home\web Server\AI engine\results\result_001793.jpg
    Inference: 0.076s | FPS: 13.2 | Status: Success
[1611/2328] 001794.jpg
    -> d:\GitHub\Smart-home\web Server\AI engine\results\result_001794.jpg
    Inference: 0.078s | FPS: 12.9 | Status: Success
[1612/2328] 001795.jpg
    -> d:\GitHub\Smart-home\web Server\AI engine\results\result_001795.jpg
    Inference: 0.079s | FPS: 12.7 | Status: Success
[1613/2328] 001796.jpg
    -> d:\GitHub\Smart-home\web Server\AI engine\results\result_001796.jpg
    Inference: 0.079s | FPS: 12.6 | Status: Success
[1614/2328] 001797.jpg
    -> d:\GitHub\Smart-home\web Server\AI engine\results\result_001797.jpg
    Inference: 0.081s | FPS: 12.4 | Status: Success
[1615/2328] 001798.jpg
    -> d:\GitHub\Smart-home\web Server\AI engine\results\result_001798.jpg
    Inference: 0.077s | FPS: 13.0 | Status: Success
[1616/2328] 001799.jpg
    -> d:\GitHub\Smart-home\web Server\AI engine\results\result_001799.jpg
    Inference: 0.079s | FPS: 12.7 | Status: Success
[1617/2328] 001800.jpg
    -> d:\GitHub\Smart-home\web Server\AI engine\results\result_001800.jpg
    Inference: 0.077s | FPS: 13.0 | Status: Success
[1618/2328] 001801.jpg
    -> d:\GitHub\Smart-home\web Server\AI engine\results\result_001801.jpg
    Inference: 0.081s | FPS: 12.3 | Status: Success
[1619/2328] 001802.jpg
    -> d:\GitHub\Smart-home\web Server\AI engine\results\result_001802.jpg
    Inference: 0.081s | FPS: 12.4 | Status: Success
[1620/2328] 001803.jpg
    -> d:\GitHub\Smart-home\web Server\AI engine\results\result_001803.jpg
    Inference: 0.085s | FPS: 11.7 | Status: Success
[1621/2328] 001804.jpg
    -> d:\GitHub\Smart-home\web Server\AI engine\results\result_001804.jpg
    Inference: 0.079s | FPS: 12.7 | Status: Success
[1622/2328] 001805.jpg
    -> d:\GitHub\Smart-home\web Server\AI engine\results\result_001805.jpg
    Inference: 0.077s | FPS: 12.9 | Status: Success
[1623/2328] 001806.jpg
    -> d:\GitHub\Smart-home\web Server\AI engine\results\result_001806.jpg
    Inference: 0.075s | FPS: 13.3 | Status: Success
[1624/2328] 001807.jpg
    -> d:\GitHub\Smart-home\web Server\AI engine\results\result_001807.jpg
    Inference: 0.082s | FPS: 12.2 | Status: Success
[1625/2328] 001808.jpg
    -> d:\GitHub\Smart-home\web Server\AI engine\results\result_001808.jpg
    Inference: 0.079s | FPS: 12.7 | Status: Success
[1626/2328] 001809.jpg
    -> d:\GitHub\Smart-home\web Server\AI engine\results\result_001809.jpg
    Inference: 0.081s | FPS: 12.4 | Status: Success
[1627/2328] 001810.jpg
    -> d:\GitHub\Smart-home\web Server\AI engine\results\result_001810.jpg
    Inference: 0.083s | FPS: 12.1 | Status: Success
[1628/2328] 001811.jpg
    -> d:\GitHub\Smart-home\web Server\AI engine\results\result_001811.jpg
    Inference: 0.082s | FPS: 12.2 | Status: Success
[1629/2328] 001812.jpg
    -> d:\GitHub\Smart-home\web Server\AI engine\results\result_001812.jpg
    Inference: 0.080s | FPS: 12.4 | Status: Success
[1630/2328] 001813.jpg
    -> d:\GitHub\Smart-home\web Server\AI engine\results\result_001813.jpg
    Inference: 0.079s | FPS: 12.6 | Status: Success
[1631/2328] 001814.jpg
    -> d:\GitHub\Smart-home\web Server\AI engine\results\result_001814.jpg
    Inference: 0.080s | FPS: 12.4 | Status: Success
[1632/2328] 001815.jpg
    -> d:\GitHub\Smart-home\web Server\AI engine\results\result_001815.jpg
    Inference: 0.083s | FPS: 12.1 | Status: Success
[1633/2328] 001816.jpg
    -> d:\GitHub\Smart-home\web Server\AI engine\results\result_001816.jpg
    Inference: 0.077s | FPS: 13.0 | Status: Success
[1634/2328] 001817.jpg
    -> d:\GitHub\Smart-home\web Server\AI engine\results\result_001817.jpg
    Inference: 0.080s | FPS: 12.4 | Status: Success
[1635/2328] 001818.jpg
    -> d:\GitHub\Smart-home\web Server\AI engine\results\result_001818.jpg
    Inference: 0.080s | FPS: 12.5 | Status: Success
[1636/2328] 001819.jpg
    -> d:\GitHub\Smart-home\web Server\AI engine\results\result_001819.jpg
    Inference: 0.077s | FPS: 12.9 | Status: Success
[1637/2328] 001820.jpg
    -> d:\GitHub\Smart-home\web Server\AI engine\results\result_001820.jpg
    Inference: 0.079s | FPS: 12.7 | Status: Success
[1638/2328] 001821.jpg
    -> d:\GitHub\Smart-home\web Server\AI engine\results\result_001821.jpg
    Inference: 0.085s | FPS: 11.8 | Status: Success
[1639/2328] 001822.jpg
    -> d:\GitHub\Smart-home\web Server\AI engine\results\result_001822.jpg
    Inference: 0.081s | FPS: 12.3 | Status: Success
[1640/2328] 001823.jpg
    -> d:\GitHub\Smart-home\web Server\AI engine\results\result_001823.jpg
    Inference: 0.080s | FPS: 12.5 | Status: Success
[1641/2328] 001824.jpg
    -> d:\GitHub\Smart-home\web Server\AI engine\results\result_001824.jpg
    Inference: 0.079s | FPS: 12.6 | Status: Success
[1642/2328] 001825.jpg
    -> d:\GitHub\Smart-home\web Server\AI engine\results\result_001825.jpg
    Inference: 0.086s | FPS: 11.7 | Status: Success
[1643/2328] 001826.jpg
    -> d:\GitHub\Smart-home\web Server\AI engine\results\result_001826.jpg
    Inference: 0.080s | FPS: 12.5 | Status: Success
[1644/2328] 001827.jpg
    -> d:\GitHub\Smart-home\web Server\AI engine\results\result_001827.jpg
    Inference: 0.092s | FPS: 10.8 | Status: Success
[1645/2328] 001828.jpg
    -> d:\GitHub\Smart-home\web Server\AI engine\results\result_001828.jpg
    Inference: 0.091s | FPS: 10.9 | Status: Success
[1646/2328] 001829.jpg
    -> d:\GitHub\Smart-home\web Server\AI engine\results\result_001829.jpg
    Inference: 0.086s | FPS: 11.6 | Status: Success
[1647/2328] 001830.jpg
    -> d:\GitHub\Smart-home\web Server\AI engine\results\result_001830.jpg
    Inference: 0.084s | FPS: 11.9 | Status: Success
[1648/2328] 001831.jpg
    -> d:\GitHub\Smart-home\web Server\AI engine\results\result_001831.jpg
    Inference: 0.083s | FPS: 12.1 | Status: Success
[1649/2328] 001832.jpg
    -> d:\GitHub\Smart-home\web Server\AI engine\results\result_001832.jpg
    Inference: 0.082s | FPS: 12.1 | Status: Success
[1650/2328] 001833.jpg
    -> d:\GitHub\Smart-home\web Server\AI engine\results\result_001833.jpg
    Inference: 0.079s | FPS: 12.7 | Status: Success
[1651/2328] 001834.jpg
    -> d:\GitHub\Smart-home\web Server\AI engine\results\result_001834.jpg
    Inference: 0.078s | FPS: 12.8 | Status: Success
[1652/2328] 001835.jpg
    -> d:\GitHub\Smart-home\web Server\AI engine\results\result_001835.jpg
    Inference: 0.079s | FPS: 12.7 | Status: Success
[1653/2328] 001836.jpg
    -> d:\GitHub\Smart-home\web Server\AI engine\results\result_001836.jpg
    Inference: 0.078s | FPS: 12.8 | Status: Success
[1654/2328] 001837.jpg
    -> d:\GitHub\Smart-home\web Server\AI engine\results\result_001837.jpg
    Inference: 0.080s | FPS: 12.4 | Status: Success
[1655/2328] 001838.jpg
    -> d:\GitHub\Smart-home\web Server\AI engine\results\result_001838.jpg
    Inference: 0.096s | FPS: 10.4 | Status: Success
[1656/2328] 001839.jpg
    -> d:\GitHub\Smart-home\web Server\AI engine\results\result_001839.jpg
    Inference: 0.080s | FPS: 12.6 | Status: Success
[1657/2328] 001840.jpg
    -> d:\GitHub\Smart-home\web Server\AI engine\results\result_001840.jpg
    Inference: 0.077s | FPS: 12.9 | Status: Success
[1658/2328] 001841.jpg
    -> d:\GitHub\Smart-home\web Server\AI engine\results\result_001841.jpg
    Inference: 0.077s | FPS: 13.0 | Status: Success
[1659/2328] 001842.jpg
    -> d:\GitHub\Smart-home\web Server\AI engine\results\result_001842.jpg
    Inference: 0.077s | FPS: 13.0 | Status: Success
[1660/2328] 001843.jpg
    -> d:\GitHub\Smart-home\web Server\AI engine\results\result_001843.jpg
    Inference: 0.081s | FPS: 12.4 | Status: Success
[1661/2328] 001844.jpg
    -> d:\GitHub\Smart-home\web Server\AI engine\results\result_001844.jpg
    Inference: 0.089s | FPS: 11.2 | Status: Success
[1662/2328] 001845.jpg
    -> d:\GitHub\Smart-home\web Server\AI engine\results\result_001845.jpg
    Inference: 0.078s | FPS: 12.8 | Status: Success
[1663/2328] 001846.jpg
    -> d:\GitHub\Smart-home\web Server\AI engine\results\result_001846.jpg
    Inference: 0.078s | FPS: 12.8 | Status: Success
[1664/2328] 001847.jpg
    -> d:\GitHub\Smart-home\web Server\AI engine\results\result_001847.jpg
    Inference: 0.078s | FPS: 12.8 | Status: Success
[1665/2328] 001848.jpg
    -> d:\GitHub\Smart-home\web Server\AI engine\results\result_001848.jpg
    Inference: 0.078s | FPS: 12.7 | Status: Success
[1666/2328] 001849.jpg
    -> d:\GitHub\Smart-home\web Server\AI engine\results\result_001849.jpg
    Inference: 0.088s | FPS: 11.4 | Status: Success
[1667/2328] 001850.jpg
    -> d:\GitHub\Smart-home\web Server\AI engine\results\result_001850.jpg
    Inference: 0.095s | FPS: 10.5 | Status: Success
[1668/2328] 001851.jpg
    -> d:\GitHub\Smart-home\web Server\AI engine\results\result_001851.jpg
    Inference: 0.087s | FPS: 11.4 | Status: Success
[1669/2328] 001852.jpg
    -> d:\GitHub\Smart-home\web Server\AI engine\results\result_001852.jpg
    Inference: 0.084s | FPS: 11.9 | Status: Success
[1670/2328] 001853.jpg
    -> d:\GitHub\Smart-home\web Server\AI engine\results\result_001853.jpg
    Inference: 0.081s | FPS: 12.4 | Status: Success
[1671/2328] 001854.jpg
    -> d:\GitHub\Smart-home\web Server\AI engine\results\result_001854.jpg
    Inference: 0.079s | FPS: 12.6 | Status: Success
[1672/2328] 001855.jpg
    -> d:\GitHub\Smart-home\web Server\AI engine\results\result_001855.jpg
    Inference: 0.078s | FPS: 12.8 | Status: Success
[1673/2328] 001856.jpg
    -> d:\GitHub\Smart-home\web Server\AI engine\results\result_001856.jpg
    Inference: 0.084s | FPS: 12.0 | Status: Success
[1674/2328] 001857.jpg
    -> d:\GitHub\Smart-home\web Server\AI engine\results\result_001857.jpg
    Inference: 0.081s | FPS: 12.4 | Status: Success
[1675/2328] 001858.jpg
    -> d:\GitHub\Smart-home\web Server\AI engine\results\result_001858.jpg
    Inference: 0.080s | FPS: 12.6 | Status: Success
[1676/2328] 001859.jpg
    -> d:\GitHub\Smart-home\web Server\AI engine\results\result_001859.jpg
    Inference: 0.080s | FPS: 12.5 | Status: Success
[1677/2328] 001860.jpg
    -> d:\GitHub\Smart-home\web Server\AI engine\results\result_001860.jpg
    Inference: 0.076s | FPS: 13.1 | Status: Success
[1678/2328] 001861.jpg
    -> d:\GitHub\Smart-home\web Server\AI engine\results\result_001861.jpg
    Inference: 0.082s | FPS: 12.2 | Status: Success
[1679/2328] 001862.jpg
    -> d:\GitHub\Smart-home\web Server\AI engine\results\result_001862.jpg
    Inference: 0.083s | FPS: 12.1 | Status: Success
[1680/2328] 001863.jpg
    -> d:\GitHub\Smart-home\web Server\AI engine\results\result_001863.jpg
    Inference: 0.078s | FPS: 12.7 | Status: Success
[1681/2328] 001864.jpg
    -> d:\GitHub\Smart-home\web Server\AI engine\results\result_001864.jpg
    Inference: 0.079s | FPS: 12.6 | Status: Success
[1682/2328] 001865.jpg
    -> d:\GitHub\Smart-home\web Server\AI engine\results\result_001865.jpg
    Inference: 0.079s | FPS: 12.7 | Status: Success
[1683/2328] 001866.jpg
    -> d:\GitHub\Smart-home\web Server\AI engine\results\result_001866.jpg
    Inference: 0.079s | FPS: 12.6 | Status: Success
[1684/2328] 001867.jpg
    -> d:\GitHub\Smart-home\web Server\AI engine\results\result_001867.jpg
    Inference: 0.079s | FPS: 12.6 | Status: Success
[1685/2328] 001868.jpg
    -> d:\GitHub\Smart-home\web Server\AI engine\results\result_001868.jpg
    Inference: 0.082s | FPS: 12.2 | Status: Success
[1686/2328] 001869.jpg
    -> d:\GitHub\Smart-home\web Server\AI engine\results\result_001869.jpg
    Inference: 0.079s | FPS: 12.7 | Status: Success
[1687/2328] 001870.jpg
    -> d:\GitHub\Smart-home\web Server\AI engine\results\result_001870.jpg
    Inference: 0.081s | FPS: 12.3 | Status: Success
[1688/2328] 001871.jpg
    -> d:\GitHub\Smart-home\web Server\AI engine\results\result_001871.jpg
    Inference: 0.079s | FPS: 12.6 | Status: Success
[1689/2328] 001872.jpg
    -> d:\GitHub\Smart-home\web Server\AI engine\results\result_001872.jpg
    Inference: 0.077s | FPS: 13.0 | Status: Success
[1690/2328] 001873.jpg
    -> d:\GitHub\Smart-home\web Server\AI engine\results\result_001873.jpg
    Inference: 0.077s | FPS: 12.9 | Status: Success
[1691/2328] 001874.jpg
    -> d:\GitHub\Smart-home\web Server\AI engine\results\result_001874.jpg
    Inference: 0.082s | FPS: 12.2 | Status: Success
[1692/2328] 001875.jpg
    -> d:\GitHub\Smart-home\web Server\AI engine\results\result_001875.jpg
    Inference: 0.076s | FPS: 13.1 | Status: Success
[1693/2328] 001876.jpg
    -> d:\GitHub\Smart-home\web Server\AI engine\results\result_001876.jpg
    Inference: 0.077s | FPS: 13.0 | Status: Success
[1694/2328] 001877.jpg
    -> d:\GitHub\Smart-home\web Server\AI engine\results\result_001877.jpg
    Inference: 0.076s | FPS: 13.2 | Status: Success
[1695/2328] 001878.jpg
    -> d:\GitHub\Smart-home\web Server\AI engine\results\result_001878.jpg
    Inference: 0.083s | FPS: 12.1 | Status: Success
[1696/2328] 001879.jpg
    -> d:\GitHub\Smart-home\web Server\AI engine\results\result_001879.jpg
    Inference: 0.081s | FPS: 12.4 | Status: Success
[1697/2328] 001880.jpg
    -> d:\GitHub\Smart-home\web Server\AI engine\results\result_001880.jpg
    Inference: 0.085s | FPS: 11.7 | Status: Success
[1698/2328] 001881.jpg
    -> d:\GitHub\Smart-home\web Server\AI engine\results\result_001881.jpg
    Inference: 0.081s | FPS: 12.3 | Status: Success
[1699/2328] 001882.jpg
    -> d:\GitHub\Smart-home\web Server\AI engine\results\result_001882.jpg
    Inference: 0.086s | FPS: 11.6 | Status: Success
[1700/2328] 001883.jpg
    -> d:\GitHub\Smart-home\web Server\AI engine\results\result_001883.jpg
    Inference: 0.082s | FPS: 12.2 | Status: Success
[1701/2328] 001884.jpg
    -> d:\GitHub\Smart-home\web Server\AI engine\results\result_001884.jpg
    Inference: 0.081s | FPS: 12.4 | Status: Success
[1702/2328] 001885.jpg
    -> d:\GitHub\Smart-home\web Server\AI engine\results\result_001885.jpg
    Inference: 0.087s | FPS: 11.5 | Status: Success
[1703/2328] 001886.jpg
    -> d:\GitHub\Smart-home\web Server\AI engine\results\result_001886.jpg
    Inference: 0.093s | FPS: 10.7 | Status: Success
[1704/2328] 001887.jpg
    -> d:\GitHub\Smart-home\web Server\AI engine\results\result_001887.jpg
    Inference: 0.111s | FPS: 9.0 | Status: Success
[1705/2328] 001888.jpg
    -> d:\GitHub\Smart-home\web Server\AI engine\results\result_001888.jpg
    Inference: 0.095s | FPS: 10.5 | Status: Success
[1706/2328] 001889.jpg
    -> d:\GitHub\Smart-home\web Server\AI engine\results\result_001889.jpg
    Inference: 0.116s | FPS: 8.6 | Status: Success
[1707/2328] 001890.jpg
    -> d:\GitHub\Smart-home\web Server\AI engine\results\result_001890.jpg
    Inference: 0.115s | FPS: 8.7 | Status: Success
[1708/2328] 001891.jpg
    -> d:\GitHub\Smart-home\web Server\AI engine\results\result_001891.jpg
    Inference: 0.103s | FPS: 9.7 | Status: Success
[1709/2328] 001892.jpg
    -> d:\GitHub\Smart-home\web Server\AI engine\results\result_001892.jpg
    Inference: 0.096s | FPS: 10.4 | Status: Success
[1710/2328] 001893.jpg
    -> d:\GitHub\Smart-home\web Server\AI engine\results\result_001893.jpg
    Inference: 0.095s | FPS: 10.5 | Status: Success
[1711/2328] 001894.jpg
    -> d:\GitHub\Smart-home\web Server\AI engine\results\result_001894.jpg
    Inference: 0.107s | FPS: 9.3 | Status: Success
[1712/2328] 001895.jpg
    -> d:\GitHub\Smart-home\web Server\AI engine\results\result_001895.jpg
    Inference: 0.133s | FPS: 7.5 | Status: Success
[1713/2328] 001896.jpg
    -> d:\GitHub\Smart-home\web Server\AI engine\results\result_001896.jpg
    Inference: 0.088s | FPS: 11.3 | Status: Success
[1714/2328] 001897.jpg
    -> d:\GitHub\Smart-home\web Server\AI engine\results\result_001897.jpg
    Inference: 0.088s | FPS: 11.3 | Status: Success
[1715/2328] 001898.jpg
    -> d:\GitHub\Smart-home\web Server\AI engine\results\result_001898.jpg
    Inference: 0.078s | FPS: 12.8 | Status: Success
[1716/2328] 001899.jpg
    -> d:\GitHub\Smart-home\web Server\AI engine\results\result_001899.jpg
    Inference: 0.082s | FPS: 12.2 | Status: Success
[1717/2328] 001900.jpg
    -> d:\GitHub\Smart-home\web Server\AI engine\results\result_001900.jpg
    Inference: 0.082s | FPS: 12.1 | Status: Success
[1718/2328] 001901.jpg
    -> d:\GitHub\Smart-home\web Server\AI engine\results\result_001901.jpg
    Inference: 0.079s | FPS: 12.7 | Status: Success
[1719/2328] 001902.jpg
    -> d:\GitHub\Smart-home\web Server\AI engine\results\result_001902.jpg
    Inference: 0.079s | FPS: 12.7 | Status: Success
[1720/2328] 001903.jpg
    -> d:\GitHub\Smart-home\web Server\AI engine\results\result_001903.jpg
    Inference: 0.076s | FPS: 13.1 | Status: Success
[1721/2328] 001904.jpg
    -> d:\GitHub\Smart-home\web Server\AI engine\results\result_001904.jpg
    Inference: 0.079s | FPS: 12.7 | Status: Success
[1722/2328] 001905.jpg
    -> d:\GitHub\Smart-home\web Server\AI engine\results\result_001905.jpg
    Inference: 0.078s | FPS: 12.8 | Status: Success
[1723/2328] 001906.jpg
    -> d:\GitHub\Smart-home\web Server\AI engine\results\result_001906.jpg
    Inference: 0.083s | FPS: 12.0 | Status: Success
[1724/2328] 001907.jpg
    -> d:\GitHub\Smart-home\web Server\AI engine\results\result_001907.jpg
    Inference: 0.082s | FPS: 12.3 | Status: Success
[1725/2328] 001908.jpg
    -> d:\GitHub\Smart-home\web Server\AI engine\results\result_001908.jpg
    Inference: 0.079s | FPS: 12.6 | Status: Success
[1726/2328] 001909.jpg
    -> d:\GitHub\Smart-home\web Server\AI engine\results\result_001909.jpg
    Inference: 0.084s | FPS: 12.0 | Status: Success
[1727/2328] 001910.jpg
    -> d:\GitHub\Smart-home\web Server\AI engine\results\result_001910.jpg
    Inference: 0.082s | FPS: 12.1 | Status: Success
[1728/2328] 001911.jpg
    -> d:\GitHub\Smart-home\web Server\AI engine\results\result_001911.jpg
    Inference: 0.077s | FPS: 13.0 | Status: Success
[1729/2328] 001912.jpg
    -> d:\GitHub\Smart-home\web Server\AI engine\results\result_001912.jpg
    Inference: 0.078s | FPS: 12.8 | Status: Success
[1730/2328] 001913.jpg
    -> d:\GitHub\Smart-home\web Server\AI engine\results\result_001913.jpg
    Inference: 0.081s | FPS: 12.4 | Status: Success
[1731/2328] 001914.jpg
    -> d:\GitHub\Smart-home\web Server\AI engine\results\result_001914.jpg
    Inference: 0.077s | FPS: 13.0 | Status: Success
[1732/2328] 001915.jpg
    -> d:\GitHub\Smart-home\web Server\AI engine\results\result_001915.jpg
    Inference: 0.081s | FPS: 12.4 | Status: Success
[1733/2328] 001916.jpg
    -> d:\GitHub\Smart-home\web Server\AI engine\results\result_001916.jpg
    Inference: 0.078s | FPS: 12.8 | Status: Success
[1734/2328] 001917.jpg
    -> d:\GitHub\Smart-home\web Server\AI engine\results\result_001917.jpg
    Inference: 0.084s | FPS: 12.0 | Status: Success
[1735/2328] 001918.jpg
    -> d:\GitHub\Smart-home\web Server\AI engine\results\result_001918.jpg
    Inference: 0.079s | FPS: 12.6 | Status: Success
[1736/2328] 001919.jpg
    -> d:\GitHub\Smart-home\web Server\AI engine\results\result_001919.jpg
    Inference: 0.081s | FPS: 12.3 | Status: Success
[1737/2328] 001920.jpg
    -> d:\GitHub\Smart-home\web Server\AI engine\results\result_001920.jpg
    Inference: 0.078s | FPS: 12.9 | Status: Success
[1738/2328] 001921.jpg
    -> d:\GitHub\Smart-home\web Server\AI engine\results\result_001921.jpg
    Inference: 0.077s | FPS: 12.9 | Status: Success
[1739/2328] 001922.jpg
    -> d:\GitHub\Smart-home\web Server\AI engine\results\result_001922.jpg
    Inference: 0.076s | FPS: 13.2 | Status: Success
[1740/2328] 001923.jpg
    -> d:\GitHub\Smart-home\web Server\AI engine\results\result_001923.jpg
    Inference: 0.078s | FPS: 12.8 | Status: Success
[1741/2328] 001924.jpg
    -> d:\GitHub\Smart-home\web Server\AI engine\results\result_001924.jpg
    Inference: 0.080s | FPS: 12.6 | Status: Success
[1742/2328] 001925.jpg
    -> d:\GitHub\Smart-home\web Server\AI engine\results\result_001925.jpg
    Inference: 0.083s | FPS: 12.1 | Status: Success
[1743/2328] 001926.jpg
    -> d:\GitHub\Smart-home\web Server\AI engine\results\result_001926.jpg
    Inference: 0.078s | FPS: 12.8 | Status: Success
[1744/2328] 001927.jpg
    -> d:\GitHub\Smart-home\web Server\AI engine\results\result_001927.jpg
    Inference: 0.078s | FPS: 12.9 | Status: Success
[1745/2328] 001928.jpg
    -> d:\GitHub\Smart-home\web Server\AI engine\results\result_001928.jpg
    Inference: 0.078s | FPS: 12.8 | Status: Success
[1746/2328] 001929.jpg
    -> d:\GitHub\Smart-home\web Server\AI engine\results\result_001929.jpg
    Inference: 0.076s | FPS: 13.2 | Status: Success
[1747/2328] 001930.jpg
    -> d:\GitHub\Smart-home\web Server\AI engine\results\result_001930.jpg
    Inference: 0.077s | FPS: 13.0 | Status: Success
[1748/2328] 001931.jpg
    -> d:\GitHub\Smart-home\web Server\AI engine\results\result_001931.jpg
    Inference: 0.089s | FPS: 11.2 | Status: Success
[1749/2328] 001932.jpg
    -> d:\GitHub\Smart-home\web Server\AI engine\results\result_001932.jpg
    Inference: 0.079s | FPS: 12.6 | Status: Success
[1750/2328] 001933.jpg
    -> d:\GitHub\Smart-home\web Server\AI engine\results\result_001933.jpg
    Inference: 0.078s | FPS: 12.8 | Status: Success
[1751/2328] 001934.jpg
    -> d:\GitHub\Smart-home\web Server\AI engine\results\result_001934.jpg
    Inference: 0.081s | FPS: 12.3 | Status: Success
[1752/2328] 001935.jpg
    -> d:\GitHub\Smart-home\web Server\AI engine\results\result_001935.jpg
    Inference: 0.079s | FPS: 12.6 | Status: Success
[1753/2328] 001936.jpg
    -> d:\GitHub\Smart-home\web Server\AI engine\results\result_001936.jpg
    Inference: 0.079s | FPS: 12.7 | Status: Success
[1754/2328] 001937.jpg
    -> d:\GitHub\Smart-home\web Server\AI engine\results\result_001937.jpg
    Inference: 0.086s | FPS: 11.6 | Status: Success
[1755/2328] 001938.jpg
    -> d:\GitHub\Smart-home\web Server\AI engine\results\result_001938.jpg
    Inference: 0.078s | FPS: 12.8 | Status: Success
[1756/2328] 001939.jpg
    -> d:\GitHub\Smart-home\web Server\AI engine\results\result_001939.jpg
    Inference: 0.079s | FPS: 12.7 | Status: Success
[1757/2328] 001940.jpg
    -> d:\GitHub\Smart-home\web Server\AI engine\results\result_001940.jpg
    Inference: 0.079s | FPS: 12.7 | Status: Success
[1758/2328] 001941.jpg
    -> d:\GitHub\Smart-home\web Server\AI engine\results\result_001941.jpg
    Inference: 0.080s | FPS: 12.6 | Status: Success
[1759/2328] 001942.jpg
    -> d:\GitHub\Smart-home\web Server\AI engine\results\result_001942.jpg
    Inference: 0.080s | FPS: 12.4 | Status: Success
[1760/2328] 001943.jpg
    -> d:\GitHub\Smart-home\web Server\AI engine\results\result_001943.jpg
    Inference: 0.080s | FPS: 12.4 | Status: Success
[1761/2328] 001944.jpg
    -> d:\GitHub\Smart-home\web Server\AI engine\results\result_001944.jpg
    Inference: 0.079s | FPS: 12.7 | Status: Success
[1762/2328] 001945.jpg
    -> d:\GitHub\Smart-home\web Server\AI engine\results\result_001945.jpg
    Inference: 0.082s | FPS: 12.2 | Status: Success
[1763/2328] 001946.jpg
    -> d:\GitHub\Smart-home\web Server\AI engine\results\result_001946.jpg
    Inference: 0.088s | FPS: 11.3 | Status: Success
[1764/2328] 001947.jpg
    -> d:\GitHub\Smart-home\web Server\AI engine\results\result_001947.jpg
    Inference: 0.085s | FPS: 11.7 | Status: Success
[1765/2328] 001948.jpg
    -> d:\GitHub\Smart-home\web Server\AI engine\results\result_001948.jpg
    Inference: 0.079s | FPS: 12.6 | Status: Success
[1766/2328] 001949.jpg
    -> d:\GitHub\Smart-home\web Server\AI engine\results\result_001949.jpg
    Inference: 0.084s | FPS: 11.9 | Status: Success
[1767/2328] 001950.jpg
    -> d:\GitHub\Smart-home\web Server\AI engine\results\result_001950.jpg
    Inference: 0.090s | FPS: 11.1 | Status: Success
[1768/2328] 001951.jpg
    -> d:\GitHub\Smart-home\web Server\AI engine\results\result_001951.jpg
    Inference: 0.084s | FPS: 11.9 | Status: Success
[1769/2328] 001952.jpg
    -> d:\GitHub\Smart-home\web Server\AI engine\results\result_001952.jpg
    Inference: 0.078s | FPS: 12.9 | Status: Success
[1770/2328] 001953.jpg
    -> d:\GitHub\Smart-home\web Server\AI engine\results\result_001953.jpg
    Inference: 0.077s | FPS: 12.9 | Status: Success
[1771/2328] 001954.jpg
    -> d:\GitHub\Smart-home\web Server\AI engine\results\result_001954.jpg
    Inference: 0.077s | FPS: 12.9 | Status: Success
[1772/2328] 001955.jpg
    -> d:\GitHub\Smart-home\web Server\AI engine\results\result_001955.jpg
    Inference: 0.086s | FPS: 11.6 | Status: Success
[1773/2328] 001956.jpg
    -> d:\GitHub\Smart-home\web Server\AI engine\results\result_001956.jpg
    Inference: 0.088s | FPS: 11.3 | Status: Success
[1774/2328] 001957.jpg
    -> d:\GitHub\Smart-home\web Server\AI engine\results\result_001957.jpg
    Inference: 0.080s | FPS: 12.5 | Status: Success
[1775/2328] 001958.jpg
    -> d:\GitHub\Smart-home\web Server\AI engine\results\result_001958.jpg
    Inference: 0.092s | FPS: 10.8 | Status: Success
[1776/2328] 001959.jpg
    -> d:\GitHub\Smart-home\web Server\AI engine\results\result_001959.jpg
    Inference: 0.077s | FPS: 13.0 | Status: Success
[1777/2328] 001960.jpg
    -> d:\GitHub\Smart-home\web Server\AI engine\results\result_001960.jpg
    Inference: 0.078s | FPS: 12.8 | Status: Success
[1778/2328] 001961.jpg
    -> d:\GitHub\Smart-home\web Server\AI engine\results\result_001961.jpg
    Inference: 0.080s | FPS: 12.6 | Status: Success
[1779/2328] 001962.jpg
    -> d:\GitHub\Smart-home\web Server\AI engine\results\result_001962.jpg
    Inference: 0.077s | FPS: 13.0 | Status: Success
[1780/2328] 001963.jpg
    -> d:\GitHub\Smart-home\web Server\AI engine\results\result_001963.jpg
    Inference: 0.087s | FPS: 11.4 | Status: Success
[1781/2328] 001964.jpg
    -> d:\GitHub\Smart-home\web Server\AI engine\results\result_001964.jpg
    Inference: 0.095s | FPS: 10.6 | Status: Success
[1782/2328] 001965.jpg
    -> d:\GitHub\Smart-home\web Server\AI engine\results\result_001965.jpg
    Inference: 0.082s | FPS: 12.2 | Status: Success
[1783/2328] 001966.jpg
    -> d:\GitHub\Smart-home\web Server\AI engine\results\result_001966.jpg
    Inference: 0.081s | FPS: 12.4 | Status: Success
[1784/2328] 001967.jpg
    -> d:\GitHub\Smart-home\web Server\AI engine\results\result_001967.jpg
    Inference: 0.082s | FPS: 12.2 | Status: Success
[1785/2328] 001968.jpg
    -> d:\GitHub\Smart-home\web Server\AI engine\results\result_001968.jpg
    Inference: 0.079s | FPS: 12.6 | Status: Success
[1786/2328] 001969.jpg
    -> d:\GitHub\Smart-home\web Server\AI engine\results\result_001969.jpg
    Inference: 0.079s | FPS: 12.7 | Status: Success
[1787/2328] 001970.jpg
    -> d:\GitHub\Smart-home\web Server\AI engine\results\result_001970.jpg
    Inference: 0.079s | FPS: 12.7 | Status: Success
[1788/2328] 001971.jpg
    -> d:\GitHub\Smart-home\web Server\AI engine\results\result_001971.jpg
    Inference: 0.077s | FPS: 12.9 | Status: Success
[1789/2328] 001972.jpg
    -> d:\GitHub\Smart-home\web Server\AI engine\results\result_001972.jpg
    Inference: 0.079s | FPS: 12.7 | Status: Success
[1790/2328] 001973.jpg
    -> d:\GitHub\Smart-home\web Server\AI engine\results\result_001973.jpg
    Inference: 0.091s | FPS: 11.0 | Status: Success
[1791/2328] 001974.jpg
    -> d:\GitHub\Smart-home\web Server\AI engine\results\result_001974.jpg
    Inference: 0.089s | FPS: 11.2 | Status: Success
[1792/2328] 001975.jpg
    -> d:\GitHub\Smart-home\web Server\AI engine\results\result_001975.jpg
    Inference: 0.078s | FPS: 12.7 | Status: Success
[1793/2328] 001976.jpg
    -> d:\GitHub\Smart-home\web Server\AI engine\results\result_001976.jpg
    Inference: 0.080s | FPS: 12.6 | Status: Success
[1794/2328] 001977.jpg
    -> d:\GitHub\Smart-home\web Server\AI engine\results\result_001977.jpg
    Inference: 0.095s | FPS: 10.5 | Status: Success
[1795/2328] 001978.jpg
    -> d:\GitHub\Smart-home\web Server\AI engine\results\result_001978.jpg
    Inference: 0.092s | FPS: 10.9 | Status: Success
[1796/2328] 001979.jpg
    -> d:\GitHub\Smart-home\web Server\AI engine\results\result_001979.jpg
    Inference: 0.086s | FPS: 11.7 | Status: Success
[1797/2328] 001980.jpg
    -> d:\GitHub\Smart-home\web Server\AI engine\results\result_001980.jpg
    Inference: 0.093s | FPS: 10.7 | Status: Success
[1798/2328] 001981.jpg
    -> d:\GitHub\Smart-home\web Server\AI engine\results\result_001981.jpg
    Inference: 0.083s | FPS: 12.0 | Status: Success
[1799/2328] 001982.jpg
    -> d:\GitHub\Smart-home\web Server\AI engine\results\result_001982.jpg
    Inference: 0.079s | FPS: 12.7 | Status: Success
[1800/2328] 001983.jpg
    -> d:\GitHub\Smart-home\web Server\AI engine\results\result_001983.jpg
    Inference: 0.080s | FPS: 12.6 | Status: Success
[1801/2328] 001984.jpg
    -> d:\GitHub\Smart-home\web Server\AI engine\results\result_001984.jpg
    Inference: 0.094s | FPS: 10.7 | Status: Success
[1802/2328] 001985.jpg
    -> d:\GitHub\Smart-home\web Server\AI engine\results\result_001985.jpg
    Inference: 0.089s | FPS: 11.2 | Status: Success
[1803/2328] 001986.jpg
    -> d:\GitHub\Smart-home\web Server\AI engine\results\result_001986.jpg
    Inference: 0.080s | FPS: 12.4 | Status: Success
[1804/2328] 001987.jpg
    -> d:\GitHub\Smart-home\web Server\AI engine\results\result_001987.jpg
    Inference: 0.076s | FPS: 13.2 | Status: Success
[1805/2328] 001988.jpg
    -> d:\GitHub\Smart-home\web Server\AI engine\results\result_001988.jpg
    Inference: 0.093s | FPS: 10.8 | Status: Success
[1806/2328] 001989.jpg
    -> d:\GitHub\Smart-home\web Server\AI engine\results\result_001989.jpg
    Inference: 0.093s | FPS: 10.7 | Status: Success
[1807/2328] 001990.jpg
    -> d:\GitHub\Smart-home\web Server\AI engine\results\result_001990.jpg
    Inference: 0.088s | FPS: 11.4 | Status: Success
[1808/2328] 001991.jpg
    -> d:\GitHub\Smart-home\web Server\AI engine\results\result_001991.jpg
    Inference: 0.079s | FPS: 12.7 | Status: Success
[1809/2328] 001992.jpg
    -> d:\GitHub\Smart-home\web Server\AI engine\results\result_001992.jpg
    Inference: 0.089s | FPS: 11.3 | Status: Success
[1810/2328] 001993.jpg
    -> d:\GitHub\Smart-home\web Server\AI engine\results\result_001993.jpg
    Inference: 0.086s | FPS: 11.6 | Status: Success
[1811/2328] 001994.jpg
    -> d:\GitHub\Smart-home\web Server\AI engine\results\result_001994.jpg
    Inference: 0.077s | FPS: 13.0 | Status: Success
[1812/2328] 001995.jpg
    -> d:\GitHub\Smart-home\web Server\AI engine\results\result_001995.jpg
    Inference: 0.077s | FPS: 13.1 | Status: Success
[1813/2328] 001996.jpg
    -> d:\GitHub\Smart-home\web Server\AI engine\results\result_001996.jpg
    Inference: 0.080s | FPS: 12.4 | Status: Success
[1814/2328] 001997.jpg
    -> d:\GitHub\Smart-home\web Server\AI engine\results\result_001997.jpg
    Inference: 0.089s | FPS: 11.2 | Status: Success
[1815/2328] 001998.jpg
    -> d:\GitHub\Smart-home\web Server\AI engine\results\result_001998.jpg
    Inference: 0.081s | FPS: 12.3 | Status: Success
[1816/2328] 001999.jpg
    -> d:\GitHub\Smart-home\web Server\AI engine\results\result_001999.jpg
    Inference: 0.074s | FPS: 13.5 | Status: Success
[1817/2328] 002000.jpg
    -> d:\GitHub\Smart-home\web Server\AI engine\results\result_002000.jpg
    Inference: 0.073s | FPS: 13.8 | Status: Success
[1818/2328] 002001.jpg
    -> d:\GitHub\Smart-home\web Server\AI engine\results\result_002001.jpg
    Inference: 0.072s | FPS: 13.9 | Status: Success
[1819/2328] 002002.jpg
    -> d:\GitHub\Smart-home\web Server\AI engine\results\result_002002.jpg
    Inference: 0.074s | FPS: 13.5 | Status: Success
[1820/2328] 002003.jpg
    -> d:\GitHub\Smart-home\web Server\AI engine\results\result_002003.jpg
    Inference: 0.078s | FPS: 12.9 | Status: Success
[1821/2328] 002004.jpg
    -> d:\GitHub\Smart-home\web Server\AI engine\results\result_002004.jpg
    Inference: 0.074s | FPS: 13.6 | Status: Success
[1822/2328] 002005.jpg
    -> d:\GitHub\Smart-home\web Server\AI engine\results\result_002005.jpg
    Inference: 0.071s | FPS: 14.1 | Status: Success
[1823/2328] 002006.jpg
    -> d:\GitHub\Smart-home\web Server\AI engine\results\result_002006.jpg
    Inference: 0.069s | FPS: 14.5 | Status: Success
[1824/2328] 002007.jpg
    -> d:\GitHub\Smart-home\web Server\AI engine\results\result_002007.jpg
    Inference: 0.071s | FPS: 14.0 | Status: Success
[1825/2328] 002008.jpg
    -> d:\GitHub\Smart-home\web Server\AI engine\results\result_002008.jpg
    Inference: 0.069s | FPS: 14.4 | Status: Success
[1826/2328] 002009.jpg
    -> d:\GitHub\Smart-home\web Server\AI engine\results\result_002009.jpg
    Inference: 0.071s | FPS: 14.1 | Status: Success
[1827/2328] 002010.jpg
    -> d:\GitHub\Smart-home\web Server\AI engine\results\result_002010.jpg
    Inference: 0.069s | FPS: 14.5 | Status: Success
[1828/2328] 002011.jpg
    -> d:\GitHub\Smart-home\web Server\AI engine\results\result_002011.jpg
    Inference: 0.069s | FPS: 14.4 | Status: Success
[1829/2328] 002012.jpg
    -> d:\GitHub\Smart-home\web Server\AI engine\results\result_002012.jpg
    Inference: 0.069s | FPS: 14.6 | Status: Success
[1830/2328] 002013.jpg
    -> d:\GitHub\Smart-home\web Server\AI engine\results\result_002013.jpg
    Inference: 0.072s | FPS: 13.9 | Status: Success
[1831/2328] 002014.jpg
    -> d:\GitHub\Smart-home\web Server\AI engine\results\result_002014.jpg
    Inference: 0.071s | FPS: 14.1 | Status: Success
[1832/2328] 002015.jpg
    -> d:\GitHub\Smart-home\web Server\AI engine\results\result_002015.jpg
    Inference: 0.068s | FPS: 14.8 | Status: Success
[1833/2328] 002016.jpg
    -> d:\GitHub\Smart-home\web Server\AI engine\results\result_002016.jpg
    Inference: 0.068s | FPS: 14.7 | Status: Success
[1834/2328] 002017.jpg
    -> d:\GitHub\Smart-home\web Server\AI engine\results\result_002017.jpg
    Inference: 0.068s | FPS: 14.6 | Status: Success
[1835/2328] 002018.jpg
    -> d:\GitHub\Smart-home\web Server\AI engine\results\result_002018.jpg
    Inference: 0.069s | FPS: 14.6 | Status: Success
[1836/2328] 002019.jpg
    -> d:\GitHub\Smart-home\web Server\AI engine\results\result_002019.jpg
    Inference: 0.072s | FPS: 14.0 | Status: Success
[1837/2328] 002020.jpg
    -> d:\GitHub\Smart-home\web Server\AI engine\results\result_002020.jpg
    Inference: 0.073s | FPS: 13.8 | Status: Success
[1838/2328] 002021.jpg
    -> d:\GitHub\Smart-home\web Server\AI engine\results\result_002021.jpg
    Inference: 0.067s | FPS: 15.0 | Status: Success
[1839/2328] 002022.jpg
    -> d:\GitHub\Smart-home\web Server\AI engine\results\result_002022.jpg
    Inference: 0.074s | FPS: 13.6 | Status: Success
[1840/2328] 002023.jpg
    -> d:\GitHub\Smart-home\web Server\AI engine\results\result_002023.jpg
    Inference: 0.067s | FPS: 14.9 | Status: Success
[1841/2328] 002024.jpg
    -> d:\GitHub\Smart-home\web Server\AI engine\results\result_002024.jpg
    Inference: 0.068s | FPS: 14.8 | Status: Success
[1842/2328] 002025.jpg
    -> d:\GitHub\Smart-home\web Server\AI engine\results\result_002025.jpg
    Inference: 0.070s | FPS: 14.3 | Status: Success
[1843/2328] 002026.jpg
    -> d:\GitHub\Smart-home\web Server\AI engine\results\result_002026.jpg
    Inference: 0.078s | FPS: 12.9 | Status: Success
[1844/2328] 002027.jpg
    -> d:\GitHub\Smart-home\web Server\AI engine\results\result_002027.jpg
    Inference: 0.069s | FPS: 14.4 | Status: Success
[1845/2328] 002028.jpg
    -> d:\GitHub\Smart-home\web Server\AI engine\results\result_002028.jpg
    Inference: 0.069s | FPS: 14.4 | Status: Success
[1846/2328] 002029.jpg
    -> d:\GitHub\Smart-home\web Server\AI engine\results\result_002029.jpg
    Inference: 0.070s | FPS: 14.4 | Status: Success
[1847/2328] 002030.jpg
    -> d:\GitHub\Smart-home\web Server\AI engine\results\result_002030.jpg
    Inference: 0.071s | FPS: 14.1 | Status: Success
[1848/2328] 002031.jpg
    -> d:\GitHub\Smart-home\web Server\AI engine\results\result_002031.jpg
    Inference: 0.068s | FPS: 14.8 | Status: Success
[1849/2328] 002032.jpg
    -> d:\GitHub\Smart-home\web Server\AI engine\results\result_002032.jpg
    Inference: 0.068s | FPS: 14.7 | Status: Success
[1850/2328] 002033.jpg
    -> d:\GitHub\Smart-home\web Server\AI engine\results\result_002033.jpg
    Inference: 0.068s | FPS: 14.7 | Status: Success
[1851/2328] 002034.jpg
    -> d:\GitHub\Smart-home\web Server\AI engine\results\result_002034.jpg
    Inference: 0.070s | FPS: 14.2 | Status: Success
[1852/2328] 002035.jpg
    -> d:\GitHub\Smart-home\web Server\AI engine\results\result_002035.jpg
    Inference: 0.071s | FPS: 14.0 | Status: Success
[1853/2328] 002036.jpg
    -> d:\GitHub\Smart-home\web Server\AI engine\results\result_002036.jpg
    Inference: 0.072s | FPS: 13.9 | Status: Success
[1854/2328] 002037.jpg
    -> d:\GitHub\Smart-home\web Server\AI engine\results\result_002037.jpg
    Inference: 0.070s | FPS: 14.2 | Status: Success
[1855/2328] 002038.jpg
    -> d:\GitHub\Smart-home\web Server\AI engine\results\result_002038.jpg
    Inference: 0.070s | FPS: 14.3 | Status: Success
[1856/2328] 002039.jpg
    -> d:\GitHub\Smart-home\web Server\AI engine\results\result_002039.jpg
    Inference: 0.067s | FPS: 15.0 | Status: Success
[1857/2328] 002040.jpg
    -> d:\GitHub\Smart-home\web Server\AI engine\results\result_002040.jpg
    Inference: 0.068s | FPS: 14.6 | Status: Success
[1858/2328] 002041.jpg
    -> d:\GitHub\Smart-home\web Server\AI engine\results\result_002041.jpg
    Inference: 0.068s | FPS: 14.7 | Status: Success
[1859/2328] 002042.jpg
    -> d:\GitHub\Smart-home\web Server\AI engine\results\result_002042.jpg
    Inference: 0.068s | FPS: 14.7 | Status: Success
[1860/2328] 002043.jpg
    -> d:\GitHub\Smart-home\web Server\AI engine\results\result_002043.jpg
    Inference: 0.068s | FPS: 14.7 | Status: Success
[1861/2328] 002044.jpg
    -> d:\GitHub\Smart-home\web Server\AI engine\results\result_002044.jpg
    Inference: 0.068s | FPS: 14.7 | Status: Success
[1862/2328] 002045.jpg
    -> d:\GitHub\Smart-home\web Server\AI engine\results\result_002045.jpg
    Inference: 0.066s | FPS: 15.1 | Status: Success
[1863/2328] 002046.jpg
    -> d:\GitHub\Smart-home\web Server\AI engine\results\result_002046.jpg
    Inference: 0.068s | FPS: 14.8 | Status: Success
[1864/2328] 002047.jpg
    -> d:\GitHub\Smart-home\web Server\AI engine\results\result_002047.jpg
    Inference: 0.069s | FPS: 14.5 | Status: Success
[1865/2328] 002048.jpg
    -> d:\GitHub\Smart-home\web Server\AI engine\results\result_002048.jpg
    Inference: 0.068s | FPS: 14.7 | Status: Success
[1866/2328] 002049.jpg
    -> d:\GitHub\Smart-home\web Server\AI engine\results\result_002049.jpg
    Inference: 0.069s | FPS: 14.5 | Status: Success
[1867/2328] 002050.jpg
    -> d:\GitHub\Smart-home\web Server\AI engine\results\result_002050.jpg
    Inference: 0.069s | FPS: 14.6 | Status: Success
[1868/2328] 002051.jpg
    -> d:\GitHub\Smart-home\web Server\AI engine\results\result_002051.jpg
    Inference: 0.068s | FPS: 14.8 | Status: Success
[1869/2328] 002052.jpg
    -> d:\GitHub\Smart-home\web Server\AI engine\results\result_002052.jpg
    Inference: 0.071s | FPS: 14.0 | Status: Success
[1870/2328] 002053.jpg
    -> d:\GitHub\Smart-home\web Server\AI engine\results\result_002053.jpg
    Inference: 0.072s | FPS: 13.9 | Status: Success
[1871/2328] 002054.jpg
    -> d:\GitHub\Smart-home\web Server\AI engine\results\result_002054.jpg
    Inference: 0.069s | FPS: 14.6 | Status: Success
[1872/2328] 002055.jpg
    -> d:\GitHub\Smart-home\web Server\AI engine\results\result_002055.jpg
    Inference: 0.068s | FPS: 14.6 | Status: Success
[1873/2328] 002056.jpg
    -> d:\GitHub\Smart-home\web Server\AI engine\results\result_002056.jpg
    Inference: 0.068s | FPS: 14.7 | Status: Success
[1874/2328] 002057.jpg
    -> d:\GitHub\Smart-home\web Server\AI engine\results\result_002057.jpg
    Inference: 0.068s | FPS: 14.6 | Status: Success
[1875/2328] 002058.jpg
    -> d:\GitHub\Smart-home\web Server\AI engine\results\result_002058.jpg
    Inference: 0.067s | FPS: 14.9 | Status: Success
[1876/2328] 002059.jpg
    -> d:\GitHub\Smart-home\web Server\AI engine\results\result_002059.jpg
    Inference: 0.068s | FPS: 14.6 | Status: Success
[1877/2328] 002060.jpg
    -> d:\GitHub\Smart-home\web Server\AI engine\results\result_002060.jpg
    Inference: 0.067s | FPS: 14.9 | Status: Success
[1878/2328] 002061.jpg
    -> d:\GitHub\Smart-home\web Server\AI engine\results\result_002061.jpg
    Inference: 0.068s | FPS: 14.8 | Status: Success
[1879/2328] 002062.jpg
    -> d:\GitHub\Smart-home\web Server\AI engine\results\result_002062.jpg
    Inference: 0.069s | FPS: 14.6 | Status: Success
[1880/2328] 002063.jpg
    -> d:\GitHub\Smart-home\web Server\AI engine\results\result_002063.jpg
    Inference: 0.068s | FPS: 14.8 | Status: Success
[1881/2328] 002064.jpg
    -> d:\GitHub\Smart-home\web Server\AI engine\results\result_002064.jpg
    Inference: 0.067s | FPS: 14.9 | Status: Success
[1882/2328] 002065.jpg
    -> d:\GitHub\Smart-home\web Server\AI engine\results\result_002065.jpg
    Inference: 0.068s | FPS: 14.6 | Status: Success
[1883/2328] 002066.jpg
    -> d:\GitHub\Smart-home\web Server\AI engine\results\result_002066.jpg
    Inference: 0.068s | FPS: 14.8 | Status: Success
[1884/2328] 002067.jpg
    -> d:\GitHub\Smart-home\web Server\AI engine\results\result_002067.jpg
    Inference: 0.067s | FPS: 14.8 | Status: Success
[1885/2328] 002068.jpg
    -> d:\GitHub\Smart-home\web Server\AI engine\results\result_002068.jpg
    Inference: 0.075s | FPS: 13.3 | Status: Success
[1886/2328] 002069.jpg
    -> d:\GitHub\Smart-home\web Server\AI engine\results\result_002069.jpg
    Inference: 0.074s | FPS: 13.5 | Status: Success
[1887/2328] 002070.jpg
    -> d:\GitHub\Smart-home\web Server\AI engine\results\result_002070.jpg
    Inference: 0.075s | FPS: 13.4 | Status: Success
[1888/2328] 002071.jpg
    -> d:\GitHub\Smart-home\web Server\AI engine\results\result_002071.jpg
    Inference: 0.072s | FPS: 14.0 | Status: Success
[1889/2328] 002072.jpg
    -> d:\GitHub\Smart-home\web Server\AI engine\results\result_002072.jpg
    Inference: 0.069s | FPS: 14.5 | Status: Success
[1890/2328] 002073.jpg
    -> d:\GitHub\Smart-home\web Server\AI engine\results\result_002073.jpg
    Inference: 0.066s | FPS: 15.0 | Status: Success
[1891/2328] 002074.jpg
    -> d:\GitHub\Smart-home\web Server\AI engine\results\result_002074.jpg
    Inference: 0.068s | FPS: 14.6 | Status: Success
[1892/2328] 002075.jpg
    -> d:\GitHub\Smart-home\web Server\AI engine\results\result_002075.jpg
    Inference: 0.069s | FPS: 14.5 | Status: Success
[1893/2328] 002076.jpg
    -> d:\GitHub\Smart-home\web Server\AI engine\results\result_002076.jpg
    Inference: 0.068s | FPS: 14.6 | Status: Success
[1894/2328] 002077.jpg
    -> d:\GitHub\Smart-home\web Server\AI engine\results\result_002077.jpg
    Inference: 0.071s | FPS: 14.1 | Status: Success
[1895/2328] 002078.jpg
    -> d:\GitHub\Smart-home\web Server\AI engine\results\result_002078.jpg
    Inference: 0.069s | FPS: 14.6 | Status: Success
[1896/2328] 002079.jpg
    -> d:\GitHub\Smart-home\web Server\AI engine\results\result_002079.jpg
    Inference: 0.068s | FPS: 14.6 | Status: Success
[1897/2328] 002080.jpg
    -> d:\GitHub\Smart-home\web Server\AI engine\results\result_002080.jpg
    Inference: 0.067s | FPS: 14.8 | Status: Success
[1898/2328] 002081.jpg
    -> d:\GitHub\Smart-home\web Server\AI engine\results\result_002081.jpg
    Inference: 0.068s | FPS: 14.7 | Status: Success
[1899/2328] 002082.jpg
    -> d:\GitHub\Smart-home\web Server\AI engine\results\result_002082.jpg
    Inference: 0.069s | FPS: 14.5 | Status: Success
[1900/2328] 002083.jpg
    -> d:\GitHub\Smart-home\web Server\AI engine\results\result_002083.jpg
    Inference: 0.072s | FPS: 14.0 | Status: Success
[1901/2328] 002084.jpg
    -> d:\GitHub\Smart-home\web Server\AI engine\results\result_002084.jpg
    Inference: 0.071s | FPS: 14.0 | Status: Success
[1902/2328] 002085.jpg
    -> d:\GitHub\Smart-home\web Server\AI engine\results\result_002085.jpg
    Inference: 0.069s | FPS: 14.6 | Status: Success
[1903/2328] 002086.jpg
    -> d:\GitHub\Smart-home\web Server\AI engine\results\result_002086.jpg
    Inference: 0.068s | FPS: 14.7 | Status: Success
[1904/2328] 002087.jpg
    -> d:\GitHub\Smart-home\web Server\AI engine\results\result_002087.jpg
    Inference: 0.068s | FPS: 14.8 | Status: Success
[1905/2328] 002088.jpg
    -> d:\GitHub\Smart-home\web Server\AI engine\results\result_002088.jpg
    Inference: 0.068s | FPS: 14.7 | Status: Success
[1906/2328] 002089.jpg
    -> d:\GitHub\Smart-home\web Server\AI engine\results\result_002089.jpg
    Inference: 0.067s | FPS: 14.8 | Status: Success
[1907/2328] 002090.jpg
    -> d:\GitHub\Smart-home\web Server\AI engine\results\result_002090.jpg
    Inference: 0.069s | FPS: 14.5 | Status: Success
[1908/2328] 002091.jpg
    -> d:\GitHub\Smart-home\web Server\AI engine\results\result_002091.jpg
    Inference: 0.069s | FPS: 14.5 | Status: Success
[1909/2328] 002092.jpg
    -> d:\GitHub\Smart-home\web Server\AI engine\results\result_002092.jpg
    Inference: 0.068s | FPS: 14.6 | Status: Success
[1910/2328] 002093.jpg
    -> d:\GitHub\Smart-home\web Server\AI engine\results\result_002093.jpg
    Inference: 0.073s | FPS: 13.8 | Status: Success
[1911/2328] 002094.jpg
    -> d:\GitHub\Smart-home\web Server\AI engine\results\result_002094.jpg
    Inference: 0.072s | FPS: 13.8 | Status: Success
[1912/2328] 002095.jpg
    -> d:\GitHub\Smart-home\web Server\AI engine\results\result_002095.jpg
    Inference: 0.068s | FPS: 14.7 | Status: Success
[1913/2328] 002096.jpg
    -> d:\GitHub\Smart-home\web Server\AI engine\results\result_002096.jpg
    Inference: 0.068s | FPS: 14.6 | Status: Success
[1914/2328] 002097.jpg
    -> d:\GitHub\Smart-home\web Server\AI engine\results\result_002097.jpg
    Inference: 0.070s | FPS: 14.3 | Status: Success
[1915/2328] 002098.jpg
    -> d:\GitHub\Smart-home\web Server\AI engine\results\result_002098.jpg
    Inference: 0.071s | FPS: 14.1 | Status: Success
[1916/2328] 002099.jpg
    -> d:\GitHub\Smart-home\web Server\AI engine\results\result_002099.jpg
    Inference: 0.072s | FPS: 13.9 | Status: Success
[1917/2328] 002100.jpg
    -> d:\GitHub\Smart-home\web Server\AI engine\results\result_002100.jpg
    Inference: 0.070s | FPS: 14.3 | Status: Success
[1918/2328] 002101.jpg
    -> d:\GitHub\Smart-home\web Server\AI engine\results\result_002101.jpg
    Inference: 0.068s | FPS: 14.7 | Status: Success
[1919/2328] 002102.jpg
    -> d:\GitHub\Smart-home\web Server\AI engine\results\result_002102.jpg
    Inference: 0.068s | FPS: 14.6 | Status: Success
[1920/2328] 002103.jpg
    -> d:\GitHub\Smart-home\web Server\AI engine\results\result_002103.jpg
    Inference: 0.067s | FPS: 15.0 | Status: Success
[1921/2328] 002104.jpg
    -> d:\GitHub\Smart-home\web Server\AI engine\results\result_002104.jpg
    Inference: 0.068s | FPS: 14.8 | Status: Success
[1922/2328] 002105.jpg
    -> d:\GitHub\Smart-home\web Server\AI engine\results\result_002105.jpg
    Inference: 0.069s | FPS: 14.5 | Status: Success
[1923/2328] 002106.jpg
    -> d:\GitHub\Smart-home\web Server\AI engine\results\result_002106.jpg
    Inference: 0.069s | FPS: 14.5 | Status: Success
[1924/2328] 002107.jpg
    -> d:\GitHub\Smart-home\web Server\AI engine\results\result_002107.jpg
    Inference: 0.068s | FPS: 14.7 | Status: Success
[1925/2328] 002108.jpg
    -> d:\GitHub\Smart-home\web Server\AI engine\results\result_002108.jpg
    Inference: 0.067s | FPS: 15.0 | Status: Success
[1926/2328] 002109.jpg
    -> d:\GitHub\Smart-home\web Server\AI engine\results\result_002109.jpg
    Inference: 0.069s | FPS: 14.6 | Status: Success
[1927/2328] 002110.jpg
    -> d:\GitHub\Smart-home\web Server\AI engine\results\result_002110.jpg
    Inference: 0.068s | FPS: 14.8 | Status: Success
[1928/2328] 002111.jpg
    -> d:\GitHub\Smart-home\web Server\AI engine\results\result_002111.jpg
    Inference: 0.070s | FPS: 14.4 | Status: Success
[1929/2328] 002112.jpg
    -> d:\GitHub\Smart-home\web Server\AI engine\results\result_002112.jpg
    Inference: 0.069s | FPS: 14.5 | Status: Success
[1930/2328] 002113.jpg
    -> d:\GitHub\Smart-home\web Server\AI engine\results\result_002113.jpg
    Inference: 0.068s | FPS: 14.6 | Status: Success
[1931/2328] 002114.jpg
    -> d:\GitHub\Smart-home\web Server\AI engine\results\result_002114.jpg
    Inference: 0.067s | FPS: 14.9 | Status: Success
[1932/2328] 002115.jpg
    -> d:\GitHub\Smart-home\web Server\AI engine\results\result_002115.jpg
    Inference: 0.071s | FPS: 14.1 | Status: Success
[1933/2328] 002116.jpg
    -> d:\GitHub\Smart-home\web Server\AI engine\results\result_002116.jpg
    Inference: 0.073s | FPS: 13.8 | Status: Success
[1934/2328] 002117.jpg
    -> d:\GitHub\Smart-home\web Server\AI engine\results\result_002117.jpg
    Inference: 0.068s | FPS: 14.7 | Status: Success
[1935/2328] 002118.jpg
    -> d:\GitHub\Smart-home\web Server\AI engine\results\result_002118.jpg
    Inference: 0.067s | FPS: 14.9 | Status: Success
[1936/2328] 002119.jpg
    -> d:\GitHub\Smart-home\web Server\AI engine\results\result_002119.jpg
    Inference: 0.069s | FPS: 14.4 | Status: Success
[1937/2328] 002120.jpg
    -> d:\GitHub\Smart-home\web Server\AI engine\results\result_002120.jpg
    Inference: 0.070s | FPS: 14.3 | Status: Success
[1938/2328] 002121.jpg
    -> d:\GitHub\Smart-home\web Server\AI engine\results\result_002121.jpg
    Inference: 0.068s | FPS: 14.7 | Status: Success
[1939/2328] 002122.jpg
    -> d:\GitHub\Smart-home\web Server\AI engine\results\result_002122.jpg
    Inference: 0.068s | FPS: 14.8 | Status: Success
[1940/2328] 002123.jpg
    -> d:\GitHub\Smart-home\web Server\AI engine\results\result_002123.jpg
    Inference: 0.068s | FPS: 14.7 | Status: Success
[1941/2328] 002124.jpg
    -> d:\GitHub\Smart-home\web Server\AI engine\results\result_002124.jpg
    Inference: 0.068s | FPS: 14.7 | Status: Success
[1942/2328] 002125.jpg
    -> d:\GitHub\Smart-home\web Server\AI engine\results\result_002125.jpg
    Inference: 0.067s | FPS: 14.9 | Status: Success
[1943/2328] 002126.jpg
    -> d:\GitHub\Smart-home\web Server\AI engine\results\result_002126.jpg
    Inference: 0.074s | FPS: 13.6 | Status: Success
[1944/2328] 002127.jpg
    -> d:\GitHub\Smart-home\web Server\AI engine\results\result_002127.jpg
    Inference: 0.068s | FPS: 14.7 | Status: Success
[1945/2328] 002128.jpg
    -> d:\GitHub\Smart-home\web Server\AI engine\results\result_002128.jpg
    Inference: 0.071s | FPS: 14.0 | Status: Success
[1946/2328] 002129.jpg
    -> d:\GitHub\Smart-home\web Server\AI engine\results\result_002129.jpg
    Inference: 0.069s | FPS: 14.5 | Status: Success
[1947/2328] 002130.jpg
    -> d:\GitHub\Smart-home\web Server\AI engine\results\result_002130.jpg
    Inference: 0.068s | FPS: 14.7 | Status: Success
[1948/2328] 002131.jpg
    -> d:\GitHub\Smart-home\web Server\AI engine\results\result_002131.jpg
    Inference: 0.071s | FPS: 14.1 | Status: Success
[1949/2328] 002132.jpg
    -> d:\GitHub\Smart-home\web Server\AI engine\results\result_002132.jpg
    Inference: 0.071s | FPS: 14.1 | Status: Success
[1950/2328] 002133.jpg
    -> d:\GitHub\Smart-home\web Server\AI engine\results\result_002133.jpg
    Inference: 0.069s | FPS: 14.6 | Status: Success
[1951/2328] 002134.jpg
    -> d:\GitHub\Smart-home\web Server\AI engine\results\result_002134.jpg
    Inference: 0.068s | FPS: 14.6 | Status: Success
[1952/2328] 002135.jpg
    -> d:\GitHub\Smart-home\web Server\AI engine\results\result_002135.jpg
    Inference: 0.067s | FPS: 14.8 | Status: Success
[1953/2328] 002136.jpg
    -> d:\GitHub\Smart-home\web Server\AI engine\results\result_002136.jpg
    Inference: 0.067s | FPS: 14.9 | Status: Success
[1954/2328] 002137.jpg
    -> d:\GitHub\Smart-home\web Server\AI engine\results\result_002137.jpg
    Inference: 0.069s | FPS: 14.5 | Status: Success
[1955/2328] 002138.jpg
    -> d:\GitHub\Smart-home\web Server\AI engine\results\result_002138.jpg
    Inference: 0.067s | FPS: 14.9 | Status: Success
[1956/2328] 002139.jpg
    -> d:\GitHub\Smart-home\web Server\AI engine\results\result_002139.jpg
    Inference: 0.068s | FPS: 14.7 | Status: Success
[1957/2328] 002140.jpg
    -> d:\GitHub\Smart-home\web Server\AI engine\results\result_002140.jpg
    Inference: 0.068s | FPS: 14.6 | Status: Success
[1958/2328] 002141.jpg
    -> d:\GitHub\Smart-home\web Server\AI engine\results\result_002141.jpg
    Inference: 0.069s | FPS: 14.6 | Status: Success
[1959/2328] 002142.jpg
    -> d:\GitHub\Smart-home\web Server\AI engine\results\result_002142.jpg
    Inference: 0.071s | FPS: 14.2 | Status: Success
[1960/2328] 002143.jpg
    -> d:\GitHub\Smart-home\web Server\AI engine\results\result_002143.jpg
    Inference: 0.067s | FPS: 14.9 | Status: Success
[1961/2328] 002144.jpg
    -> d:\GitHub\Smart-home\web Server\AI engine\results\result_002144.jpg
    Inference: 0.068s | FPS: 14.6 | Status: Success
[1962/2328] 002145.jpg
    -> d:\GitHub\Smart-home\web Server\AI engine\results\result_002145.jpg
    Inference: 0.068s | FPS: 14.8 | Status: Success
[1963/2328] 002146.jpg
    -> d:\GitHub\Smart-home\web Server\AI engine\results\result_002146.jpg
    Inference: 0.070s | FPS: 14.4 | Status: Success
[1964/2328] 002147.jpg
    -> d:\GitHub\Smart-home\web Server\AI engine\results\result_002147.jpg
    Inference: 0.073s | FPS: 13.7 | Status: Success
[1965/2328] 002148.jpg
    -> d:\GitHub\Smart-home\web Server\AI engine\results\result_002148.jpg
    Inference: 0.071s | FPS: 14.1 | Status: Success
[1966/2328] 002149.jpg
    -> d:\GitHub\Smart-home\web Server\AI engine\results\result_002149.jpg
    Inference: 0.069s | FPS: 14.5 | Status: Success
[1967/2328] 002150.jpg
    -> d:\GitHub\Smart-home\web Server\AI engine\results\result_002150.jpg
    Inference: 0.068s | FPS: 14.7 | Status: Success
[1968/2328] 002151.jpg
    -> d:\GitHub\Smart-home\web Server\AI engine\results\result_002151.jpg
    Inference: 0.068s | FPS: 14.7 | Status: Success
[1969/2328] 002152.jpg
    -> d:\GitHub\Smart-home\web Server\AI engine\results\result_002152.jpg
    Inference: 0.070s | FPS: 14.2 | Status: Success
[1970/2328] 002153.jpg
    -> d:\GitHub\Smart-home\web Server\AI engine\results\result_002153.jpg
    Inference: 0.069s | FPS: 14.6 | Status: Success
[1971/2328] 002154.jpg
    -> d:\GitHub\Smart-home\web Server\AI engine\results\result_002154.jpg
    Inference: 0.068s | FPS: 14.6 | Status: Success
[1972/2328] 002155.jpg
    -> d:\GitHub\Smart-home\web Server\AI engine\results\result_002155.jpg
    Inference: 0.071s | FPS: 14.1 | Status: Success
[1973/2328] 002156.jpg
    -> d:\GitHub\Smart-home\web Server\AI engine\results\result_002156.jpg
    Inference: 0.069s | FPS: 14.5 | Status: Success
[1974/2328] 002157.jpg
    -> d:\GitHub\Smart-home\web Server\AI engine\results\result_002157.jpg
    Inference: 0.071s | FPS: 14.1 | Status: Success
[1975/2328] 002158.jpg
    -> d:\GitHub\Smart-home\web Server\AI engine\results\result_002158.jpg
    Inference: 0.069s | FPS: 14.5 | Status: Success
[1976/2328] 002159.jpg
    -> d:\GitHub\Smart-home\web Server\AI engine\results\result_002159.jpg
    Inference: 0.070s | FPS: 14.3 | Status: Success
[1977/2328] 002160.jpg
    -> d:\GitHub\Smart-home\web Server\AI engine\results\result_002160.jpg
    Inference: 0.081s | FPS: 12.3 | Status: Success
[1978/2328] 002161.jpg
    -> d:\GitHub\Smart-home\web Server\AI engine\results\result_002161.jpg
    Inference: 0.070s | FPS: 14.3 | Status: Success
[1979/2328] 002162.jpg
    -> d:\GitHub\Smart-home\web Server\AI engine\results\result_002162.jpg
    Inference: 0.071s | FPS: 14.0 | Status: Success
[1980/2328] 002163.jpg
    -> d:\GitHub\Smart-home\web Server\AI engine\results\result_002163.jpg
    Inference: 0.071s | FPS: 14.0 | Status: Success
[1981/2328] 002164.jpg
    -> d:\GitHub\Smart-home\web Server\AI engine\results\result_002164.jpg
    Inference: 0.068s | FPS: 14.8 | Status: Success
[1982/2328] 002165.jpg
    -> d:\GitHub\Smart-home\web Server\AI engine\results\result_002165.jpg
    Inference: 0.070s | FPS: 14.4 | Status: Success
[1983/2328] 002166.jpg
    -> d:\GitHub\Smart-home\web Server\AI engine\results\result_002166.jpg
    Inference: 0.068s | FPS: 14.8 | Status: Success
[1984/2328] 002167.jpg
    -> d:\GitHub\Smart-home\web Server\AI engine\results\result_002167.jpg
    Inference: 0.069s | FPS: 14.6 | Status: Success
[1985/2328] 002168.jpg
    -> d:\GitHub\Smart-home\web Server\AI engine\results\result_002168.jpg
    Inference: 0.068s | FPS: 14.7 | Status: Success
[1986/2328] 002169.jpg
    -> d:\GitHub\Smart-home\web Server\AI engine\results\result_002169.jpg
    Inference: 0.069s | FPS: 14.6 | Status: Success
[1987/2328] 002170.jpg
    -> d:\GitHub\Smart-home\web Server\AI engine\results\result_002170.jpg
    Inference: 0.068s | FPS: 14.7 | Status: Success
[1988/2328] 002171.jpg
    -> d:\GitHub\Smart-home\web Server\AI engine\results\result_002171.jpg
    Inference: 0.068s | FPS: 14.7 | Status: Success
[1989/2328] 002172.jpg
    -> d:\GitHub\Smart-home\web Server\AI engine\results\result_002172.jpg
    Inference: 0.068s | FPS: 14.7 | Status: Success
[1990/2328] 002173.jpg
    -> d:\GitHub\Smart-home\web Server\AI engine\results\result_002173.jpg
    Inference: 0.069s | FPS: 14.6 | Status: Success
[1991/2328] 002174.jpg
    -> d:\GitHub\Smart-home\web Server\AI engine\results\result_002174.jpg
    Inference: 0.069s | FPS: 14.6 | Status: Success
[1992/2328] 002175.jpg
    -> d:\GitHub\Smart-home\web Server\AI engine\results\result_002175.jpg
    Inference: 0.069s | FPS: 14.5 | Status: Success
[1993/2328] 002176.jpg
    -> d:\GitHub\Smart-home\web Server\AI engine\results\result_002176.jpg
    Inference: 0.069s | FPS: 14.5 | Status: Success
[1994/2328] 002177.jpg
    -> d:\GitHub\Smart-home\web Server\AI engine\results\result_002177.jpg
    Inference: 0.069s | FPS: 14.6 | Status: Success
[1995/2328] 002178.jpg
    -> d:\GitHub\Smart-home\web Server\AI engine\results\result_002178.jpg
    Inference: 0.074s | FPS: 13.5 | Status: Success
[1996/2328] 002179.jpg
    -> d:\GitHub\Smart-home\web Server\AI engine\results\result_002179.jpg
    Inference: 0.073s | FPS: 13.7 | Status: Success
[1997/2328] 002180.jpg
    -> d:\GitHub\Smart-home\web Server\AI engine\results\result_002180.jpg
    Inference: 0.071s | FPS: 14.0 | Status: Success
[1998/2328] 002181.jpg
    -> d:\GitHub\Smart-home\web Server\AI engine\results\result_002181.jpg
    Inference: 0.073s | FPS: 13.6 | Status: Success
[1999/2328] 002182.jpg
    -> d:\GitHub\Smart-home\web Server\AI engine\results\result_002182.jpg
    Inference: 0.076s | FPS: 13.1 | Status: Success
[2000/2328] 002183.jpg
    -> d:\GitHub\Smart-home\web Server\AI engine\results\result_002183.jpg
    Inference: 0.068s | FPS: 14.7 | Status: Success
[2001/2328] 002184.jpg
    -> d:\GitHub\Smart-home\web Server\AI engine\results\result_002184.jpg
    Inference: 0.070s | FPS: 14.4 | Status: Success
[2002/2328] 002185.jpg
    -> d:\GitHub\Smart-home\web Server\AI engine\results\result_002185.jpg
    Inference: 0.075s | FPS: 13.3 | Status: Success
[2003/2328] 002186.jpg
    -> d:\GitHub\Smart-home\web Server\AI engine\results\result_002186.jpg
    Inference: 0.069s | FPS: 14.4 | Status: Success
[2004/2328] 002187.jpg
    -> d:\GitHub\Smart-home\web Server\AI engine\results\result_002187.jpg
    Inference: 0.069s | FPS: 14.5 | Status: Success
[2005/2328] 002188.jpg
    -> d:\GitHub\Smart-home\web Server\AI engine\results\result_002188.jpg
    Inference: 0.068s | FPS: 14.6 | Status: Success
[2006/2328] 002189.jpg
    -> d:\GitHub\Smart-home\web Server\AI engine\results\result_002189.jpg
    Inference: 0.069s | FPS: 14.4 | Status: Success
[2007/2328] 002190.jpg
    -> d:\GitHub\Smart-home\web Server\AI engine\results\result_002190.jpg
    Inference: 0.068s | FPS: 14.7 | Status: Success
[2008/2328] 002191.jpg
    -> d:\GitHub\Smart-home\web Server\AI engine\results\result_002191.jpg
    Inference: 0.069s | FPS: 14.5 | Status: Success
[2009/2328] 002192.jpg
    -> d:\GitHub\Smart-home\web Server\AI engine\results\result_002192.jpg
    Inference: 0.069s | FPS: 14.6 | Status: Success
[2010/2328] 002193.jpg
    -> d:\GitHub\Smart-home\web Server\AI engine\results\result_002193.jpg
    Inference: 0.070s | FPS: 14.4 | Status: Success
[2011/2328] 002194.jpg
    -> d:\GitHub\Smart-home\web Server\AI engine\results\result_002194.jpg
    Inference: 0.068s | FPS: 14.8 | Status: Success
[2012/2328] 002195.jpg
    -> d:\GitHub\Smart-home\web Server\AI engine\results\result_002195.jpg
    Inference: 0.074s | FPS: 13.5 | Status: Success
[2013/2328] 002196.jpg
    -> d:\GitHub\Smart-home\web Server\AI engine\results\result_002196.jpg
    Inference: 0.071s | FPS: 14.0 | Status: Success
[2014/2328] 002197.jpg
    -> d:\GitHub\Smart-home\web Server\AI engine\results\result_002197.jpg
    Inference: 0.070s | FPS: 14.3 | Status: Success
[2015/2328] 002198.jpg
    -> d:\GitHub\Smart-home\web Server\AI engine\results\result_002198.jpg
    Inference: 0.071s | FPS: 14.2 | Status: Success
[2016/2328] 002199.jpg
    -> d:\GitHub\Smart-home\web Server\AI engine\results\result_002199.jpg
    Inference: 0.071s | FPS: 14.2 | Status: Success
[2017/2328] 002200.jpg
    -> d:\GitHub\Smart-home\web Server\AI engine\results\result_002200.jpg
    Inference: 0.074s | FPS: 13.5 | Status: Success
[2018/2328] 002201.jpg
    -> d:\GitHub\Smart-home\web Server\AI engine\results\result_002201.jpg
    Inference: 0.068s | FPS: 14.6 | Status: Success
[2019/2328] 002202.jpg
    -> d:\GitHub\Smart-home\web Server\AI engine\results\result_002202.jpg
    Inference: 0.070s | FPS: 14.3 | Status: Success
[2020/2328] 002203.jpg
    -> d:\GitHub\Smart-home\web Server\AI engine\results\result_002203.jpg
    Inference: 0.071s | FPS: 14.0 | Status: Success
[2021/2328] 002204.jpg
    -> d:\GitHub\Smart-home\web Server\AI engine\results\result_002204.jpg
    Inference: 0.069s | FPS: 14.5 | Status: Success
[2022/2328] 002205.jpg
    -> d:\GitHub\Smart-home\web Server\AI engine\results\result_002205.jpg
    Inference: 0.071s | FPS: 14.0 | Status: Success
[2023/2328] 002206.jpg
    -> d:\GitHub\Smart-home\web Server\AI engine\results\result_002206.jpg
    Inference: 0.071s | FPS: 14.1 | Status: Success
[2024/2328] 002207.jpg
    -> d:\GitHub\Smart-home\web Server\AI engine\results\result_002207.jpg
    Inference: 0.069s | FPS: 14.5 | Status: Success
[2025/2328] 002208.jpg
    -> d:\GitHub\Smart-home\web Server\AI engine\results\result_002208.jpg
    Inference: 0.070s | FPS: 14.3 | Status: Success
[2026/2328] 002209.jpg
    -> d:\GitHub\Smart-home\web Server\AI engine\results\result_002209.jpg
    Inference: 0.068s | FPS: 14.7 | Status: Success
[2027/2328] 002210.jpg
    -> d:\GitHub\Smart-home\web Server\AI engine\results\result_002210.jpg
    Inference: 0.075s | FPS: 13.3 | Status: Success
[2028/2328] 002211.jpg
    -> d:\GitHub\Smart-home\web Server\AI engine\results\result_002211.jpg
    Inference: 0.072s | FPS: 13.9 | Status: Success
[2029/2328] 002212.jpg
    -> d:\GitHub\Smart-home\web Server\AI engine\results\result_002212.jpg
    Inference: 0.068s | FPS: 14.7 | Status: Success
[2030/2328] 002213.jpg
    -> d:\GitHub\Smart-home\web Server\AI engine\results\result_002213.jpg
    Inference: 0.071s | FPS: 14.1 | Status: Success
[2031/2328] 002214.jpg
    -> d:\GitHub\Smart-home\web Server\AI engine\results\result_002214.jpg
    Inference: 0.068s | FPS: 14.6 | Status: Success
[2032/2328] 002215.jpg
    -> d:\GitHub\Smart-home\web Server\AI engine\results\result_002215.jpg
    Inference: 0.070s | FPS: 14.3 | Status: Success
[2033/2328] 002216.jpg
    -> d:\GitHub\Smart-home\web Server\AI engine\results\result_002216.jpg
    Inference: 0.070s | FPS: 14.4 | Status: Success
[2034/2328] 002217.jpg
    -> d:\GitHub\Smart-home\web Server\AI engine\results\result_002217.jpg
    Inference: 0.069s | FPS: 14.5 | Status: Success
[2035/2328] 002218.jpg
    -> d:\GitHub\Smart-home\web Server\AI engine\results\result_002218.jpg
    Inference: 0.071s | FPS: 14.2 | Status: Success
[2036/2328] 002219.jpg
    -> d:\GitHub\Smart-home\web Server\AI engine\results\result_002219.jpg
    Inference: 0.068s | FPS: 14.7 | Status: Success
[2037/2328] 002220.jpg
    -> d:\GitHub\Smart-home\web Server\AI engine\results\result_002220.jpg
    Inference: 0.069s | FPS: 14.5 | Status: Success
[2038/2328] 002221.jpg
    -> d:\GitHub\Smart-home\web Server\AI engine\results\result_002221.jpg
    Inference: 0.069s | FPS: 14.5 | Status: Success
[2039/2328] 002222.jpg
    -> d:\GitHub\Smart-home\web Server\AI engine\results\result_002222.jpg
    Inference: 0.069s | FPS: 14.5 | Status: Success
[2040/2328] 002223.jpg
    -> d:\GitHub\Smart-home\web Server\AI engine\results\result_002223.jpg
    Inference: 0.070s | FPS: 14.3 | Status: Success
[2041/2328] 002224.jpg
    -> d:\GitHub\Smart-home\web Server\AI engine\results\result_002224.jpg
    Inference: 0.070s | FPS: 14.2 | Status: Success
[2042/2328] 002225.jpg
    -> d:\GitHub\Smart-home\web Server\AI engine\results\result_002225.jpg
    Inference: 0.069s | FPS: 14.5 | Status: Success
[2043/2328] 002226.jpg
    -> d:\GitHub\Smart-home\web Server\AI engine\results\result_002226.jpg
    Inference: 0.076s | FPS: 13.2 | Status: Success
[2044/2328] 002227.jpg
    -> d:\GitHub\Smart-home\web Server\AI engine\results\result_002227.jpg
    Inference: 0.069s | FPS: 14.4 | Status: Success
[2045/2328] 002228.jpg
    -> d:\GitHub\Smart-home\web Server\AI engine\results\result_002228.jpg
    Inference: 0.068s | FPS: 14.7 | Status: Success
[2046/2328] 002229.jpg
    -> d:\GitHub\Smart-home\web Server\AI engine\results\result_002229.jpg
    Inference: 0.080s | FPS: 12.5 | Status: Success
[2047/2328] 002230.jpg
    -> d:\GitHub\Smart-home\web Server\AI engine\results\result_002230.jpg
    Inference: 0.072s | FPS: 13.9 | Status: Success
[2048/2328] 002231.jpg
    -> d:\GitHub\Smart-home\web Server\AI engine\results\result_002231.jpg
    Inference: 0.072s | FPS: 13.9 | Status: Success
[2049/2328] 002232.jpg
    -> d:\GitHub\Smart-home\web Server\AI engine\results\result_002232.jpg
    Inference: 0.075s | FPS: 13.3 | Status: Success
[2050/2328] 002233.jpg
    -> d:\GitHub\Smart-home\web Server\AI engine\results\result_002233.jpg
    Inference: 0.074s | FPS: 13.4 | Status: Success
[2051/2328] 002234.jpg
    -> d:\GitHub\Smart-home\web Server\AI engine\results\result_002234.jpg
    Inference: 0.074s | FPS: 13.6 | Status: Success
[2052/2328] 002235.jpg
    -> d:\GitHub\Smart-home\web Server\AI engine\results\result_002235.jpg
    Inference: 0.074s | FPS: 13.5 | Status: Success
[2053/2328] 002236.jpg
    -> d:\GitHub\Smart-home\web Server\AI engine\results\result_002236.jpg
    Inference: 0.076s | FPS: 13.1 | Status: Success
[2054/2328] 002237.jpg
    -> d:\GitHub\Smart-home\web Server\AI engine\results\result_002237.jpg
    Inference: 0.076s | FPS: 13.1 | Status: Success
[2055/2328] 002238.jpg
    -> d:\GitHub\Smart-home\web Server\AI engine\results\result_002238.jpg
    Inference: 0.072s | FPS: 13.8 | Status: Success
[2056/2328] 002239.jpg
    -> d:\GitHub\Smart-home\web Server\AI engine\results\result_002239.jpg
    Inference: 0.074s | FPS: 13.5 | Status: Success
[2057/2328] 002240.jpg
    -> d:\GitHub\Smart-home\web Server\AI engine\results\result_002240.jpg
    Inference: 0.075s | FPS: 13.3 | Status: Success
[2058/2328] 002241.jpg
    -> d:\GitHub\Smart-home\web Server\AI engine\results\result_002241.jpg
    Inference: 0.079s | FPS: 12.6 | Status: Success
[2059/2328] 002242.jpg
    -> d:\GitHub\Smart-home\web Server\AI engine\results\result_002242.jpg
    Inference: 0.075s | FPS: 13.3 | Status: Success
[2060/2328] 002243.jpg
    -> d:\GitHub\Smart-home\web Server\AI engine\results\result_002243.jpg
    Inference: 0.081s | FPS: 12.4 | Status: Success
[2061/2328] 002244.jpg
    -> d:\GitHub\Smart-home\web Server\AI engine\results\result_002244.jpg
    Inference: 0.076s | FPS: 13.2 | Status: Success
[2062/2328] 002245.jpg
    -> d:\GitHub\Smart-home\web Server\AI engine\results\result_002245.jpg
    Inference: 0.072s | FPS: 13.9 | Status: Success
[2063/2328] 002246.jpg
    -> d:\GitHub\Smart-home\web Server\AI engine\results\result_002246.jpg
    Inference: 0.071s | FPS: 14.0 | Status: Success
[2064/2328] 002247.jpg
    -> d:\GitHub\Smart-home\web Server\AI engine\results\result_002247.jpg
    Inference: 0.075s | FPS: 13.3 | Status: Success
[2065/2328] 002248.jpg
    -> d:\GitHub\Smart-home\web Server\AI engine\results\result_002248.jpg
    Inference: 0.073s | FPS: 13.6 | Status: Success
[2066/2328] 002249.jpg
    -> d:\GitHub\Smart-home\web Server\AI engine\results\result_002249.jpg
    Inference: 0.073s | FPS: 13.6 | Status: Success
[2067/2328] 002250.jpg
    -> d:\GitHub\Smart-home\web Server\AI engine\results\result_002250.jpg
    Inference: 0.076s | FPS: 13.2 | Status: Success
[2068/2328] 002251.jpg
    -> d:\GitHub\Smart-home\web Server\AI engine\results\result_002251.jpg
    Inference: 0.079s | FPS: 12.7 | Status: Success
[2069/2328] 002252.jpg
    -> d:\GitHub\Smart-home\web Server\AI engine\results\result_002252.jpg
    Inference: 0.073s | FPS: 13.8 | Status: Success
[2070/2328] 002253.jpg
    -> d:\GitHub\Smart-home\web Server\AI engine\results\result_002253.jpg
    Inference: 0.072s | FPS: 13.8 | Status: Success
[2071/2328] 002254.jpg
    -> d:\GitHub\Smart-home\web Server\AI engine\results\result_002254.jpg
    Inference: 0.071s | FPS: 14.0 | Status: Success
[2072/2328] 002255.jpg
    -> d:\GitHub\Smart-home\web Server\AI engine\results\result_002255.jpg
    Inference: 0.077s | FPS: 13.0 | Status: Success
[2073/2328] 002256.jpg
    -> d:\GitHub\Smart-home\web Server\AI engine\results\result_002256.jpg
    Inference: 0.078s | FPS: 12.8 | Status: Success
[2074/2328] 002257.jpg
    -> d:\GitHub\Smart-home\web Server\AI engine\results\result_002257.jpg
    Inference: 0.075s | FPS: 13.4 | Status: Success
[2075/2328] 002258.jpg
    -> d:\GitHub\Smart-home\web Server\AI engine\results\result_002258.jpg
    Inference: 0.071s | FPS: 14.0 | Status: Success
[2076/2328] 002259.jpg
    -> d:\GitHub\Smart-home\web Server\AI engine\results\result_002259.jpg
    Inference: 0.068s | FPS: 14.7 | Status: Success
[2077/2328] 002260.jpg
    -> d:\GitHub\Smart-home\web Server\AI engine\results\result_002260.jpg
    Inference: 0.069s | FPS: 14.6 | Status: Success
[2078/2328] 002261.jpg
    -> d:\GitHub\Smart-home\web Server\AI engine\results\result_002261.jpg
    Inference: 0.071s | FPS: 14.0 | Status: Success
[2079/2328] 002262.jpg
    -> d:\GitHub\Smart-home\web Server\AI engine\results\result_002262.jpg
    Inference: 0.073s | FPS: 13.6 | Status: Success
[2080/2328] 002263.jpg
    -> d:\GitHub\Smart-home\web Server\AI engine\results\result_002263.jpg
    Inference: 0.074s | FPS: 13.6 | Status: Success
[2081/2328] 002264.jpg
    -> d:\GitHub\Smart-home\web Server\AI engine\results\result_002264.jpg
    Inference: 0.069s | FPS: 14.5 | Status: Success
[2082/2328] 002265.jpg
    -> d:\GitHub\Smart-home\web Server\AI engine\results\result_002265.jpg
    Inference: 0.069s | FPS: 14.6 | Status: Success
[2083/2328] 002266.jpg
    -> d:\GitHub\Smart-home\web Server\AI engine\results\result_002266.jpg
    Inference: 0.069s | FPS: 14.6 | Status: Success
[2084/2328] 002267.jpg
    -> d:\GitHub\Smart-home\web Server\AI engine\results\result_002267.jpg
    Inference: 0.068s | FPS: 14.7 | Status: Success
[2085/2328] 002268.jpg
    -> d:\GitHub\Smart-home\web Server\AI engine\results\result_002268.jpg
    Inference: 0.068s | FPS: 14.7 | Status: Success
[2086/2328] 002269.jpg
    -> d:\GitHub\Smart-home\web Server\AI engine\results\result_002269.jpg
    Inference: 0.067s | FPS: 14.8 | Status: Success
[2087/2328] 002270.jpg
    -> d:\GitHub\Smart-home\web Server\AI engine\results\result_002270.jpg
    Inference: 0.071s | FPS: 14.1 | Status: Success
[2088/2328] 002271.jpg
    -> d:\GitHub\Smart-home\web Server\AI engine\results\result_002271.jpg
    Inference: 0.072s | FPS: 13.8 | Status: Success
[2089/2328] 002272.jpg
    -> d:\GitHub\Smart-home\web Server\AI engine\results\result_002272.jpg
    Inference: 0.073s | FPS: 13.7 | Status: Success
[2090/2328] 002273.jpg
    -> d:\GitHub\Smart-home\web Server\AI engine\results\result_002273.jpg
    Inference: 0.073s | FPS: 13.7 | Status: Success
[2091/2328] 002274.jpg
    -> d:\GitHub\Smart-home\web Server\AI engine\results\result_002274.jpg
    Inference: 0.076s | FPS: 13.2 | Status: Success
[2092/2328] 002275.jpg
    -> d:\GitHub\Smart-home\web Server\AI engine\results\result_002275.jpg
    Inference: 0.076s | FPS: 13.2 | Status: Success
[2093/2328] 002276.jpg
    -> d:\GitHub\Smart-home\web Server\AI engine\results\result_002276.jpg
    Inference: 0.074s | FPS: 13.5 | Status: Success
[2094/2328] 002277.jpg
    -> d:\GitHub\Smart-home\web Server\AI engine\results\result_002277.jpg
    Inference: 0.087s | FPS: 11.5 | Status: Success
[2095/2328] 002278.jpg
    -> d:\GitHub\Smart-home\web Server\AI engine\results\result_002278.jpg
    Inference: 0.081s | FPS: 12.3 | Status: Success
[2096/2328] 002279.jpg
    -> d:\GitHub\Smart-home\web Server\AI engine\results\result_002279.jpg
    Inference: 0.078s | FPS: 12.9 | Status: Success
[2097/2328] 002280.jpg
    -> d:\GitHub\Smart-home\web Server\AI engine\results\result_002280.jpg
    Inference: 0.072s | FPS: 13.9 | Status: Success
[2098/2328] 002281.jpg
    -> d:\GitHub\Smart-home\web Server\AI engine\results\result_002281.jpg
    Inference: 0.073s | FPS: 13.6 | Status: Success
[2099/2328] 002282.jpg
    -> d:\GitHub\Smart-home\web Server\AI engine\results\result_002282.jpg
    Inference: 0.073s | FPS: 13.8 | Status: Success
[2100/2328] 002283.jpg
    -> d:\GitHub\Smart-home\web Server\AI engine\results\result_002283.jpg
    Inference: 0.075s | FPS: 13.3 | Status: Success
[2101/2328] 002284.jpg
    -> d:\GitHub\Smart-home\web Server\AI engine\results\result_002284.jpg
    Inference: 0.074s | FPS: 13.5 | Status: Success
[2102/2328] 002285.jpg
    -> d:\GitHub\Smart-home\web Server\AI engine\results\result_002285.jpg
    Inference: 0.077s | FPS: 13.0 | Status: Success
[2103/2328] 002286.jpg
    -> d:\GitHub\Smart-home\web Server\AI engine\results\result_002286.jpg
    Inference: 0.073s | FPS: 13.8 | Status: Success
[2104/2328] 002287.jpg
    -> d:\GitHub\Smart-home\web Server\AI engine\results\result_002287.jpg
    Inference: 0.073s | FPS: 13.7 | Status: Success
[2105/2328] 002288.jpg
    -> d:\GitHub\Smart-home\web Server\AI engine\results\result_002288.jpg
    Inference: 0.079s | FPS: 12.7 | Status: Success
[2106/2328] 002289.jpg
    -> d:\GitHub\Smart-home\web Server\AI engine\results\result_002289.jpg
    Inference: 0.070s | FPS: 14.4 | Status: Success
[2107/2328] 002290.jpg
    -> d:\GitHub\Smart-home\web Server\AI engine\results\result_002290.jpg
    Inference: 0.077s | FPS: 13.0 | Status: Success
[2108/2328] 002291.jpg
    -> d:\GitHub\Smart-home\web Server\AI engine\results\result_002291.jpg
    Inference: 0.072s | FPS: 13.8 | Status: Success
[2109/2328] 002292.jpg
    -> d:\GitHub\Smart-home\web Server\AI engine\results\result_002292.jpg
    Inference: 0.074s | FPS: 13.6 | Status: Success
[2110/2328] 002293.jpg
    -> d:\GitHub\Smart-home\web Server\AI engine\results\result_002293.jpg
    Inference: 0.073s | FPS: 13.7 | Status: Success
[2111/2328] 002294.jpg
    -> d:\GitHub\Smart-home\web Server\AI engine\results\result_002294.jpg
    Inference: 0.075s | FPS: 13.3 | Status: Success
[2112/2328] 002295.jpg
    -> d:\GitHub\Smart-home\web Server\AI engine\results\result_002295.jpg
    Inference: 0.079s | FPS: 12.6 | Status: Success
[2113/2328] 002296.jpg
    -> d:\GitHub\Smart-home\web Server\AI engine\results\result_002296.jpg
    Inference: 0.073s | FPS: 13.7 | Status: Success
[2114/2328] 002297.jpg
    -> d:\GitHub\Smart-home\web Server\AI engine\results\result_002297.jpg
    Inference: 0.075s | FPS: 13.4 | Status: Success
[2115/2328] 002298.jpg
    -> d:\GitHub\Smart-home\web Server\AI engine\results\result_002298.jpg
    Inference: 0.075s | FPS: 13.3 | Status: Success
[2116/2328] 002299.jpg
    -> d:\GitHub\Smart-home\web Server\AI engine\results\result_002299.jpg
    Inference: 0.071s | FPS: 14.0 | Status: Success
[2117/2328] 002300.jpg
    -> d:\GitHub\Smart-home\web Server\AI engine\results\result_002300.jpg
    Inference: 0.078s | FPS: 12.9 | Status: Success
[2118/2328] 002301.jpg
    -> d:\GitHub\Smart-home\web Server\AI engine\results\result_002301.jpg
    Inference: 0.073s | FPS: 13.7 | Status: Success
[2119/2328] 002302.jpg
    -> d:\GitHub\Smart-home\web Server\AI engine\results\result_002302.jpg
    Inference: 0.074s | FPS: 13.6 | Status: Success
[2120/2328] 002303.jpg
    -> d:\GitHub\Smart-home\web Server\AI engine\results\result_002303.jpg
    Inference: 0.074s | FPS: 13.5 | Status: Success
[2121/2328] 002304.jpg
    -> d:\GitHub\Smart-home\web Server\AI engine\results\result_002304.jpg
    Inference: 0.074s | FPS: 13.5 | Status: Success
[2122/2328] 002305.jpg
    -> d:\GitHub\Smart-home\web Server\AI engine\results\result_002305.jpg
    Inference: 0.076s | FPS: 13.2 | Status: Success
[2123/2328] 002306.jpg
    -> d:\GitHub\Smart-home\web Server\AI engine\results\result_002306.jpg
    Inference: 0.072s | FPS: 13.8 | Status: Success
[2124/2328] 002307.jpg
    -> d:\GitHub\Smart-home\web Server\AI engine\results\result_002307.jpg
    Inference: 0.072s | FPS: 13.8 | Status: Success
[2125/2328] 002308.jpg
    -> d:\GitHub\Smart-home\web Server\AI engine\results\result_002308.jpg
    Inference: 0.076s | FPS: 13.1 | Status: Success
[2126/2328] 002309.jpg
    -> d:\GitHub\Smart-home\web Server\AI engine\results\result_002309.jpg
    Inference: 0.073s | FPS: 13.7 | Status: Success
[2127/2328] 002310.jpg
    -> d:\GitHub\Smart-home\web Server\AI engine\results\result_002310.jpg
    Inference: 0.074s | FPS: 13.4 | Status: Success
[2128/2328] 002311.jpg
    -> d:\GitHub\Smart-home\web Server\AI engine\results\result_002311.jpg
    Inference: 0.072s | FPS: 13.8 | Status: Success
[2129/2328] 002312.jpg
    -> d:\GitHub\Smart-home\web Server\AI engine\results\result_002312.jpg
    Inference: 0.075s | FPS: 13.4 | Status: Success
[2130/2328] 002313.jpg
    -> d:\GitHub\Smart-home\web Server\AI engine\results\result_002313.jpg
    Inference: 0.073s | FPS: 13.7 | Status: Success
[2131/2328] 002314.jpg
    -> d:\GitHub\Smart-home\web Server\AI engine\results\result_002314.jpg
    Inference: 0.076s | FPS: 13.1 | Status: Success
[2132/2328] 002315.jpg
    -> d:\GitHub\Smart-home\web Server\AI engine\results\result_002315.jpg
    Inference: 0.077s | FPS: 12.9 | Status: Success
[2133/2328] 002316.jpg
    -> d:\GitHub\Smart-home\web Server\AI engine\results\result_002316.jpg
    Inference: 0.081s | FPS: 12.4 | Status: Success
[2134/2328] 002317.jpg
    -> d:\GitHub\Smart-home\web Server\AI engine\results\result_002317.jpg
    Inference: 0.075s | FPS: 13.4 | Status: Success
[2135/2328] 002318.jpg
    -> d:\GitHub\Smart-home\web Server\AI engine\results\result_002318.jpg
    Inference: 0.074s | FPS: 13.6 | Status: Success
[2136/2328] 002319.jpg
    -> d:\GitHub\Smart-home\web Server\AI engine\results\result_002319.jpg
    Inference: 0.077s | FPS: 13.1 | Status: Success
[2137/2328] 002320.jpg
    -> d:\GitHub\Smart-home\web Server\AI engine\results\result_002320.jpg
    Inference: 0.074s | FPS: 13.6 | Status: Success
[2138/2328] 002321.jpg
    -> d:\GitHub\Smart-home\web Server\AI engine\results\result_002321.jpg
    Inference: 0.072s | FPS: 13.8 | Status: Success
[2139/2328] 002322.jpg
    -> d:\GitHub\Smart-home\web Server\AI engine\results\result_002322.jpg
    Inference: 0.075s | FPS: 13.3 | Status: Success
[2140/2328] 002323.jpg
    -> d:\GitHub\Smart-home\web Server\AI engine\results\result_002323.jpg
    Inference: 0.072s | FPS: 13.9 | Status: Success
[2141/2328] 002324.jpg
    -> d:\GitHub\Smart-home\web Server\AI engine\results\result_002324.jpg
    Inference: 0.073s | FPS: 13.7 | Status: Success
[2142/2328] 002325.jpg
    -> d:\GitHub\Smart-home\web Server\AI engine\results\result_002325.jpg
    Inference: 0.071s | FPS: 14.1 | Status: Success
[2143/2328] 002326.jpg
    -> d:\GitHub\Smart-home\web Server\AI engine\results\result_002326.jpg
    Inference: 0.077s | FPS: 13.0 | Status: Success
[2144/2328] 002327.jpg
    -> d:\GitHub\Smart-home\web Server\AI engine\results\result_002327.jpg
    Inference: 0.073s | FPS: 13.7 | Status: Success
[2145/2328] 002328.jpg
    -> d:\GitHub\Smart-home\web Server\AI engine\results\result_002328.jpg
    Inference: 0.081s | FPS: 12.3 | Status: Success
[2146/2328] 002329.jpg
    -> d:\GitHub\Smart-home\web Server\AI engine\results\result_002329.jpg
    Inference: 0.073s | FPS: 13.8 | Status: Success
[2147/2328] 002330.jpg
    -> d:\GitHub\Smart-home\web Server\AI engine\results\result_002330.jpg
    Inference: 0.076s | FPS: 13.2 | Status: Success
[2148/2328] 002331.jpg
    -> d:\GitHub\Smart-home\web Server\AI engine\results\result_002331.jpg
    Inference: 0.078s | FPS: 12.9 | Status: Success
[2149/2328] 002332.jpg
    -> d:\GitHub\Smart-home\web Server\AI engine\results\result_002332.jpg
    Inference: 0.072s | FPS: 13.8 | Status: Success
[2150/2328] 002333.jpg
    -> d:\GitHub\Smart-home\web Server\AI engine\results\result_002333.jpg
    Inference: 0.073s | FPS: 13.7 | Status: Success
[2151/2328] 002334.jpg
    -> d:\GitHub\Smart-home\web Server\AI engine\results\result_002334.jpg
    Inference: 0.074s | FPS: 13.6 | Status: Success
[2152/2328] 002335.jpg
    -> d:\GitHub\Smart-home\web Server\AI engine\results\result_002335.jpg
    Inference: 0.074s | FPS: 13.4 | Status: Success
[2153/2328] 002336.jpg
    -> d:\GitHub\Smart-home\web Server\AI engine\results\result_002336.jpg
    Inference: 0.074s | FPS: 13.6 | Status: Success
[2154/2328] 002337.jpg
    -> d:\GitHub\Smart-home\web Server\AI engine\results\result_002337.jpg
    Inference: 0.075s | FPS: 13.3 | Status: Success
[2155/2328] 002338.jpg
    -> d:\GitHub\Smart-home\web Server\AI engine\results\result_002338.jpg
    Inference: 0.072s | FPS: 14.0 | Status: Success
[2156/2328] 002339.jpg
    -> d:\GitHub\Smart-home\web Server\AI engine\results\result_002339.jpg
    Inference: 0.073s | FPS: 13.8 | Status: Success
[2157/2328] 002340.jpg
    -> d:\GitHub\Smart-home\web Server\AI engine\results\result_002340.jpg
    Inference: 0.074s | FPS: 13.5 | Status: Success
[2158/2328] 002341.jpg
    -> d:\GitHub\Smart-home\web Server\AI engine\results\result_002341.jpg
    Inference: 0.072s | FPS: 13.9 | Status: Success
[2159/2328] 002342.jpg
    -> d:\GitHub\Smart-home\web Server\AI engine\results\result_002342.jpg
    Inference: 0.074s | FPS: 13.6 | Status: Success
[2160/2328] 002343.jpg
    -> d:\GitHub\Smart-home\web Server\AI engine\results\result_002343.jpg
    Inference: 0.084s | FPS: 11.8 | Status: Success
[2161/2328] 002344.jpg
    -> d:\GitHub\Smart-home\web Server\AI engine\results\result_002344.jpg
    Inference: 0.072s | FPS: 13.9 | Status: Success
[2162/2328] 002345.jpg
    -> d:\GitHub\Smart-home\web Server\AI engine\results\result_002345.jpg
    Inference: 0.077s | FPS: 13.0 | Status: Success
[2163/2328] 002346.jpg
    -> d:\GitHub\Smart-home\web Server\AI engine\results\result_002346.jpg
    Inference: 0.075s | FPS: 13.4 | Status: Success
[2164/2328] 002347.jpg
    -> d:\GitHub\Smart-home\web Server\AI engine\results\result_002347.jpg
    Inference: 0.073s | FPS: 13.6 | Status: Success
[2165/2328] 002348.jpg
    -> d:\GitHub\Smart-home\web Server\AI engine\results\result_002348.jpg
    Inference: 0.078s | FPS: 12.8 | Status: Success
[2166/2328] 002349.jpg
    -> d:\GitHub\Smart-home\web Server\AI engine\results\result_002349.jpg
    Inference: 0.073s | FPS: 13.8 | Status: Success
[2167/2328] 002350.jpg
    -> d:\GitHub\Smart-home\web Server\AI engine\results\result_002350.jpg
    Inference: 0.071s | FPS: 14.1 | Status: Success
[2168/2328] 002351.jpg
    -> d:\GitHub\Smart-home\web Server\AI engine\results\result_002351.jpg
    Inference: 0.070s | FPS: 14.3 | Status: Success
[2169/2328] 002352.jpg
    -> d:\GitHub\Smart-home\web Server\AI engine\results\result_002352.jpg
    Inference: 0.071s | FPS: 14.1 | Status: Success
[2170/2328] 002353.jpg
    -> d:\GitHub\Smart-home\web Server\AI engine\results\result_002353.jpg
    Inference: 0.070s | FPS: 14.3 | Status: Success
[2171/2328] 002354.jpg
    -> d:\GitHub\Smart-home\web Server\AI engine\results\result_002354.jpg
    Inference: 0.073s | FPS: 13.6 | Status: Success
[2172/2328] 002355.jpg
    -> d:\GitHub\Smart-home\web Server\AI engine\results\result_002355.jpg
    Inference: 0.075s | FPS: 13.3 | Status: Success
[2173/2328] 002356.jpg
    -> d:\GitHub\Smart-home\web Server\AI engine\results\result_002356.jpg
    Inference: 0.073s | FPS: 13.8 | Status: Success
[2174/2328] 002357.jpg
    -> d:\GitHub\Smart-home\web Server\AI engine\results\result_002357.jpg
    Inference: 0.072s | FPS: 13.9 | Status: Success
[2175/2328] 002358.jpg
    -> d:\GitHub\Smart-home\web Server\AI engine\results\result_002358.jpg
    Inference: 0.071s | FPS: 14.0 | Status: Success
[2176/2328] 002359.jpg
    -> d:\GitHub\Smart-home\web Server\AI engine\results\result_002359.jpg
    Inference: 0.073s | FPS: 13.7 | Status: Success
[2177/2328] 002360.jpg
    -> d:\GitHub\Smart-home\web Server\AI engine\results\result_002360.jpg
    Inference: 0.078s | FPS: 12.7 | Status: Success
[2178/2328] 002361.jpg
    -> d:\GitHub\Smart-home\web Server\AI engine\results\result_002361.jpg
    Inference: 0.071s | FPS: 14.0 | Status: Success
[2179/2328] 002362.jpg
    -> d:\GitHub\Smart-home\web Server\AI engine\results\result_002362.jpg
    Inference: 0.074s | FPS: 13.6 | Status: Success
[2180/2328] 002363.jpg
    -> d:\GitHub\Smart-home\web Server\AI engine\results\result_002363.jpg
    Inference: 0.073s | FPS: 13.7 | Status: Success
[2181/2328] 002364.jpg
    -> d:\GitHub\Smart-home\web Server\AI engine\results\result_002364.jpg
    Inference: 0.073s | FPS: 13.7 | Status: Success
[2182/2328] 002365.jpg
    -> d:\GitHub\Smart-home\web Server\AI engine\results\result_002365.jpg
    Inference: 0.074s | FPS: 13.6 | Status: Success
[2183/2328] 002366.jpg
    -> d:\GitHub\Smart-home\web Server\AI engine\results\result_002366.jpg
    Inference: 0.078s | FPS: 12.8 | Status: Success
[2184/2328] 002367.jpg
    -> d:\GitHub\Smart-home\web Server\AI engine\results\result_002367.jpg
    Inference: 0.079s | FPS: 12.7 | Status: Success
[2185/2328] 002368.jpg
    -> d:\GitHub\Smart-home\web Server\AI engine\results\result_002368.jpg
    Inference: 0.075s | FPS: 13.4 | Status: Success
[2186/2328] 002369.jpg
    -> d:\GitHub\Smart-home\web Server\AI engine\results\result_002369.jpg
    Inference: 0.076s | FPS: 13.1 | Status: Success
[2187/2328] 002370.jpg
    -> d:\GitHub\Smart-home\web Server\AI engine\results\result_002370.jpg
    Inference: 0.072s | FPS: 13.8 | Status: Success
[2188/2328] 002371.jpg
    -> d:\GitHub\Smart-home\web Server\AI engine\results\result_002371.jpg
    Inference: 0.069s | FPS: 14.5 | Status: Success
[2189/2328] 002372.jpg
    -> d:\GitHub\Smart-home\web Server\AI engine\results\result_002372.jpg
    Inference: 0.072s | FPS: 13.9 | Status: Success
[2190/2328] 002373.jpg
    -> d:\GitHub\Smart-home\web Server\AI engine\results\result_002373.jpg
    Inference: 0.074s | FPS: 13.5 | Status: Success
[2191/2328] 002374.jpg
    -> d:\GitHub\Smart-home\web Server\AI engine\results\result_002374.jpg
    Inference: 0.077s | FPS: 13.0 | Status: Success
[2192/2328] 002375.jpg
    -> d:\GitHub\Smart-home\web Server\AI engine\results\result_002375.jpg
    Inference: 0.078s | FPS: 12.8 | Status: Success
[2193/2328] 002376.jpg
    -> d:\GitHub\Smart-home\web Server\AI engine\results\result_002376.jpg
    Inference: 0.072s | FPS: 13.9 | Status: Success
[2194/2328] 002377.jpg
    -> d:\GitHub\Smart-home\web Server\AI engine\results\result_002377.jpg
    Inference: 0.074s | FPS: 13.6 | Status: Success
[2195/2328] 002378.jpg
    -> d:\GitHub\Smart-home\web Server\AI engine\results\result_002378.jpg
    Inference: 0.073s | FPS: 13.7 | Status: Success
[2196/2328] 002379.jpg
    -> d:\GitHub\Smart-home\web Server\AI engine\results\result_002379.jpg
    Inference: 0.074s | FPS: 13.6 | Status: Success
[2197/2328] 002380.jpg
    -> d:\GitHub\Smart-home\web Server\AI engine\results\result_002380.jpg
    Inference: 0.073s | FPS: 13.6 | Status: Success
[2198/2328] 002381.jpg
    -> d:\GitHub\Smart-home\web Server\AI engine\results\result_002381.jpg
    Inference: 0.077s | FPS: 13.0 | Status: Success
[2199/2328] 002382.jpg
    -> d:\GitHub\Smart-home\web Server\AI engine\results\result_002382.jpg
    Inference: 0.076s | FPS: 13.1 | Status: Success
[2200/2328] 002383.jpg
    -> d:\GitHub\Smart-home\web Server\AI engine\results\result_002383.jpg
    Inference: 0.075s | FPS: 13.4 | Status: Success
[2201/2328] 002384.jpg
    -> d:\GitHub\Smart-home\web Server\AI engine\results\result_002384.jpg
    Inference: 0.076s | FPS: 13.2 | Status: Success
[2202/2328] 002385.jpg
    -> d:\GitHub\Smart-home\web Server\AI engine\results\result_002385.jpg
    Inference: 0.075s | FPS: 13.4 | Status: Success
[2203/2328] 002386.jpg
    -> d:\GitHub\Smart-home\web Server\AI engine\results\result_002386.jpg
    Inference: 0.073s | FPS: 13.6 | Status: Success
[2204/2328] 002387.jpg
    -> d:\GitHub\Smart-home\web Server\AI engine\results\result_002387.jpg
    Inference: 0.074s | FPS: 13.5 | Status: Success
[2205/2328] 002388.jpg
    -> d:\GitHub\Smart-home\web Server\AI engine\results\result_002388.jpg
    Inference: 0.075s | FPS: 13.3 | Status: Success
[2206/2328] 002389.jpg
    -> d:\GitHub\Smart-home\web Server\AI engine\results\result_002389.jpg
    Inference: 0.075s | FPS: 13.3 | Status: Success
[2207/2328] 002390.jpg
    -> d:\GitHub\Smart-home\web Server\AI engine\results\result_002390.jpg
    Inference: 0.077s | FPS: 13.0 | Status: Success
[2208/2328] 002391.jpg
    -> d:\GitHub\Smart-home\web Server\AI engine\results\result_002391.jpg
    Inference: 0.076s | FPS: 13.1 | Status: Success
[2209/2328] 002392.jpg
    -> d:\GitHub\Smart-home\web Server\AI engine\results\result_002392.jpg
    Inference: 0.073s | FPS: 13.8 | Status: Success
[2210/2328] 002393.jpg
    -> d:\GitHub\Smart-home\web Server\AI engine\results\result_002393.jpg
    Inference: 0.072s | FPS: 13.9 | Status: Success
[2211/2328] 002394.jpg
    -> d:\GitHub\Smart-home\web Server\AI engine\results\result_002394.jpg
    Inference: 0.072s | FPS: 13.9 | Status: Success
[2212/2328] 002395.jpg
    -> d:\GitHub\Smart-home\web Server\AI engine\results\result_002395.jpg
    Inference: 0.076s | FPS: 13.2 | Status: Success
[2213/2328] 002396.jpg
    -> d:\GitHub\Smart-home\web Server\AI engine\results\result_002396.jpg
    Inference: 0.072s | FPS: 13.9 | Status: Success
[2214/2328] 002397.jpg
    -> d:\GitHub\Smart-home\web Server\AI engine\results\result_002397.jpg
    Inference: 0.075s | FPS: 13.3 | Status: Success
[2215/2328] 002398.jpg
    -> d:\GitHub\Smart-home\web Server\AI engine\results\result_002398.jpg
    Inference: 0.074s | FPS: 13.5 | Status: Success
[2216/2328] 002399.jpg
    -> d:\GitHub\Smart-home\web Server\AI engine\results\result_002399.jpg
    Inference: 0.073s | FPS: 13.7 | Status: Success
[2217/2328] 002400.jpg
    -> d:\GitHub\Smart-home\web Server\AI engine\results\result_002400.jpg
    Inference: 0.073s | FPS: 13.8 | Status: Success
[2218/2328] 002401.jpg
    -> d:\GitHub\Smart-home\web Server\AI engine\results\result_002401.jpg
    Inference: 0.074s | FPS: 13.5 | Status: Success
[2219/2328] 002402.jpg
    -> d:\GitHub\Smart-home\web Server\AI engine\results\result_002402.jpg
    Inference: 0.080s | FPS: 12.6 | Status: Success
[2220/2328] 002403.jpg
    -> d:\GitHub\Smart-home\web Server\AI engine\results\result_002403.jpg
    Inference: 0.075s | FPS: 13.4 | Status: Success
[2221/2328] 002404.jpg
    -> d:\GitHub\Smart-home\web Server\AI engine\results\result_002404.jpg
    Inference: 0.079s | FPS: 12.7 | Status: Success
[2222/2328] 002405.jpg
    -> d:\GitHub\Smart-home\web Server\AI engine\results\result_002405.jpg
    Inference: 0.085s | FPS: 11.8 | Status: Success
[2223/2328] 002406.jpg
    -> d:\GitHub\Smart-home\web Server\AI engine\results\result_002406.jpg
    Inference: 0.072s | FPS: 13.9 | Status: Success
[2224/2328] 002407.jpg
    -> d:\GitHub\Smart-home\web Server\AI engine\results\result_002407.jpg
    Inference: 0.076s | FPS: 13.2 | Status: Success
[2225/2328] 002408.jpg
    -> d:\GitHub\Smart-home\web Server\AI engine\results\result_002408.jpg
    Inference: 0.073s | FPS: 13.7 | Status: Success
[2226/2328] 002409.jpg
    -> d:\GitHub\Smart-home\web Server\AI engine\results\result_002409.jpg
    Inference: 0.073s | FPS: 13.7 | Status: Success
[2227/2328] 002410.jpg
    -> d:\GitHub\Smart-home\web Server\AI engine\results\result_002410.jpg
    Inference: 0.072s | FPS: 13.9 | Status: Success
[2228/2328] 002411.jpg
    -> d:\GitHub\Smart-home\web Server\AI engine\results\result_002411.jpg
    Inference: 0.073s | FPS: 13.7 | Status: Success
[2229/2328] 002412.jpg
    -> d:\GitHub\Smart-home\web Server\AI engine\results\result_002412.jpg
    Inference: 0.074s | FPS: 13.5 | Status: Success
[2230/2328] 002413.jpg
    -> d:\GitHub\Smart-home\web Server\AI engine\results\result_002413.jpg
    Inference: 0.074s | FPS: 13.5 | Status: Success
[2231/2328] 002414.jpg
    -> d:\GitHub\Smart-home\web Server\AI engine\results\result_002414.jpg
    Inference: 0.073s | FPS: 13.7 | Status: Success
[2232/2328] 002415.jpg
    -> d:\GitHub\Smart-home\web Server\AI engine\results\result_002415.jpg
    Inference: 0.072s | FPS: 13.8 | Status: Success
[2233/2328] 002416.jpg
    -> d:\GitHub\Smart-home\web Server\AI engine\results\result_002416.jpg
    Inference: 0.075s | FPS: 13.3 | Status: Success
[2234/2328] 002417.jpg
    -> d:\GitHub\Smart-home\web Server\AI engine\results\result_002417.jpg
    Inference: 0.074s | FPS: 13.5 | Status: Success
[2235/2328] 002418.jpg
    -> d:\GitHub\Smart-home\web Server\AI engine\results\result_002418.jpg
    Inference: 0.079s | FPS: 12.6 | Status: Success
[2236/2328] 002419.jpg
    -> d:\GitHub\Smart-home\web Server\AI engine\results\result_002419.jpg
    Inference: 0.074s | FPS: 13.5 | Status: Success
[2237/2328] 002420.jpg
    -> d:\GitHub\Smart-home\web Server\AI engine\results\result_002420.jpg
    Inference: 0.073s | FPS: 13.6 | Status: Success
[2238/2328] 002421.jpg
    -> d:\GitHub\Smart-home\web Server\AI engine\results\result_002421.jpg
    Inference: 0.078s | FPS: 12.8 | Status: Success
[2239/2328] 002422.jpg
    -> d:\GitHub\Smart-home\web Server\AI engine\results\result_002422.jpg
    Inference: 0.072s | FPS: 13.8 | Status: Success
[2240/2328] 002423.jpg
    -> d:\GitHub\Smart-home\web Server\AI engine\results\result_002423.jpg
    Inference: 0.075s | FPS: 13.4 | Status: Success
[2241/2328] 002424.jpg
    -> d:\GitHub\Smart-home\web Server\AI engine\results\result_002424.jpg
    Inference: 0.075s | FPS: 13.4 | Status: Success
[2242/2328] 002425.jpg
    -> d:\GitHub\Smart-home\web Server\AI engine\results\result_002425.jpg
    Inference: 0.073s | FPS: 13.8 | Status: Success
[2243/2328] 002426.jpg
    -> d:\GitHub\Smart-home\web Server\AI engine\results\result_002426.jpg
    Inference: 0.075s | FPS: 13.4 | Status: Success
[2244/2328] 002427.jpg
    -> d:\GitHub\Smart-home\web Server\AI engine\results\result_002427.jpg
    Inference: 0.075s | FPS: 13.3 | Status: Success
[2245/2328] 002428.jpg
    -> d:\GitHub\Smart-home\web Server\AI engine\results\result_002428.jpg
    Inference: 0.071s | FPS: 14.0 | Status: Success
[2246/2328] 002429.jpg
    -> d:\GitHub\Smart-home\web Server\AI engine\results\result_002429.jpg
    Inference: 0.073s | FPS: 13.6 | Status: Success
[2247/2328] 002430.jpg
    -> d:\GitHub\Smart-home\web Server\AI engine\results\result_002430.jpg
    Inference: 0.075s | FPS: 13.4 | Status: Success
[2248/2328] 002431.jpg
    -> d:\GitHub\Smart-home\web Server\AI engine\results\result_002431.jpg
    Inference: 0.075s | FPS: 13.3 | Status: Success
[2249/2328] 002432.jpg
    -> d:\GitHub\Smart-home\web Server\AI engine\results\result_002432.jpg
    Inference: 0.075s | FPS: 13.4 | Status: Success
[2250/2328] 002433.jpg
    -> d:\GitHub\Smart-home\web Server\AI engine\results\result_002433.jpg
    Inference: 0.075s | FPS: 13.3 | Status: Success
[2251/2328] 002434.jpg
    -> d:\GitHub\Smart-home\web Server\AI engine\results\result_002434.jpg
    Inference: 0.076s | FPS: 13.2 | Status: Success
[2252/2328] 002435.jpg
    -> d:\GitHub\Smart-home\web Server\AI engine\results\result_002435.jpg
    Inference: 0.073s | FPS: 13.7 | Status: Success
[2253/2328] 002436.jpg
    -> d:\GitHub\Smart-home\web Server\AI engine\results\result_002436.jpg
    Inference: 0.074s | FPS: 13.6 | Status: Success
[2254/2328] 002437.jpg
    -> d:\GitHub\Smart-home\web Server\AI engine\results\result_002437.jpg
    Inference: 0.074s | FPS: 13.5 | Status: Success
[2255/2328] 002438.jpg
    -> d:\GitHub\Smart-home\web Server\AI engine\results\result_002438.jpg
    Inference: 0.071s | FPS: 14.0 | Status: Success
[2256/2328] 002439.jpg
    -> d:\GitHub\Smart-home\web Server\AI engine\results\result_002439.jpg
    Inference: 0.074s | FPS: 13.6 | Status: Success
[2257/2328] 002440.jpg
    -> d:\GitHub\Smart-home\web Server\AI engine\results\result_002440.jpg
    Inference: 0.075s | FPS: 13.3 | Status: Success
[2258/2328] 002441.jpg
    -> d:\GitHub\Smart-home\web Server\AI engine\results\result_002441.jpg
    Inference: 0.072s | FPS: 13.9 | Status: Success
[2259/2328] 002442.jpg
    -> d:\GitHub\Smart-home\web Server\AI engine\results\result_002442.jpg
    Inference: 0.073s | FPS: 13.7 | Status: Success
[2260/2328] 002443.jpg
    -> d:\GitHub\Smart-home\web Server\AI engine\results\result_002443.jpg
    Inference: 0.075s | FPS: 13.4 | Status: Success
[2261/2328] 002444.jpg
    -> d:\GitHub\Smart-home\web Server\AI engine\results\result_002444.jpg
    Inference: 0.079s | FPS: 12.6 | Status: Success
[2262/2328] 002445.jpg
    -> d:\GitHub\Smart-home\web Server\AI engine\results\result_002445.jpg
    Inference: 0.071s | FPS: 14.2 | Status: Success
[2263/2328] 002446.jpg
    -> d:\GitHub\Smart-home\web Server\AI engine\results\result_002446.jpg
    Inference: 0.070s | FPS: 14.4 | Status: Success
[2264/2328] 002447.jpg
    -> d:\GitHub\Smart-home\web Server\AI engine\results\result_002447.jpg
    Inference: 0.071s | FPS: 14.1 | Status: Success
[2265/2328] 002448.jpg
    -> d:\GitHub\Smart-home\web Server\AI engine\results\result_002448.jpg
    Inference: 0.073s | FPS: 13.6 | Status: Success
[2266/2328] 002449.jpg
    -> d:\GitHub\Smart-home\web Server\AI engine\results\result_002449.jpg
    Inference: 0.072s | FPS: 13.9 | Status: Success
[2267/2328] 002450.jpg
    -> d:\GitHub\Smart-home\web Server\AI engine\results\result_002450.jpg
    Inference: 0.072s | FPS: 13.8 | Status: Success
[2268/2328] 002451.jpg
    -> d:\GitHub\Smart-home\web Server\AI engine\results\result_002451.jpg
    Inference: 0.067s | FPS: 14.9 | Status: Success
[2269/2328] 002452.jpg
    -> d:\GitHub\Smart-home\web Server\AI engine\results\result_002452.jpg
    Inference: 0.068s | FPS: 14.8 | Status: Success
[2270/2328] 002453.jpg
    -> d:\GitHub\Smart-home\web Server\AI engine\results\result_002453.jpg
    Inference: 0.071s | FPS: 14.0 | Status: Success
[2271/2328] 002454.jpg
    -> d:\GitHub\Smart-home\web Server\AI engine\results\result_002454.jpg
    Inference: 0.071s | FPS: 14.1 | Status: Success
[2272/2328] 002455.jpg
    -> d:\GitHub\Smart-home\web Server\AI engine\results\result_002455.jpg
    Inference: 0.071s | FPS: 14.1 | Status: Success
[2273/2328] 002456.jpg
    -> d:\GitHub\Smart-home\web Server\AI engine\results\result_002456.jpg
    Inference: 0.075s | FPS: 13.3 | Status: Success
[2274/2328] 002457.jpg
    -> d:\GitHub\Smart-home\web Server\AI engine\results\result_002457.jpg
    Inference: 0.076s | FPS: 13.1 | Status: Success
[2275/2328] 002458.jpg
    -> d:\GitHub\Smart-home\web Server\AI engine\results\result_002458.jpg
    Inference: 0.075s | FPS: 13.3 | Status: Success
[2276/2328] 002459.jpg
    -> d:\GitHub\Smart-home\web Server\AI engine\results\result_002459.jpg
    Inference: 0.076s | FPS: 13.1 | Status: Success
[2277/2328] 002460.jpg
    -> d:\GitHub\Smart-home\web Server\AI engine\results\result_002460.jpg
    Inference: 0.075s | FPS: 13.3 | Status: Success
[2278/2328] 002461.jpg
    -> d:\GitHub\Smart-home\web Server\AI engine\results\result_002461.jpg
    Inference: 0.076s | FPS: 13.1 | Status: Success
[2279/2328] 002462.jpg
    -> d:\GitHub\Smart-home\web Server\AI engine\results\result_002462.jpg
    Inference: 0.072s | FPS: 13.9 | Status: Success
[2280/2328] 002463.jpg
    -> d:\GitHub\Smart-home\web Server\AI engine\results\result_002463.jpg
    Inference: 0.074s | FPS: 13.5 | Status: Success
[2281/2328] 002464.jpg
    -> d:\GitHub\Smart-home\web Server\AI engine\results\result_002464.jpg
    Inference: 0.078s | FPS: 12.7 | Status: Success
[2282/2328] 002465.jpg
    -> d:\GitHub\Smart-home\web Server\AI engine\results\result_002465.jpg
    Inference: 0.073s | FPS: 13.7 | Status: Success
[2283/2328] 002466.jpg
    -> d:\GitHub\Smart-home\web Server\AI engine\results\result_002466.jpg
    Inference: 0.069s | FPS: 14.5 | Status: Success
[2284/2328] 002467.jpg
    -> d:\GitHub\Smart-home\web Server\AI engine\results\result_002467.jpg
    Inference: 0.074s | FPS: 13.5 | Status: Success
[2285/2328] 002468.jpg
    -> d:\GitHub\Smart-home\web Server\AI engine\results\result_002468.jpg
    Inference: 0.074s | FPS: 13.6 | Status: Success
[2286/2328] 002469.jpg
    -> d:\GitHub\Smart-home\web Server\AI engine\results\result_002469.jpg
    Inference: 0.075s | FPS: 13.3 | Status: Success
[2287/2328] 002470.jpg
    -> d:\GitHub\Smart-home\web Server\AI engine\results\result_002470.jpg
    Inference: 0.074s | FPS: 13.4 | Status: Success
[2288/2328] 002471.jpg
    -> d:\GitHub\Smart-home\web Server\AI engine\results\result_002471.jpg
    Inference: 0.088s | FPS: 11.3 | Status: Success
[2289/2328] 002472.jpg
    -> d:\GitHub\Smart-home\web Server\AI engine\results\result_002472.jpg
    Inference: 0.074s | FPS: 13.5 | Status: Success
[2290/2328] 002473.jpg
    -> d:\GitHub\Smart-home\web Server\AI engine\results\result_002473.jpg
    Inference: 0.075s | FPS: 13.4 | Status: Success
[2291/2328] 002474.jpg
    -> d:\GitHub\Smart-home\web Server\AI engine\results\result_002474.jpg
    Inference: 0.073s | FPS: 13.8 | Status: Success
[2292/2328] 002475.jpg
    -> d:\GitHub\Smart-home\web Server\AI engine\results\result_002475.jpg
    Inference: 0.074s | FPS: 13.6 | Status: Success
[2293/2328] 002476.jpg
    -> d:\GitHub\Smart-home\web Server\AI engine\results\result_002476.jpg
    Inference: 0.071s | FPS: 14.1 | Status: Success
[2294/2328] 002477.jpg
    -> d:\GitHub\Smart-home\web Server\AI engine\results\result_002477.jpg
    Inference: 0.076s | FPS: 13.2 | Status: Success
[2295/2328] 002478.jpg
    -> d:\GitHub\Smart-home\web Server\AI engine\results\result_002478.jpg
    Inference: 0.076s | FPS: 13.2 | Status: Success
[2296/2328] 002479.jpg
    -> d:\GitHub\Smart-home\web Server\AI engine\results\result_002479.jpg
    Inference: 0.078s | FPS: 12.8 | Status: Success
[2297/2328] 002480.jpg
    -> d:\GitHub\Smart-home\web Server\AI engine\results\result_002480.jpg
    Inference: 0.075s | FPS: 13.4 | Status: Success
[2298/2328] 002481.jpg
    -> d:\GitHub\Smart-home\web Server\AI engine\results\result_002481.jpg
    Inference: 0.071s | FPS: 14.0 | Status: Success
[2299/2328] 002482.jpg
    -> d:\GitHub\Smart-home\web Server\AI engine\results\result_002482.jpg
    Inference: 0.074s | FPS: 13.6 | Status: Success
[2300/2328] 002483.jpg
    -> d:\GitHub\Smart-home\web Server\AI engine\results\result_002483.jpg
    Inference: 0.077s | FPS: 13.0 | Status: Success
[2301/2328] 002484.jpg
    -> d:\GitHub\Smart-home\web Server\AI engine\results\result_002484.jpg
    Inference: 0.074s | FPS: 13.5 | Status: Success
[2302/2328] 002485.jpg
    -> d:\GitHub\Smart-home\web Server\AI engine\results\result_002485.jpg
    Inference: 0.076s | FPS: 13.1 | Status: Success
[2303/2328] 002486.jpg
    -> d:\GitHub\Smart-home\web Server\AI engine\results\result_002486.jpg
    Inference: 0.071s | FPS: 14.1 | Status: Success
[2304/2328] 002487.jpg
    -> d:\GitHub\Smart-home\web Server\AI engine\results\result_002487.jpg
    Inference: 0.073s | FPS: 13.7 | Status: Success
[2305/2328] 002488.jpg
    -> d:\GitHub\Smart-home\web Server\AI engine\results\result_002488.jpg
    Inference: 0.074s | FPS: 13.6 | Status: Success
[2306/2328] 002489.jpg
    -> d:\GitHub\Smart-home\web Server\AI engine\results\result_002489.jpg
    Inference: 0.074s | FPS: 13.6 | Status: Success
[2307/2328] 002490.jpg
    -> d:\GitHub\Smart-home\web Server\AI engine\results\result_002490.jpg
    Inference: 0.073s | FPS: 13.6 | Status: Success
[2308/2328] 002491.jpg
    -> d:\GitHub\Smart-home\web Server\AI engine\results\result_002491.jpg
    Inference: 0.073s | FPS: 13.7 | Status: Success
[2309/2328] 002492.jpg
    -> d:\GitHub\Smart-home\web Server\AI engine\results\result_002492.jpg
    Inference: 0.075s | FPS: 13.4 | Status: Success
[2310/2328] 002493.jpg
    -> d:\GitHub\Smart-home\web Server\AI engine\results\result_002493.jpg
    Inference: 0.076s | FPS: 13.1 | Status: Success
[2311/2328] 002494.jpg
    -> d:\GitHub\Smart-home\web Server\AI engine\results\result_002494.jpg
    Inference: 0.076s | FPS: 13.2 | Status: Success
[2312/2328] 002495.jpg
    -> d:\GitHub\Smart-home\web Server\AI engine\results\result_002495.jpg
    Inference: 0.073s | FPS: 13.7 | Status: Success
[2313/2328] 002496.jpg
    -> d:\GitHub\Smart-home\web Server\AI engine\results\result_002496.jpg
    Inference: 0.074s | FPS: 13.6 | Status: Success
[2314/2328] 002497.jpg
    -> d:\GitHub\Smart-home\web Server\AI engine\results\result_002497.jpg
    Inference: 0.074s | FPS: 13.5 | Status: Success
[2315/2328] 002498.jpg
    -> d:\GitHub\Smart-home\web Server\AI engine\results\result_002498.jpg
    Inference: 0.074s | FPS: 13.6 | Status: Success
[2316/2328] 002499.jpg
    -> d:\GitHub\Smart-home\web Server\AI engine\results\result_002499.jpg
    Inference: 0.076s | FPS: 13.2 | Status: Success
[2317/2328] 002500.jpg
    -> d:\GitHub\Smart-home\web Server\AI engine\results\result_002500.jpg
    Inference: 0.074s | FPS: 13.6 | Status: Success
[2318/2328] 002501.jpg
    -> d:\GitHub\Smart-home\web Server\AI engine\results\result_002501.jpg
    Inference: 0.074s | FPS: 13.5 | Status: Success
[2319/2328] 002502.jpg
    -> d:\GitHub\Smart-home\web Server\AI engine\results\result_002502.jpg
    Inference: 0.074s | FPS: 13.5 | Status: Success
[2320/2328] 002503.jpg
    -> d:\GitHub\Smart-home\web Server\AI engine\results\result_002503.jpg
    Inference: 0.079s | FPS: 12.7 | Status: Success
[2321/2328] 002504.jpg
    -> d:\GitHub\Smart-home\web Server\AI engine\results\result_002504.jpg
    Inference: 0.058s | FPS: 17.3 | Status: Success
[2322/2328] 002505.jpg
    -> d:\GitHub\Smart-home\web Server\AI engine\results\result_002505.jpg
    Inference: 0.071s | FPS: 14.2 | Status: Success
[2323/2328] 002506.jpg
    -> d:\GitHub\Smart-home\web Server\AI engine\results\result_002506.jpg
    Inference: 0.074s | FPS: 13.5 | Status: Success
[2324/2328] 002507.jpg
    -> d:\GitHub\Smart-home\web Server\AI engine\results\result_002507.jpg
    Inference: 0.072s | FPS: 13.9 | Status: Success
[2325/2328] 002508.jpg
    -> d:\GitHub\Smart-home\web Server\AI engine\results\result_002508.jpg
    Inference: 0.079s | FPS: 12.6 | Status: Success
[2326/2328] 002509.jpg
    -> d:\GitHub\Smart-home\web Server\AI engine\results\result_002509.jpg
    Inference: 0.070s | FPS: 14.3 | Status: Success
[2327/2328] 002510.jpg
    -> d:\GitHub\Smart-home\web Server\AI engine\results\result_002510.jpg
    Inference: 0.062s | FPS: 16.2 | Status: Success
[2328/2328] 002511.jpg
    -> d:\GitHub\Smart-home\web Server\AI engine\results\result_002511.jpg
    Inference: 0.060s | FPS: 16.6 | Status: Success

============================================================
SUMMARY
Processed images: 2328
Total time: 194.470s
Model load time: 0.040s
Inference total: 185.638s
Average inference: 0.080s/image
Average FPS: 12.5
Results saved in: d:\GitHub\Smart-home\web Server\AI engine\results
Log saved in: d:\GitHub\Smart-home\web Server\AI engine\log\run_20251114_171207.log
End time: 2025-11-14 17:15:22
============================================================

